season_from,season_to,unit_id,name_ko,name_en,tier_from,tier_to,steps,lift_from,lift_to,element,element_tier_from,element_tier_to,element_steps,element_lift_from,element_lift_to,overall_tier_from,overall_tier_to,overall_steps,overall_from,overall_to
1,2,102,맥스웰,Maxwell,SS,A,-2,1.987884,0.86837,,,,0,,,SS,S,-1,1.590307,1.142501
1,2,800,마키마,Makima,SS,D,-5,1.911919,0.08019,Water,,D,0,,0.08019,SS,SS,0,1.529535,1.545573
1,2,222,홍련,Scarlet,SS,S,-1,1.677542,1.292027,,,,0,,,SS,S,-1,1.677542,1.36913
1,2,232,노아,Noah,SS,C,-4,1.554315,0.253416,,,,0,,,S,B,-2,1.243452,0.723092
1,2,212,노벨,Novel,S,C,-3,1.312836,0.446611,,,,0,,,A,B,-1,1.050269,0.703779
1,2,221,라푼젤,Rapunzel,C,B,1,0.370994,0.599907,,,,0,,,C,C,0,0.296796,0.38836
1,2,220,스노우 화이트,Snow White,C,B,1,0.344674,0.535784,,,,0,,,C,C,0,0.275739,0.352183
1,2,231,이사벨,Isabel,C,D,-1,0.340398,0.008997,,,,0,,,C,D,-1,0.340398,0.075277
1,2,352,헬름,Helm,C,A,2,0.323339,0.835213,Water,,A,0,,0.835213,C,C,0,0.258671,0.425714
1,2,172,애드미,Admi,C,D,-1,0.304274,0.025374,,,,0,,,C,D,-1,0.243419,0.131859
1,2,230,하란,Harran,C,D,-1,0.291805,0.179503,,,,0,,,C,C,0,0.291805,0.201963
1,2,171,율하,Yulha,C,D,-1,0.283201,0.033425,,,,0,,,C,D,-1,0.226561,0.12665
1,2,032,미란다,Miranda,C,D,-1,0.255621,0.144068,,,,0,,,C,D,-1,0.204497,0.159876
1,2,121,앤 : 미라클 페어리,Anne: Miracle Fairy,C,D,-1,0.244711,0.058267,,,,0,,,D,D,0,0.195769,0.121191
1,2,072,디젤,Diesel,C,S,3,0.232451,1.187054,,,,0,,,D,B,2,0.185961,0.567802
1,2,080,센티,Centi,C,D,-1,0.222108,0.029531,,,,0,,,D,D,0,0.177687,0.100656
1,2,431,볼륨,Volume,D,B,2,0.178436,0.505247,,,,0,,,D,C,1,0.142749,0.273473
1,2,430,노이즈,Noise,D,B,2,0.175312,0.780579,,,,0,,,D,B,2,0.175312,0.659525
1,2,200,루피,Rupee,D,C,1,0.148749,0.204425,,,,0,,,D,D,0,0.118999,0.14127
1,2,101,드레이크,Drake,D,C,1,0.129657,0.299546,,,,0,,,D,D,0,0.103726,0.171681
1,2,030,폴리,Poli,D,C,1,0.10606,0.299859,Water,,C,0,,0.299859,D,D,0,0.084848,0.14482
1,2,432,아리아,Aria,D,C,1,0.055449,0.453117,Water,,C,0,,0.453117,D,D,0,0.044359,0.134983
1,2,091,베스티,Vesti,D,C,1,0.043085,0.43333,Water,,C,0,,0.43333,D,D,0,0.034468,0.121134
1,2,131,페퍼,Pepper,D,C,1,0.023764,0.462938,,,,0,,,D,D,0,0.019011,0.194681
1,2,070,브리드,Brid,D,C,1,0.005484,0.31909,Water,,C,0,,0.31909,D,D,0,0.004387,0.068205
1,2,111,자칼,Jackal,D,C,1,0.004516,0.257563,,,,0,,,D,D,0,0.003613,0.104832
2,3,233,도로시,Dorothy,SS,S,-1,1.888163,1.201389,Water,SS,SS,0,1.888163,1.52167,SS,SS,0,2.146856,2.073558
2,3,170,프리바티,Privaty,SS,S,-1,1.809225,1.197323,Water,SS,SS,0,1.809225,1.482687,SS,SS,0,2.081975,2.016668
2,3,222,홍련,Scarlet,S,A,-1,1.292027,0.972122,,,,0,,,S,S,0,1.36913,1.232558
2,3,072,디젤,Diesel,S,B,-2,1.187054,0.603882,,,,0,,,B,C,-1,0.567802,0.44332
2,3,102,맥스웰,Maxwell,A,S,1,0.86837,1.209281,,,,0,,,S,S,0,1.142501,1.215272
2,3,352,헬름,Helm,A,S,1,0.835213,1.195994,Water,A,A,0,0.835213,1.027742,C,C,0,0.425714,0.46422
2,3,430,노이즈,Noise,B,D,-2,0.780579,0.032631,,,,0,,,B,C,-1,0.659525,0.340215
2,3,220,스노우 화이트,Snow White,B,A,1,0.535784,0.876973,,,,0,,,C,C,0,0.352183,0.425013
2,3,431,볼륨,Volume,B,A,1,0.505247,0.875583,,,,0,,,C,C,0,0.273473,0.352524
2,3,432,아리아,Aria,C,D,-1,0.453117,0.187796,Water,C,C,0,0.453117,0.31153,D,D,0,0.134983,0.106665
2,3,212,노벨,Novel,C,S,3,0.446611,1.18423,,,,0,,,B,A,1,0.703779,0.861229
2,3,202,도라,Dolla,C,B,1,0.406882,0.713725,,,,0,,,C,C,0,0.340108,0.405606
2,3,070,브리드,Brid,C,D,-1,0.31909,0.19852,Water,C,C,0,0.31909,0.254749,D,D,0,0.068205,0.055337
2,3,101,드레이크,Drake,C,B,1,0.299546,0.528152,,,,0,,,D,C,1,0.171681,0.220479
2,3,111,자칼,Jackal,C,D,-1,0.257563,0.009839,,,,0,,,D,D,0,0.104832,0.051953
2,3,232,노아,Noah,C,D,-1,0.253416,0.004236,,,,0,,,B,B,0,0.723092,0.669903
2,3,190,루드밀라,Ludmilla,C,D,-1,0.246327,0.004483,Water,C,D,-1,0.246327,0.117269,C,C,0,0.340638,0.314827
2,3,200,루피,Rupee,C,D,-1,0.204425,0.085834,,,,0,,,D,D,0,0.14127,0.115955
2,3,230,하란,Harran,D,D,0,0.179503,0.022733,,,,0,,,C,D,-1,0.201963,0.135036
2,3,112,바이퍼,Viper,D,C,1,0.173403,0.227812,Water,D,C,1,0.173403,0.202438,D,D,0,0.063149,0.068957
2,3,032,미란다,Miranda,D,B,2,0.144068,0.602182,,,,0,,,D,C,1,0.159876,0.257664
2,3,400,길티,Guilty,D,C,1,0.064312,0.301648,,,,0,,,D,D,0,0.073288,0.12395
2,3,140,슈가,Sugar,D,C,1,0.05298,0.239354,Water,D,D,0,0.05298,0.152437,D,D,0,0.031176,0.070959
2,3,171,율하,Yulha,D,B,2,0.033425,0.588851,,,,0,,,D,C,1,0.12665,0.24521
2,3,180,길로틴,Guillotine,D,C,1,0.002379,0.415768,,,,0,,,D,D,0,0.018297,0.194779
3,4,270,블랑,Blanc,SS,S,-1,1.701918,1.354493,,,,0,,,SS,S,-1,1.432073,1.257833
3,4,271,누아르,Noir,SS,S,-1,1.701918,1.354493,,,,0,,,SS,S,-1,1.432073,1.257833
3,4,082,리타,Liter,SS,S,-1,1.699438,1.357465,,,,0,,,S,S,0,1.340495,1.259236
3,4,260,모더니아,Modernia,SS,S,-1,1.696264,1.33648,,,,0,,,S,S,0,1.31963,1.233804
3,4,191,앨리스,Alice,SS,S,-1,1.681091,1.189451,,,,0,,,SS,S,-1,1.598865,1.363399
3,4,102,맥스웰,Maxwell,S,S,0,1.209281,1.203465,,,,0,,,S,A,-1,1.215272,1.031178
3,4,352,헬름,Helm,S,B,-2,1.195994,0.792008,,,,0,,,C,B,1,0.46422,0.684202
3,4,212,노벨,Novel,S,A,-1,1.18423,1.075426,,,,0,,,A,A,0,0.861229,0.805512
3,4,222,홍련,Scarlet,A,S,1,0.972122,1.106552,Electric,SS,S,-1,1.677542,1.34253,S,S,0,1.232558,1.165555
3,4,220,스노우 화이트,Snow White,A,A,0,0.876973,0.815093,,,,0,,,C,B,1,0.425013,0.535414
3,4,431,볼륨,Volume,A,A,0,0.875583,1.044944,,,,0,,,C,B,1,0.352524,0.555884
3,4,221,라푼젤,Rapunzel,B,D,-2,0.727632,0.18922,,,,0,,,C,C,0,0.415624,0.372964
3,4,072,디젤,Diesel,B,D,-2,0.603882,0.065263,,,,0,,,C,C,0,0.44332,0.404083
3,4,101,드레이크,Drake,B,C,-1,0.528152,0.419263,,,,0,,,C,C,0,0.220479,0.288446
3,4,132,메어리 : 베이 갓데스,Mary: Bay Goddess,C,D,-1,0.421195,0.034895,,,,0,,,C,D,-1,0.421195,0.112155
3,4,180,길로틴,Guillotine,C,A,2,0.415768,0.914684,Electric,D,B,2,0.08197,0.57054,D,C,1,0.194779,0.292493
3,4,091,베스티,Vesti,C,D,-1,0.371386,0.049395,,,,0,,,D,D,0,0.114522,0.117484
3,4,030,폴리,Poli,C,B,1,0.340967,0.629497,,,,0,,,D,C,1,0.149207,0.394896
3,4,400,길티,Guilty,C,D,-1,0.301648,0.060522,,,,0,,,D,D,0,0.12395,0.110247
3,4,100,라플라스,Laplace,C,D,-1,0.292249,0.182499,,,,0,,,C,C,0,0.25891,0.226417
3,4,131,페퍼,Pepper,C,C,0,0.253368,0.264724,,,,0,,,D,C,1,0.149946,0.206497
3,4,140,슈가,Sugar,C,D,-1,0.239354,0.169365,,,,0,,,D,D,0,0.070959,0.124723
3,4,112,바이퍼,Viper,C,D,-1,0.227812,0.003078,,,,0,,,D,D,0,0.068957,0.053698
3,4,430,노이즈,Noise,D,B,2,0.032631,0.690259,Electric,D,C,1,0.175312,0.477442,C,C,0,0.340215,0.400641
3,4,231,이사벨,Isabel,D,D,0,0.029135,0.072149,Electric,C,D,-1,0.340398,0.183011,D,D,0,0.083874,0.052397
3,4,381,비스킷,Biscuit,D,B,2,0.023768,0.534603,Electric,D,C,1,0.195607,0.394503,D,D,0,0.121571,0.16135
3,4,230,하란,Harran,D,D,0,0.022733,0.000987,Electric,C,D,-1,0.291805,0.121176,D,D,0,0.135036,0.10091
3,4,121,앤 : 미라클 페어리,Anne: Miracle Fairy,D,C,1,0.016461,0.277386,,,,0,,,D,D,0,0.112267,0.119936
3,4,190,루드밀라,Ludmilla,D,D,0,0.004483,0.00523,,,,0,,,C,D,-1,0.314827,0.146327
3,4,232,노아,Noah,D,D,0,0.004236,0.002732,,,,0,,,B,C,-1,0.669903,0.305765
3,4,800,마키마,Makima,D,D,0,0.003369,0.002987,,,,0,,,SS,B,-3,1.537374,0.641366
4,5,082,리타,Liter,S,SS,1,1.357465,1.699362,,,,0,,,S,S,0,1.259236,1.292654
4,5,270,블랑,Blanc,S,SS,1,1.354493,1.697389,,,,0,,,S,S,0,1.257833,1.291193
4,5,271,누아르,Noir,S,SS,1,1.354493,1.697389,,,,0,,,S,S,0,1.257833,1.291193
4,5,260,모더니아,Modernia,S,S,0,1.33648,1.188066,Fire,,S,0,,1.188066,S,SS,1,1.233804,1.471417
4,5,015,아니스 : 스파클링 서머,Anis: Sparkling Summer,S,A,-1,1.246238,0.810435,,,,0,,,S,A,-1,1.246238,0.897596
4,5,191,앨리스,Alice,S,SS,1,1.189451,1.698195,Fire,,SS,0,,1.698195,S,SS,1,1.363399,1.703038
4,5,222,홍련,Scarlet,S,B,-2,1.106552,0.65283,,,,0,,,S,A,-1,1.165555,0.978163
4,5,212,노벨,Novel,A,S,1,1.075426,1.163482,,,,0,,,A,A,0,0.805512,0.84727
4,5,180,길로틴,Guillotine,A,C,-2,0.914684,0.388067,,,,0,,,C,C,0,0.292493,0.358527
4,5,220,스노우 화이트,Snow White,A,B,-1,0.815093,0.637909,,,,0,,,B,B,0,0.535414,0.527052
4,5,032,미란다,Miranda,B,B,0,0.783097,0.632771,Fire,,B,0,,0.632771,C,B,1,0.381456,0.50801
4,5,350,마스트,Mast,B,C,-1,0.700339,0.491146,,,,0,,,B,B,0,0.700339,0.532984
4,5,030,폴리,Poli,B,D,-2,0.629497,0.07744,,,,0,,,C,C,0,0.394896,0.260604
4,5,381,비스킷,Biscuit,B,B,0,0.534603,0.554846,,,,0,,,D,C,1,0.16135,0.342064
4,5,353,헬름 : 아쿠아마린,Helm: Aquamarine,B,C,-1,0.519381,0.4643,,,,0,,,C,C,0,0.415504,0.393472
4,5,101,드레이크,Drake,C,D,-1,0.419263,0.130367,Fire,,D,0,,0.130367,C,C,0,0.288446,0.314519
4,5,121,앤 : 미라클 페어리,Anne: Miracle Fairy,C,D,-1,0.277386,0.004829,,,,0,,,D,D,0,0.119936,0.081245
4,5,131,페퍼,Pepper,C,D,-1,0.264724,0.04693,,,,0,,,C,D,-1,0.206497,0.150179
4,5,221,라푼젤,Rapunzel,D,C,1,0.18922,0.456144,,,,0,,,C,C,0,0.372964,0.370281
4,5,100,라플라스,Laplace,D,D,0,0.182499,0.022147,,,,0,,,C,D,-1,0.226417,0.156851
4,5,111,자칼,Jackal,D,C,1,0.056191,0.33695,,,,0,,,D,D,0,0.064081,0.132574
4,5,800,마키마,Makima,D,D,0,0.002987,0.0,,,,0,,,B,C,-1,0.641366,0.324603
4,5,261,니힐리스타,Nihilister,D,C,1,0.0,0.44129,Fire,,C,0,,0.44129,D,D,0,0.004368,0.092626
5,6,082,리타,Liter,SS,S,-1,1.699362,1.310915,,,,0,,,S,S,0,1.292654,1.231674
5,6,191,앨리스,Alice,SS,S,-1,1.698195,1.280362,,,,0,,,SS,SS,0,1.703038,1.590001
5,6,270,블랑,Blanc,SS,S,-1,1.697389,1.310915,Wind,,S,0,,1.310915,S,SS,1,1.291193,1.553376
5,6,271,누아르,Noir,SS,S,-1,1.697389,1.310915,Wind,,S,0,,1.310915,S,SS,1,1.291193,1.553376
5,6,811,A2,A2,SS,B,-3,1.557001,0.577803,,,,0,,,SS,B,-3,1.557001,0.773643
5,6,102,맥스웰,Maxwell,S,A,-1,1.28416,1.049545,,,,0,,,A,A,0,1.029895,0.98233
5,6,260,모더니아,Modernia,S,A,-1,1.188066,1.077474,,,,0,,,SS,S,-1,1.471417,1.347475
5,6,233,도로시,Dorothy,S,A,-1,1.1685,1.071969,,,,0,,,SS,S,-1,1.430917,1.341248
5,6,170,프리바티,Privaty,S,A,-1,1.164573,1.061335,,,,0,,,SS,S,-1,1.410216,1.322012
5,6,212,노벨,Novel,S,A,-1,1.163482,1.011303,,,,0,,,A,A,0,0.84727,0.837713
5,6,431,볼륨,Volume,A,S,1,0.851495,1.113853,Wind,,S,0,,1.113853,B,A,1,0.597654,0.820425
5,6,352,헬름,Helm,B,C,-1,0.658453,0.477105,,,,0,,,B,B,0,0.708256,0.667915
5,6,222,홍련,Scarlet,B,A,1,0.65283,0.870812,,,,0,,,A,A,0,0.978163,0.973827
5,6,220,스노우 화이트,Snow White,B,S,2,0.637909,1.126246,,,,0,,,B,B,0,0.527052,0.620538
5,6,202,도라,Dolla,B,B,0,0.635422,0.778327,Wind,,B,0,,0.778327,C,B,1,0.491267,0.646933
5,6,430,노이즈,Noise,B,D,-2,0.59189,0.018088,,,,0,,,C,C,0,0.484821,0.359867
5,6,381,비스킷,Biscuit,B,D,-2,0.554846,0.052571,,,,0,,,C,C,0,0.342064,0.268361
5,6,171,율하,Yulha,B,B,0,0.519263,0.637102,,,,0,,,C,B,1,0.460297,0.511376
5,6,350,마스트,Mast,C,B,1,0.491146,0.567888,,,,0,,,B,B,0,0.532984,0.563681
5,6,353,헬름 : 아쿠아마린,Helm: Aquamarine,C,B,1,0.4643,0.649234,,,,0,,,C,C,0,0.393472,0.435444
5,6,221,라푼젤,Rapunzel,C,D,-1,0.456144,0.007293,,,,0,,,C,C,0,0.370281,0.279169
5,6,261,니힐리스타,Nihilister,C,D,-1,0.44129,0.0,,,,0,,,D,D,0,0.092626,0.09117
5,6,180,길로틴,Guillotine,C,A,2,0.388067,0.847665,,,,0,,,C,B,1,0.358527,0.503098
5,6,111,자칼,Jackal,C,D,-1,0.33695,0.053536,,,,0,,,D,D,0,0.132574,0.110138
5,6,101,드레이크,Drake,D,C,1,0.130367,0.234538,,,,0,,,C,C,0,0.314519,0.280914
5,6,131,페퍼,Pepper,D,B,2,0.04693,0.604725,Wind,,B,0,,0.604725,D,C,1,0.150179,0.271124
5,6,400,길티,Guilty,D,B,2,0.003331,0.709859,Wind,,B,0,,0.709859,D,C,1,0.074386,0.216358
6,7,082,리타,Liter,S,SS,1,1.310915,1.92159,Iron,,SS,0,,1.92159,S,SS,1,1.231674,1.615992
6,7,270,블랑,Blanc,S,A,-1,1.310915,0.950086,,,,0,,,SS,SS,0,1.553376,1.420595
6,7,271,누아르,Noir,S,A,-1,1.310915,0.950086,,,,0,,,SS,SS,0,1.553376,1.420595
6,7,191,앨리스,Alice,S,SS,1,1.280362,1.665897,,,,0,,,SS,SS,0,1.590001,1.61059
6,7,220,스노우 화이트,Snow White,S,S,0,1.126246,1.171216,Iron,,S,0,,1.171216,B,A,1,0.620538,0.854781
6,7,450,나가,Naga,S,SS,1,1.123934,1.966471,,,,0,,,A,S,1,0.899147,1.236162
6,7,451,티아,Tia,S,SS,1,1.123934,1.966471,Iron,,SS,0,,1.966471,A,S,1,0.899147,1.292441
6,7,431,볼륨,Volume,S,A,-1,1.113853,1.001498,,,,0,,,A,A,0,0.820425,0.871311
6,7,233,도로시,Dorothy,A,B,-1,1.071969,0.554358,,,,0,,,S,S,0,1.341248,1.192891
6,7,170,프리바티,Privaty,A,B,-1,1.061335,0.554179,,,,0,,,S,S,0,1.322012,1.176479
6,7,102,맥스웰,Maxwell,A,S,1,1.049545,1.25066,Iron,,S,0,,1.25066,A,S,1,0.98233,1.232462
6,7,212,노벨,Novel,A,D,-3,1.011303,0.140459,Iron,,D,0,,0.140459,A,A,0,0.837713,0.865805
6,7,015,아니스 : 스파클링 서머,Anis: Sparkling Summer,A,B,-1,1.003293,0.554142,,,,0,,,A,A,0,0.974739,0.88068
6,7,222,홍련,Scarlet,A,C,-2,0.870812,0.427282,,,,0,,,A,A,0,0.973827,0.882953
6,7,180,길로틴,Guillotine,A,D,-3,0.847665,0.09049,,,,0,,,B,C,-1,0.503098,0.423949
6,7,202,도라,Dolla,B,C,-1,0.778327,0.313869,,,,0,,,B,B,0,0.646933,0.58689
6,7,032,미란다,Miranda,B,S,2,0.73291,1.161554,,,,0,,,B,B,0,0.576301,0.696175
6,7,400,길티,Guilty,B,D,-2,0.709859,0.0,,,,0,,,C,D,-1,0.216358,0.197762
6,7,810,2B,2B,B,C,-1,0.674032,0.284876,,,,0,,,B,B,0,0.689484,0.533821
6,7,353,헬름 : 아쿠아마린,Helm: Aquamarine,B,S,2,0.649234,1.159644,Iron,,S,0,,1.159644,C,B,1,0.435444,0.667373
6,7,171,율하,Yulha,B,S,2,0.637102,1.142742,,,,0,,,B,B,0,0.511376,0.638043
6,7,131,페퍼,Pepper,B,D,-2,0.604725,0.038458,,,,0,,,C,C,0,0.271124,0.241271
6,7,811,A2,A2,B,D,-2,0.577803,0.168081,,,,0,,,B,B,0,0.773643,0.609754
6,7,350,마스트,Mast,B,D,-2,0.567888,0.103684,,,,0,,,B,C,-1,0.563681,0.450126
6,7,352,헬름,Helm,C,S,3,0.477105,1.159031,,,,0,,,B,B,0,0.667915,0.78413
6,7,101,드레이크,Drake,C,D,-1,0.234538,0.015011,,,,0,,,C,C,0,0.280914,0.220206
6,7,030,폴리,Poli,D,C,1,0.06004,0.248699,,,,0,,,C,C,0,0.2112,0.224229
6,7,381,비스킷,Biscuit,D,C,1,0.052571,0.36536,,,,0,,,C,C,0,0.268361,0.294068
6,7,132,메어리 : 베이 갓데스,Mary: Bay Goddess,D,C,1,0.043904,0.226556,,,,0,,,D,D,0,0.139221,0.170787
6,7,232,노아,Noah,D,D,0,0.0,0.0,,,,0,,,C,D,-1,0.203843,0.152882
6,7,321,마르차나,Marciana,D,C,1,0.0,0.217229,Iron,,C,0,,0.217229,D,D,0,0.0,0.043446
6,7,800,마키마,Makima,D,D,0,0.0,0.0,,,,0,,,C,D,-1,0.219015,0.166221
7,8,451,티아,Tia,SS,SS,0,1.966471,1.53613,,,,0,,,S,SS,1,1.292441,1.45732
7,8,470,레드 후드,Red Hood,SS,A,-2,1.963341,0.802232,,,,0,,,SS,A,-2,1.963341,1.034454
7,8,191,앨리스,Alice,SS,A,-2,1.665897,1.010935,,,,0,,,SS,SS,0,1.61059,1.532633
7,8,102,맥스웰,Maxwell,S,SS,1,1.25066,1.505536,,,,0,,,S,S,0,1.232462,1.277189
7,8,220,스노우 화이트,Snow White,S,B,-2,1.171216,0.750385,,,,0,,,A,A,0,0.854781,0.857977
7,8,032,미란다,Miranda,S,B,-2,1.161554,0.74315,,,,0,,,B,B,0,0.696175,0.731016
7,8,353,헬름 : 아쿠아마린,Helm: Aquamarine,S,B,-2,1.159644,0.54505,,,,0,,,B,B,0,0.667373,0.667522
7,8,352,헬름,Helm,S,C,-3,1.159031,0.497677,Water,A,B,-1,1.027742,0.767347,B,B,0,0.78413,0.732051
7,8,171,율하,Yulha,S,B,-2,1.142742,0.648674,,,,0,,,B,B,0,0.638043,0.66937
7,8,270,블랑,Blanc,A,A,0,0.950086,1.044202,,,,0,,,SS,S,-1,1.420595,1.347311
7,8,271,누아르,Noir,A,A,0,0.950086,1.044202,,,,0,,,SS,S,-1,1.420595,1.347311
7,8,233,도로시,Dorothy,B,A,1,0.554358,0.929816,Water,SS,S,-1,1.52167,1.230921,S,S,0,1.192891,1.134741
7,8,170,프리바티,Privaty,B,A,1,0.554179,0.929816,Water,SS,S,-1,1.482687,1.211089,S,S,0,1.176479,1.12216
7,8,015,아니스 : 스파클링 서머,Anis: Sparkling Summer,B,A,1,0.554142,0.929816,,,,0,,,A,A,0,0.88068,0.908785
7,8,222,홍련,Scarlet,C,B,1,0.427282,0.586934,,,,0,,,A,A,0,0.882953,0.830451
7,8,381,비스킷,Biscuit,C,A,2,0.36536,0.926444,,,,0,,,C,C,0,0.294068,0.374966
7,8,202,도라,Dolla,C,B,1,0.313869,0.754986,,,,0,,,B,B,0,0.58689,0.605003
7,8,810,2B,2B,C,C,0,0.284876,0.260873,,,,0,,,B,C,-1,0.533821,0.475533
7,8,030,폴리,Poli,C,A,2,0.248699,0.876673,Water,C,B,1,0.321796,0.59438,C,C,0,0.224229,0.278746
7,8,132,메어리 : 베이 갓데스,Mary: Bay Goddess,C,D,-1,0.226556,0.026274,Water,C,D,-1,0.421195,0.166843,D,D,0,0.170787,0.119916
7,8,321,마르차나,Marciana,C,D,-1,0.217229,0.010966,,,,0,,,D,D,0,0.043446,0.047832
7,8,212,노벨,Novel,D,C,1,0.140459,0.436957,,,,0,,,A,A,0,0.865805,0.826182
7,8,101,드레이크,Drake,D,D,0,0.015011,0.011706,,,,0,,,C,D,-1,0.220206,0.17994
7,8,432,아리아,Aria,D,D,0,0.013628,0.006194,Water,C,D,-1,0.31153,0.161534,D,D,0,0.070349,0.04035
7,8,070,브리드,Brid,D,D,0,0.0,0.002888,Water,C,D,-1,0.254749,0.131022,D,D,0,0.05254,0.027795
7,8,072,디젤,Diesel,D,D,0,0.0,0.0,,,,0,,,C,D,-1,0.207083,0.121031
7,8,112,바이퍼,Viper,D,D,0,0.0,0.03419,Water,C,D,-1,0.202438,0.119786,D,D,0,0.04379,0.02726
8,9,194,루드밀라 : 윈터 오너,Ludmilla: Winter Owner,SS,B,-3,1.53613,0.618717,,,,0,,,SS,A,-2,1.53613,0.8022
8,9,102,맥스웰,Maxwell,SS,B,-3,1.505536,0.659632,,,,0,,,S,S,0,1.277189,1.231946
8,9,431,볼륨,Volume,A,A,0,1.078848,1.01502,Wind,S,A,-1,1.113853,1.056513,A,A,0,0.90825,0.896782
8,9,191,앨리스,Alice,A,SS,2,1.010935,2.156354,,,,0,,,SS,SS,0,1.532633,1.634277
8,9,015,아니스 : 스파클링 서머,Anis: Sparkling Summer,A,B,-1,0.929816,0.737106,,,,0,,,A,A,0,0.908785,0.877898
8,9,170,프리바티,Privaty,A,B,-1,0.929816,0.743112,,,,0,,,S,A,-1,1.12216,1.085235
8,9,233,도로시,Dorothy,A,B,-1,0.929816,0.743112,,,,0,,,S,A,-1,1.134741,1.096583
8,9,381,비스킷,Biscuit,A,D,-3,0.926444,0.044562,,,,0,,,C,C,0,0.374966,0.374036
8,9,030,폴리,Poli,A,D,-3,0.876673,0.051578,,,,0,,,C,C,0,0.278746,0.277764
8,9,220,스노우 화이트,Snow White,B,C,-1,0.750385,0.483244,,,,0,,,A,B,-1,0.857977,0.783367
8,9,032,미란다,Miranda,B,C,-1,0.74315,0.482388,,,,0,,,B,B,0,0.731016,0.701947
8,9,171,율하,Yulha,B,C,-1,0.648674,0.471803,,,,0,,,B,B,0,0.66937,0.65019
8,9,062,미카 : 스노우 버디,Mica: Snow Buddy,B,D,-2,0.50523,0.01661,,,,0,,,C,C,0,0.404184,0.208736
8,9,212,노벨,Novel,C,C,0,0.436957,0.446534,,,,0,,,A,B,-1,0.826182,0.76065
8,9,810,2B,2B,C,D,-1,0.260873,0.071164,,,,0,,,C,C,0,0.475533,0.382262
8,9,131,페퍼,Pepper,D,D,0,0.086438,0.016894,Wind,B,C,-1,0.604725,0.263683,C,D,-1,0.215268,0.147059
8,9,132,메어리 : 베이 갓데스,Mary: Bay Goddess,D,B,2,0.026274,0.569199,,,,0,,,D,D,0,0.119916,0.180868
8,9,811,A2,A2,D,D,0,0.011178,0.006486,,,,0,,,B,C,-1,0.513283,0.424894
8,9,321,마르차나,Marciana,D,B,2,0.010966,0.699315,,,,0,,,D,C,1,0.047832,0.210121
8,9,400,길티,Guilty,D,D,0,0.00182,0.003494,Wind,B,C,-1,0.709859,0.300048,D,D,0,0.179178,0.097216
9,10,191,앨리스,Alice,SS,S,-1,2.156354,1.274586,,,,0,,,SS,SS,0,1.634277,1.598507
9,10,225,홍련 : 흑영,Scarlet: Black Shadow,SS,S,-1,2.156354,1.274586,,,,0,,,SS,SS,0,2.156354,1.45094
9,10,450,나가,Naga,SS,S,-1,2.156354,1.275818,Electric,,S,0,,1.275818,S,SS,1,1.39347,1.648634
9,10,451,티아,Tia,SS,S,-1,2.156354,1.275818,,,,0,,,SS,SS,0,1.696911,1.60259
9,10,082,리타,Liter,SS,S,-1,2.154781,1.276223,,,,0,,,SS,SS,0,1.699395,1.675042
9,10,470,레드 후드,Red Hood,A,A,0,0.952388,0.99566,,,,0,,,A,S,1,1.094516,1.126076
9,10,170,프리바티,Privaty,B,S,2,0.743112,1.153888,,,,0,,,A,A,0,1.085235,1.034678
9,10,233,도로시,Dorothy,B,S,2,0.743112,1.157051,,,,0,,,A,A,0,1.096583,1.043293
9,10,015,아니스 : 스파클링 서머,Anis: Sparkling Summer,B,S,2,0.737106,1.157051,Electric,S,S,0,1.246238,1.186552,A,A,0,0.877898,0.865961
9,10,222,홍련,Scarlet,B,A,1,0.724896,1.044895,Electric,S,S,0,1.34253,1.180983,A,B,-1,0.813519,0.78121
9,10,102,맥스웰,Maxwell,B,C,-1,0.659632,0.261592,,,,0,,,S,A,-1,1.231946,1.094511
9,10,132,메어리 : 베이 갓데스,Mary: Bay Goddess,B,D,-2,0.569199,0.105371,,,,0,,,D,D,0,0.180868,0.190301
9,10,353,헬름 : 아쿠아마린,Helm: Aquamarine,B,D,-2,0.503404,0.105028,,,,0,,,B,B,0,0.6506,0.595141
9,10,220,스노우 화이트,Snow White,C,D,-1,0.483244,0.128236,,,,0,,,B,B,0,0.783367,0.729911
9,10,171,율하,Yulha,C,D,-1,0.471803,0.0,,,,0,,,B,B,0,0.65019,0.589261
9,10,212,노벨,Novel,C,D,-1,0.446534,0.121721,,,,0,,,B,B,0,0.76065,0.646471
9,10,352,헬름,Helm,C,D,-1,0.429715,0.10388,,,,0,,,B,B,0,0.726552,0.672879
9,10,810,2B,2B,D,C,1,0.071164,0.230079,,,,0,,,C,C,0,0.382262,0.370277
9,10,030,폴리,Poli,D,C,1,0.051578,0.326265,,,,0,,,C,C,0,0.277764,0.26833
9,10,430,노이즈,Noise,D,C,1,0.046046,0.419269,Electric,C,C,0,0.477442,0.445867,C,C,0,0.269719,0.263404
9,10,381,비스킷,Biscuit,D,S,4,0.044562,1.136009,Electric,C,B,1,0.394503,0.796969,C,C,0,0.374036,0.45453
9,10,062,미카 : 스노우 버디,Mica: Snow Buddy,D,C,1,0.01661,0.345105,,,,0,,,C,C,0,0.208736,0.231185
9,10,180,길로틴,Guillotine,D,B,2,0.011389,0.617126,Electric,B,B,0,0.57054,0.595826,C,C,0,0.320655,0.325712
9,10,350,마스트,Mast,D,A,3,0.006577,0.81833,Electric,B,B,0,0.700339,0.779302,C,C,0,0.330798,0.346591
9,10,192,토브,Tove,D,B,2,0.0,0.689599,,,,0,,,D,C,1,0.000364,0.276204
10,11,450,나가,Naga,S,SS,1,1.275818,1.927054,,,,0,,,SS,SS,0,1.648634,1.685677
10,11,451,티아,Tia,S,SS,1,1.275818,1.927054,,,,0,,,SS,SS,0,1.60259,1.685677
10,11,191,앨리스,Alice,S,SS,1,1.274586,1.933586,Fire,SS,SS,0,1.698195,1.854315,SS,SS,0,1.598507,1.629731
10,11,225,홍련 : 흑영,Scarlet: Black Shadow,S,A,-1,1.274586,0.830093,,,,0,,,SS,S,-1,1.45094,1.273143
10,11,015,아니스 : 스파클링 서머,Anis: Sparkling Summer,S,B,-2,1.157051,0.526402,,,,0,,,A,A,0,0.865961,0.828285
10,11,233,도로시,Dorothy,S,B,-2,1.157051,0.562436,,,,0,,,A,A,0,1.043293,0.9629
10,11,170,프리바티,Privaty,S,B,-2,1.153888,0.558769,,,,0,,,A,A,0,1.034678,0.95432
10,11,381,비스킷,Biscuit,S,B,-2,1.136009,0.518364,,,,0,,,C,C,0,0.45453,0.44969
10,11,270,블랑,Blanc,A,S,1,1.047023,1.339675,,,,0,,,S,S,0,1.271641,1.224191
10,11,271,누아르,Noir,A,S,1,1.047023,1.339675,,,,0,,,S,S,0,1.271641,1.224191
10,11,431,볼륨,Volume,A,B,-1,1.045385,0.636374,,,,0,,,A,A,0,0.935704,0.907169
10,11,222,홍련,Scarlet,A,C,-2,1.044895,0.483425,,,,0,,,B,B,0,0.78121,0.758739
10,11,470,레드 후드,Red Hood,A,SS,2,0.99566,1.412814,,,,0,,,S,S,0,1.126076,1.225287
10,11,260,모더니아,Modernia,A,S,1,0.847941,1.32783,Fire,S,S,0,1.188066,1.280763,S,S,0,1.119094,1.137634
10,11,350,마스트,Mast,A,B,-1,0.81833,0.574717,,,,0,,,C,C,0,0.346591,0.357676
10,11,313,프리바티 : 언카인드 메이드,Privaty: Unkind Maid,B,D,-2,0.721453,0.000542,,,,0,,,B,D,-2,0.721453,0.144724
10,11,192,토브,Tove,B,D,-2,0.689599,0.000542,,,,0,,,C,D,-1,0.276204,0.184402
10,11,382,레오나,Leona,B,D,-2,0.660833,0.0,,,,0,,,B,C,-1,0.528667,0.264333
10,11,321,마르차나,Marciana,B,D,-2,0.635135,0.094036,,,,0,,,C,C,0,0.323932,0.272618
10,11,194,루드밀라 : 윈터 오너,Ludmilla: Winter Owner,B,B,0,0.623213,0.535463,,,,0,,,A,B,-1,0.803998,0.781197
10,11,180,길로틴,Guillotine,B,D,-2,0.617126,0.005683,,,,0,,,C,C,0,0.325712,0.27499
10,11,202,도라,Dolla,B,C,-1,0.504589,0.214869,,,,0,,,B,B,0,0.567514,0.511729
10,11,062,미카 : 스노우 버디,Mica: Snow Buddy,C,D,-1,0.345105,0.0,,,,0,,,C,D,-1,0.231185,0.173389
10,11,030,폴리,Poli,C,D,-1,0.326265,0.0,,,,0,,,C,C,0,0.26833,0.258058
10,11,102,맥스웰,Maxwell,C,SS,4,0.261592,1.543555,,,,0,,,A,S,1,1.094511,1.128919
10,11,032,미란다,Miranda,C,D,-1,0.245541,0.161358,Fire,B,C,-1,0.632771,0.320113,B,B,0,0.667257,0.604726
10,11,810,2B,2B,C,B,1,0.230079,0.601849,Fire,B,B,0,0.751289,0.652175,C,C,0,0.370277,0.350454
10,11,212,노벨,Novel,D,C,1,0.121721,0.243632,,,,0,,,B,B,0,0.646471,0.524456
10,11,352,헬름,Helm,D,B,2,0.10388,0.574869,,,,0,,,B,B,0,0.672879,0.661792
10,11,282,사쿠라,Sakura,D,C,1,0.056286,0.324946,Fire,D,C,1,0.0681,0.238449,D,D,0,0.040978,0.075048
10,11,221,라푼젤,Rapunzel,D,D,0,0.028451,0.045179,,,,0,,,C,D,-1,0.21281,0.158297
10,11,171,율하,Yulha,D,D,0,0.0,0.077585,Fire,B,C,-1,0.519263,0.226327,B,B,0,0.589261,0.530673
10,11,261,니힐리스타,Nihilister,D,C,1,0.0,0.446799,Fire,C,C,0,0.44129,0.444944,D,D,0,0.092704,0.093435
10,11,811,A2,A2,D,D,0,0.0,0.004569,Fire,SS,B,-3,1.557001,0.527374,C,D,-1,0.39652,0.190595
11,12,191,앨리스,Alice,SS,S,-1,1.933586,1.238708,,,,0,,,SS,SS,0,1.629731,1.614584
11,12,102,맥스웰,Maxwell,SS,A,-2,1.543555,1.085696,,,,0,,,S,S,0,1.128919,1.112709
11,12,270,블랑,Blanc,S,A,-1,1.339675,0.806922,,,,0,,,S,S,0,1.224191,1.17108
11,12,271,누아르,Noir,S,A,-1,1.339675,0.806922,,,,0,,,S,S,0,1.224191,1.17108
11,12,260,모더니아,Modernia,S,A,-1,1.32783,0.820677,,,,0,,,S,A,-1,1.137634,1.094694
11,12,225,홍련 : 흑영,Scarlet: Black Shadow,A,S,1,0.830093,1.229522,,,,0,,,S,S,0,1.273143,1.320391
11,12,810,2B,2B,B,D,-2,0.601849,0.046453,,,,0,,,C,C,0,0.350454,0.324459
11,12,352,헬름,Helm,B,C,-1,0.574869,0.493779,Water,B,B,0,0.767347,0.649556,B,B,0,0.661792,0.638233
11,12,350,마스트,Mast,B,D,-2,0.574717,0.01027,,,,0,,,C,C,0,0.357676,0.344787
11,12,233,도로시,Dorothy,B,A,1,0.562436,0.923132,Water,S,A,-1,1.230921,1.098395,A,A,0,0.9629,0.936395
11,12,170,프리바티,Privaty,B,A,1,0.558769,0.923132,Water,S,A,-1,1.211089,1.087102,A,A,0,0.95432,0.929523
11,12,194,루드밀라 : 윈터 오너,Ludmilla: Winter Owner,B,SS,3,0.535463,1.454111,Water,SS,SS,0,1.53613,1.486411,B,B,0,0.781197,0.771254
11,12,015,아니스 : 스파클링 서머,Anis: Sparkling Summer,B,A,1,0.526402,0.923132,,,,0,,,A,A,0,0.828285,0.827474
11,12,381,비스킷,Biscuit,B,A,1,0.518364,0.915872,,,,0,,,C,C,0,0.44969,0.484853
11,12,261,니힐리스타,Nihilister,C,D,-1,0.446799,0.0,,,,0,,,D,D,0,0.093435,0.093412
11,12,430,노이즈,Noise,C,D,-1,0.379928,0.007662,,,,0,,,C,C,0,0.235288,0.215124
11,12,282,사쿠라,Sakura,C,D,-1,0.324946,0.002073,,,,0,,,D,D,0,0.075048,0.068758
11,12,212,노벨,Novel,C,D,-1,0.243632,0.071017,,,,0,,,B,C,-1,0.524456,0.475275
11,12,202,도라,Dolla,C,C,0,0.214869,0.45716,,,,0,,,B,C,-1,0.511729,0.494159
11,12,220,스노우 화이트,Snow White,D,C,1,0.191049,0.490152,,,,0,,,B,B,0,0.670636,0.649651
11,12,032,미란다,Miranda,D,C,1,0.161358,0.270165,,,,0,,,B,B,0,0.604726,0.57953
11,12,500,일레그,Elegg,D,B,2,0.113985,0.637624,,,,0,,,D,C,1,0.091188,0.300644
11,12,171,율하,Yulha,D,C,1,0.077585,0.269545,,,,0,,,B,B,0,0.530673,0.511994
11,12,353,헬름 : 아쿠아마린,Helm: Aquamarine,D,D,0,0.002828,0.010269,,,,0,,,B,C,-1,0.533928,0.469093
11,12,030,폴리,Poli,D,C,1,0.0,0.271513,Water,B,C,-1,0.59438,0.455362,C,C,0,0.258058,0.230254
11,12,091,베스티,Vesti,D,D,0,0.0,0.018664,Water,C,D,-1,0.215215,0.130585,D,D,0,0.048913,0.031987
12,13,194,루드밀라 : 윈터 오너,Ludmilla: Winter Owner,SS,A,-2,1.454111,1.071683,,,,0,,,B,A,1,0.771254,0.867097
12,13,450,나가,Naga,SS,A,-2,1.452181,1.075684,,,,0,,,SS,SS,0,1.6755,1.557493
12,13,451,티아,Tia,SS,A,-2,1.452181,1.075684,Iron,SS,S,-1,1.966471,1.376437,SS,SS,0,1.6755,1.557493
12,13,043,D : 킬러 와이프,D: Killer Wife,SS,A,-2,1.449707,1.085584,,,,0,,,SS,S,-1,1.544042,1.398393
12,13,470,레드 후드,Red Hood,SS,A,-2,1.447141,1.090738,Iron,SS,S,-1,1.963341,1.385351,S,S,0,1.303473,1.187875
12,13,082,리타,Liter,S,A,-1,1.255445,1.08576,Iron,SS,S,-1,1.92159,1.367958,SS,SS,0,1.599126,1.488399
12,13,820,렘,Rem,S,D,-4,1.225163,0.015456,,,,0,,,S,C,-3,1.225163,0.257397
12,13,102,맥스웰,Maxwell,A,A,0,1.085696,0.981656,Iron,S,A,-1,1.25066,1.072479,S,A,-1,1.112709,1.077073
12,13,015,아니스 : 스파클링 서머,Anis: Sparkling Summer,A,B,-1,0.923132,0.630273,,,,0,,,A,A,0,0.827474,0.83756
12,13,170,프리바티,Privaty,A,B,-1,0.923132,0.715575,,,,0,,,A,A,0,0.929523,0.950903
12,13,233,도로시,Dorothy,A,B,-1,0.923132,0.715575,,,,0,,,A,A,0,0.936395,0.957752
12,13,381,비스킷,Biscuit,A,D,-3,0.915872,0.017379,,,,0,,,C,C,0,0.484853,0.438754
12,13,260,모더니아,Modernia,A,A,0,0.820677,0.993454,,,,0,,,A,S,1,1.094694,1.104405
12,13,821,에밀리아,Emilia,B,D,-2,0.739984,0.0,,,,0,,,B,D,-2,0.739984,0.147997
12,13,431,볼륨,Volume,B,A,1,0.735917,1.04026,,,,0,,,A,A,0,0.89411,0.899245
12,13,500,일레그,Elegg,B,D,-2,0.637624,0.0,,,,0,,,C,C,0,0.300644,0.200429
12,13,352,헬름,Helm,C,A,2,0.493779,1.021691,,,,0,,,B,B,0,0.638233,0.620039
12,13,220,스노우 화이트,Snow White,C,A,2,0.490152,1.040033,Iron,S,A,-1,1.171216,1.084324,B,B,0,0.649651,0.632273
12,13,202,도라,Dolla,C,D,-1,0.45716,0.0035,,,,0,,,C,C,0,0.494159,0.453043
12,13,030,폴리,Poli,C,D,-1,0.271513,0.0,,,,0,,,C,D,-1,0.230254,0.197308
12,13,032,미란다,Miranda,C,A,2,0.270165,1.040033,,,,0,,,B,B,0,0.57953,0.563432
12,13,171,율하,Yulha,C,A,2,0.269545,1.040033,,,,0,,,B,C,-1,0.511994,0.498387
12,13,222,홍련,Scarlet,C,B,1,0.207299,0.599496,,,,0,,,B,B,0,0.702635,0.725449
12,13,353,헬름 : 아쿠아마린,Helm: Aquamarine,D,A,3,0.010269,1.036533,Iron,S,A,-1,1.159644,1.078098,C,C,0,0.469093,0.452784
12,13,321,마르차나,Marciana,D,B,2,0.003864,0.631898,Iron,C,C,0,0.217229,0.491895,C,C,0,0.271756,0.32669
12,13,221,라푼젤,Rapunzel,D,A,3,0.00256,1.078733,Iron,D,B,2,0.014754,0.719506,D,C,1,0.121179,0.26213
13,14,470,레드 후드,Red Hood,A,S,1,1.090738,1.233861,Iron,S,S,0,1.385351,1.320036,S,S,0,1.187875,1.174812
13,14,043,D : 킬러 와이프,D: Killer Wife,A,S,1,1.085584,1.233818,,,,0,,,S,SS,1,1.398393,1.430035
13,14,221,라푼젤,Rapunzel,A,D,-3,1.078733,0.024747,Iron,B,C,-1,0.719506,0.419958,C,C,0,0.26213,0.20222
13,14,450,나가,Naga,A,S,1,1.075684,1.24159,,,,0,,,SS,SS,0,1.557493,1.545865
13,14,451,티아,Tia,A,S,1,1.075684,1.230066,Iron,S,S,0,1.376437,1.313328,SS,SS,0,1.557493,1.544871
13,14,431,볼륨,Volume,A,C,-2,1.04026,0.251589,,,,0,,,A,A,0,0.899245,0.832365
13,14,032,미란다,Miranda,A,B,-1,1.040033,0.638645,,,,0,,,B,B,0,0.563432,0.525282
13,14,171,율하,Yulha,A,B,-1,1.040033,0.632268,,,,0,,,C,C,0,0.498387,0.460235
13,14,220,스노우 화이트,Snow White,A,B,-1,1.040033,0.790938,Iron,A,A,0,1.084324,0.957829,B,B,0,0.632273,0.606974
13,14,352,헬름,Helm,A,D,-3,1.021691,0.088955,,,,0,,,B,B,0,0.620039,0.53561
13,14,260,모더니아,Modernia,A,B,-1,0.993454,0.750594,,,,0,,,S,A,-1,1.104405,1.085597
13,14,170,프리바티,Privaty,B,A,1,0.715575,0.894014,,,,0,,,A,A,0,0.950903,0.970989
13,14,233,도로시,Dorothy,B,A,1,0.715575,0.951658,,,,0,,,A,A,0,0.957752,0.982804
13,14,321,마르차나,Marciana,B,D,-2,0.631898,0.128565,Iron,C,C,0,0.491895,0.335244,C,C,0,0.32669,0.295359
13,14,222,홍련,Scarlet,B,D,-2,0.599496,0.173885,,,,0,,,B,B,0,0.725449,0.693762
13,14,192,토브,Tove,D,A,3,0.032788,0.917204,,,,0,,,D,C,1,0.159953,0.254345
13,14,313,프리바티 : 언카인드 메이드,Privaty: Unkind Maid,D,B,2,0.032788,0.670589,,,,0,,,D,C,1,0.186663,0.277426
13,14,382,레오나,Leona,D,B,2,0.032788,0.747819,,,,0,,,C,C,0,0.201929,0.303682
13,14,140,슈가,Sugar,D,C,1,0.028452,0.29401,Iron,D,D,0,0.041021,0.150099,D,D,0,0.043598,0.065414
13,14,212,노벨,Novel,D,B,2,0.0,0.50444,Iron,D,C,1,0.047423,0.244467,C,C,0,0.456667,0.496076
14,15,330,크라운,Crown,S,SS,1,1.328367,1.700922,,,,0,,,S,SS,1,1.304407,1.621619
14,15,191,앨리스,Alice,S,SS,1,1.254528,1.700922,,,,0,,,SS,SS,0,1.547635,1.538067
14,15,225,홍련 : 흑영,Scarlet: Black Shadow,S,SS,1,1.254528,1.700922,Wind,SS,SS,0,2.156354,1.849246,S,S,0,1.348428,1.287006
14,15,450,나가,Naga,S,A,-1,1.24159,0.912305,,,,0,,,SS,SS,0,1.545865,1.457393
14,15,470,레드 후드,Red Hood,S,A,-1,1.233861,0.807603,,,,0,,,S,S,0,1.174812,1.155286
14,15,043,D : 킬러 와이프,D: Killer Wife,S,SS,1,1.233818,1.587259,,,,0,,,SS,SS,0,1.430035,1.504718
14,15,451,티아,Tia,S,B,-2,1.230066,0.782904,,,,0,,,SS,SS,0,1.544871,1.442276
14,15,353,헬름 : 아쿠아마린,Helm: Aquamarine,A,D,-3,1.006644,0.006709,,,,0,,,C,C,0,0.446623,0.38573
14,15,233,도로시,Dorothy,A,C,-2,0.951658,0.462527,,,,0,,,A,A,0,0.982804,0.937111
14,15,082,리타,Liter,A,S,1,0.928278,1.160331,,,,0,,,SS,S,-1,1.450486,1.380616
14,15,170,프리바티,Privaty,A,SS,2,0.894014,1.46211,,,,0,,,A,A,0,0.970989,1.034881
14,15,271,누아르,Noir,A,A,0,0.851217,0.909209,Wind,S,A,-1,1.138333,1.013297,S,S,0,1.164509,1.139502
14,15,270,블랑,Blanc,A,A,0,0.844977,0.909209,Wind,S,A,-1,1.138333,1.013297,S,S,0,1.163971,1.138964
14,15,220,스노우 화이트,Snow White,B,D,-2,0.790938,0.075147,,,,0,,,B,B,0,0.606974,0.53297
14,15,260,모더니아,Modernia,B,A,1,0.750594,1.03281,,,,0,,,A,A,0,1.085597,1.086174
14,15,382,레오나,Leona,B,D,-2,0.747819,0.009659,,,,0,,,C,C,0,0.303682,0.233934
14,15,313,프리바티 : 언카인드 메이드,Privaty: Unkind Maid,B,D,-2,0.670589,0.046667,,,,0,,,C,C,0,0.277426,0.253475
14,15,032,미란다,Miranda,B,D,-2,0.638645,0.064839,,,,0,,,B,C,-1,0.525282,0.46823
14,15,171,율하,Yulha,B,D,-2,0.632268,0.056531,,,,0,,,C,C,0,0.460235,0.407337
14,15,015,아니스 : 스파클링 서머,Anis: Sparkling Summer,B,C,-1,0.522799,0.492675,,,,0,,,A,B,-1,0.830509,0.791634
14,15,212,노벨,Novel,B,D,-2,0.50444,0.0,,,,0,,,C,C,0,0.496076,0.421462
14,15,195,앨리스 : 원더랜드 바니,Alice: Wonderland Bunny,C,D,-1,0.367258,0.044149,,,,0,,,C,D,-1,0.293807,0.164563
14,15,140,슈가,Sugar,C,D,-1,0.29401,0.00167,,,,0,,,D,D,0,0.065414,0.057273
14,15,431,볼륨,Volume,C,B,1,0.251589,0.790498,Wind,A,A,0,1.056513,0.911345,A,A,0,0.832365,0.803332
14,15,222,홍련,Scarlet,D,C,1,0.173885,0.485624,,,,0,,,B,B,0,0.693762,0.660961
14,15,202,도라,Dolla,D,B,2,0.108973,0.539271,Wind,B,B,0,0.662318,0.59517,C,C,0,0.453101,0.439672
14,15,352,헬름,Helm,D,B,2,0.088955,0.536911,,,,0,,,B,B,0,0.53561,0.545138
14,15,131,페퍼,Pepper,D,D,0,0.068583,0.045734,Wind,C,D,-1,0.263683,0.144745,D,D,0,0.112462,0.088674
14,15,400,길티,Guilty,D,A,3,0.026986,0.866123,Wind,C,B,1,0.300048,0.608963,D,D,0,0.082646,0.144429
14,15,500,일레그,Elegg,D,D,0,0.018419,0.001385,,,,0,,,C,D,-1,0.20305,0.152565
15,16,191,앨리스,Alice,SS,A,-2,1.700922,1.03749,,,,0,,,SS,SS,0,1.538067,1.498074
15,16,225,홍련 : 흑영,Scarlet: Black Shadow,SS,A,-2,1.700922,1.037525,,,,0,,,S,S,0,1.287006,1.255601
15,16,170,프리바티,Privaty,SS,B,-3,1.46211,0.523204,,,,0,,,A,A,0,1.034881,0.947869
15,16,082,리타,Liter,S,A,-1,1.160331,1.029704,,,,0,,,S,S,0,1.380616,1.34461
15,16,283,로산나 : 시크 오션,Rosanna: Chic Ocean,A,C,-2,1.049974,0.459723,,,,0,,,A,B,-1,1.049974,0.577773
15,16,284,사쿠라 : 블룸 인 서머,Sakura: Bloom in Summer,A,D,-3,1.04854,0.027866,,,,0,,,A,C,-2,1.04854,0.232001
15,16,260,모더니아,Modernia,A,C,-2,1.03281,0.315039,,,,0,,,A,A,0,1.086174,1.001044
15,16,102,맥스웰,Maxwell,A,B,-1,0.965805,0.704331,,,,0,,,A,A,0,1.091408,1.077367
15,16,270,블랑,Blanc,A,B,-1,0.909209,0.75413,,,,0,,,S,A,-1,1.138964,1.094165
15,16,271,누아르,Noir,A,B,-1,0.909209,0.75413,,,,0,,,S,A,-1,1.139502,1.094704
15,16,192,토브,Tove,A,B,-1,0.893823,0.639687,,,,0,,,C,C,0,0.37489,0.368278
15,16,314,소다 : 트윙클링 바니,Soda: Twinkling Bunny,A,B,-1,0.892085,0.62962,,,,0,,,A,B,-1,0.897345,0.792359
15,16,194,루드밀라 : 윈터 오너,Ludmilla: Winter Owner,A,D,-3,0.879597,0.176696,,,,0,,,A,A,0,0.883092,0.82394
15,16,400,길티,Guilty,A,D,-3,0.866123,0.0,,,,0,,,D,D,0,0.144429,0.139921
15,16,470,레드 후드,Red Hood,A,B,-1,0.807603,0.694874,,,,0,,,S,S,0,1.155286,1.115439
15,16,431,볼륨,Volume,B,A,1,0.790498,0.824395,,,,0,,,A,B,-1,0.803332,0.797448
15,16,451,티아,Tia,B,A,1,0.782904,1.026083,,,,0,,,SS,SS,0,1.442276,1.409192
15,16,202,도라,Dolla,B,C,-1,0.539271,0.333092,,,,0,,,C,C,0,0.439672,0.415777
15,16,352,헬름,Helm,B,C,-1,0.536911,0.445504,,,,0,,,B,B,0,0.545138,0.557057
15,16,015,아니스 : 스파클링 서머,Anis: Sparkling Summer,C,SS,4,0.492675,1.985879,Electric,S,SS,1,1.186552,1.640288,B,A,1,0.791634,0.882381
15,16,222,홍련,Scarlet,C,B,1,0.485624,0.680176,Electric,S,A,-1,1.180983,0.922717,B,B,0,0.660961,0.609308
15,16,233,도로시,Dorothy,C,B,1,0.462527,0.576154,,,,0,,,A,A,0,0.937111,0.854047
15,16,220,스노우 화이트,Snow White,D,D,0,0.075147,0.014354,,,,0,,,B,C,-1,0.53297,0.498001
15,16,313,프리바티 : 언카인드 메이드,Privaty: Unkind Maid,D,B,2,0.046667,0.647661,Electric,B,B,0,0.721453,0.672575,C,C,0,0.253475,0.2437
15,16,221,라푼젤,Rapunzel,D,D,0,0.012696,0.066594,,,,0,,,C,D,-1,0.201067,0.193877
15,16,382,레오나,Leona,D,C,1,0.009659,0.242701,,,,0,,,C,D,-1,0.233934,0.178542
15,16,210♥,엑시아♥,Exia♥,D,S,4,0.009641,1.336559,Electric,,S,0,,1.336559,D,C,1,0.003857,0.271168
15,16,381,비스킷,Biscuit,D,D,0,0.005297,0.03155,Electric,B,C,-1,0.796969,0.402242,C,C,0,0.422472,0.343527
15,16,321,마르차나,Marciana,D,D,0,0.004132,0.059544,,,,0,,,C,D,-1,0.251529,0.175277
15,16,350,마스트,Mast,D,C,1,0.003585,0.231224,Electric,B,C,-1,0.779302,0.468186,C,C,0,0.303168,0.240945
15,16,810,2B,2B,D,C,1,0.003585,0.234105,,,,0,,,C,C,0,0.246445,0.246978
15,16,180,길로틴,Guillotine,D,C,1,0.001105,0.484262,Electric,B,B,0,0.595826,0.538292,C,D,-1,0.205326,0.193819
15,16,430,노이즈,Noise,D,D,0,0.0,0.027924,Electric,C,C,0,0.445867,0.230334,C,D,-1,0.210872,0.167766
16,17,015,아니스 : 스파클링 서머,Anis: Sparkling Summer,SS,C,-4,1.985879,0.417066,,,,0,,,A,A,0,0.882381,0.858967
16,17,391,아인,Ein,SS,D,-5,1.909103,0.091393,,,,0,,,SS,C,-4,1.909103,0.454935
16,17,210♥,엑시아♥,Exia♥,S,D,-4,1.336559,0.031384,,,,0,,,C,C,0,0.271168,0.278252
16,17,225,홍련 : 흑영,Scarlet: Black Shadow,A,SS,2,1.037525,1.705487,,,,0,,,S,S,0,1.255601,1.37247
16,17,191,앨리스,Alice,A,SS,2,1.03749,1.758251,Fire,SS,SS,0,1.854315,1.799452,SS,SS,0,1.498074,1.487101
16,17,082,리타,Liter,A,S,1,1.029704,1.169406,,,,0,,,S,S,0,1.34461,1.31172
16,17,450,나가,Naga,A,B,-1,1.026083,0.771741,,,,0,,,SS,S,-1,1.424309,1.27007
16,17,451,티아,Tia,A,B,-1,1.026083,0.771741,,,,0,,,SS,S,-1,1.409192,1.254953
16,17,431,볼륨,Volume,A,A,0,0.824395,0.822479,,,,0,,,B,A,1,0.797448,0.81043
16,17,270,블랑,Blanc,B,A,1,0.75413,0.969125,,,,0,,,A,A,0,1.094165,1.038081
16,17,271,누아르,Noir,B,A,1,0.75413,0.969125,,,,0,,,A,A,0,1.094704,1.038619
16,17,470,레드 후드,Red Hood,B,B,0,0.694874,0.798518,,,,0,,,S,A,-1,1.115439,1.033428
16,17,222,홍련,Scarlet,B,D,-2,0.680176,0.016499,,,,0,,,B,B,0,0.609308,0.549459
16,17,313,프리바티 : 언카인드 메이드,Privaty: Unkind Maid,B,D,-2,0.647661,0.156718,,,,0,,,C,C,0,0.2437,0.26455
16,17,170,프리바티,Privaty,B,SS,3,0.523204,1.715713,,,,0,,,A,A,0,0.947869,1.056714
16,17,180,길로틴,Guillotine,C,D,-1,0.484262,0.002104,,,,0,,,D,D,0,0.193819,0.178702
16,17,283,로산나 : 시크 오션,Rosanna: Chic Ocean,C,C,0,0.459723,0.235599,,,,0,,,B,C,-1,0.577773,0.488123
16,17,352,헬름,Helm,C,D,-1,0.445504,0.02728,,,,0,,,B,C,-1,0.557057,0.491295
16,17,202,도라,Dolla,C,D,-1,0.333092,0.056581,,,,0,,,C,C,0,0.415777,0.38152
16,17,260,모더니아,Modernia,C,S,3,0.315039,1.16201,Fire,S,S,0,1.280763,1.212942,A,A,0,1.001044,0.98748
16,17,382,레오나,Leona,C,D,-1,0.242701,0.198503,,,,0,,,D,C,1,0.178542,0.205043
16,17,810,2B,2B,C,B,1,0.234105,0.670852,Fire,B,B,0,0.652175,0.662842,C,C,0,0.246978,0.249111
16,17,350,마스트,Mast,C,D,-1,0.231224,0.142585,,,,0,,,C,D,-1,0.240945,0.1948
16,17,194,루드밀라 : 윈터 오너,Ludmilla: Winter Owner,D,B,2,0.176696,0.768806,,,,0,,,A,A,0,0.82394,0.855092
16,17,171,율하,Yulha,D,D,0,0.00831,0.020157,Fire,C,D,-1,0.226327,0.108581,C,C,0,0.381724,0.358175
16,17,032,미란다,Miranda,D,D,0,0.006952,0.021568,Fire,C,D,-1,0.320113,0.149612,C,C,0,0.428552,0.394452
16,17,101,드레이크,Drake,D,C,1,0.0,0.466067,Fire,D,C,1,0.086058,0.303084,D,D,0,0.066354,0.109759
16,17,261,니힐리스타,Nihilister,D,D,0,0.0,0.0,Fire,C,D,-1,0.444944,0.190833,D,D,0,0.090204,0.039382
16,17,282,사쿠라,Sakura,D,D,0,0.0,0.147898,Fire,C,D,-1,0.238449,0.186735,D,D,0,0.06225,0.051907
16,17,811,A2,A2,D,D,0,0.0,0.0,Fire,B,C,-1,0.527374,0.226187,D,D,0,0.143678,0.083441
17,18,191,앨리스,Alice,SS,S,-1,1.758251,1.391974,,,,0,,,SS,SS,0,1.487101,1.492036
17,18,170,프리바티,Privaty,SS,S,-1,1.715713,1.377569,Water,A,S,1,1.087102,1.222057,A,A,0,1.056714,1.083705
17,18,225,홍련 : 흑영,Scarlet: Black Shadow,SS,S,-1,1.705487,1.390051,,,,0,,,S,S,0,1.37247,1.393929
17,18,043,D : 킬러 와이프,D: Killer Wife,SS,A,-2,1.676015,1.043203,,,,0,,,SS,SS,0,1.512591,1.458252
17,18,260,모더니아,Modernia,S,B,-2,1.16201,0.776978,,,,0,,,A,A,0,0.98748,0.957035
17,18,831,레이,Rei,S,D,-4,1.10783,0.0,,,,0,,,S,C,-3,1.10783,0.221566
17,18,270,블랑,Blanc,A,C,-2,0.969125,0.35658,,,,0,,,A,A,0,1.038081,0.9636
17,18,271,누아르,Noir,A,B,-1,0.969125,0.623286,,,,0,,,A,A,0,1.038619,0.988921
17,18,431,볼륨,Volume,A,D,-3,0.822479,0.087259,,,,0,,,A,B,-1,0.81043,0.742131
17,18,470,레드 후드,Red Hood,B,A,1,0.798518,1.03814,,,,0,,,A,A,0,1.033428,1.016379
17,18,830,아스카,Asuka,B,D,-2,0.774493,0.11482,,,,0,,,B,C,-1,0.774493,0.246755
17,18,450,나가,Naga,B,A,1,0.771741,1.074338,,,,0,,,S,S,0,1.27007,1.224878
17,18,451,티아,Tia,B,A,1,0.771741,1.054862,,,,0,,,S,S,0,1.254953,1.207619
17,18,194,루드밀라 : 윈터 오너,Ludmilla: Winter Owner,B,A,1,0.768806,1.092205,Water,SS,S,-1,1.486411,1.269636,A,A,0,0.855092,0.811737
17,18,233,도로시,Dorothy,B,S,2,0.756321,1.252295,Water,A,S,1,1.098395,1.169899,A,A,0,0.85288,0.867181
17,18,810,2B,2B,B,D,-2,0.670852,0.006041,,,,0,,,C,C,0,0.249111,0.23538
17,18,102,맥스웰,Maxwell,B,A,1,0.575195,1.00871,,,,0,,,A,A,0,0.976737,0.959623
17,18,192,토브,Tove,B,B,0,0.515199,0.784914,Water,D,C,1,0.076834,0.466208,C,B,1,0.436987,0.514862
17,18,101,드레이크,Drake,C,D,-1,0.466067,0.0,,,,0,,,D,D,0,0.109759,0.097964
17,18,015,아니스 : 스파클링 서머,Anis: Sparkling Summer,C,B,1,0.417066,0.651263,,,,0,,,A,A,0,0.858967,0.828777
17,18,283,로산나 : 시크 오션,Rosanna: Chic Ocean,C,D,-1,0.235599,0.027622,,,,0,,,C,C,0,0.488123,0.40278
17,18,382,레오나,Leona,D,B,2,0.198503,0.621065,Water,D,C,1,0.084818,0.443233,C,C,0,0.205043,0.276726
17,18,313,프리바티 : 언카인드 메이드,Privaty: Unkind Maid,D,B,2,0.156718,0.613588,,,,0,,,C,C,0,0.26455,0.329786
17,18,220,스노우 화이트,Snow White,D,C,1,0.113886,0.379241,,,,0,,,C,C,0,0.471998,0.448798
17,18,391,아인,Ein,D,B,2,0.091393,0.534737,,,,0,,,C,B,1,0.454935,0.632272
17,18,210♥,엑시아♥,Exia♥,D,C,1,0.031384,0.348288,,,,0,,,C,C,0,0.278252,0.345174
17,18,352,헬름,Helm,D,D,0,0.02728,0.039034,Water,B,C,-1,0.649556,0.3659,C,C,0,0.491295,0.434564
17,18,112♥,바이퍼♥,Viper♥,D,C,1,0.003722,0.301718,Water,,C,0,,0.301718,D,D,0,0.001438,0.061781
17,18,820,렘,Rem,D,B,2,0.0,0.509102,Water,S,B,-2,1.225163,0.746565,C,D,-1,0.259453,0.163733
17,18,821,에밀리아,Emilia,D,D,0,0.0,0.012134,Water,B,C,-1,0.739984,0.253507,D,D,0,0.147997,0.050701
18,19,191,앨리스,Alice,S,B,-2,1.391974,0.711254,,,,0,,,SS,SS,0,1.492036,1.447711
18,19,225,홍련 : 흑영,Scarlet: Black Shadow,S,B,-2,1.390051,0.711254,,,,0,,,S,S,0,1.393929,1.353844
18,19,170,프리바티,Privaty,S,D,-4,1.377569,0.055839,,,,0,,,A,A,0,1.083705,1.008172
18,19,233,도로시,Dorothy,S,D,-4,1.252295,0.062999,,,,0,,,A,B,-1,0.867181,0.789298
18,19,082,리타,Liter,S,B,-2,1.203067,0.71946,,,,0,,,S,S,0,1.289947,1.248615
18,19,194,루드밀라 : 윈터 오너,Ludmilla: Winter Owner,A,SS,2,1.092205,1.487159,,,,0,,,A,A,0,0.811737,0.926152
18,19,450,나가,Naga,A,B,-1,1.074338,0.710853,Electric,S,A,-1,1.1104,0.913307,S,S,0,1.224878,1.18546
18,19,451,티아,Tia,A,B,-1,1.054862,0.710853,,,,0,,,S,S,0,1.207619,1.168201
18,19,043,D : 킬러 와이프,D: Killer Wife,A,S,1,1.043203,1.377418,,,,0,,,SS,SS,0,1.458252,1.431319
18,19,470,레드 후드,Red Hood,A,SS,2,1.03814,1.480688,,,,0,,,A,A,0,1.016379,1.083886
18,19,403,퀀시 : 이스케이프 퀸,Quency: Escape Queen,A,D,-3,1.02736,0.050633,,,,0,,,A,C,-2,1.02736,0.245978
18,19,832,마리,Mari,A,B,-1,1.025548,0.680175,Electric,,B,0,,0.680175,B,A,1,0.753639,0.889674
18,19,102,맥스웰,Maxwell,A,C,-2,1.00871,0.424603,,,,0,,,A,A,0,0.959623,0.929817
18,19,015,아니스 : 스파클링 서머,Anis: Sparkling Summer,B,SS,3,0.651263,1.655041,Electric,SS,SS,0,1.640288,1.646998,A,A,0,0.828777,0.830119
18,19,272,루주,Rouge,B,SS,3,0.628069,1.738871,Electric,,SS,0,,1.738871,B,A,1,0.502455,0.850229
18,19,271,누아르,Noir,B,C,-1,0.623286,0.46118,,,,0,,,A,A,0,0.988921,0.946754
18,19,382,레오나,Leona,B,D,-2,0.621065,0.003067,,,,0,,,C,C,0,0.276726,0.239156
18,19,391,아인,Ein,B,S,2,0.534737,1.383492,Electric,SS,SS,0,1.909103,1.596313,B,B,0,0.632272,0.569714
18,19,820,렘,Rem,B,D,-2,0.509102,0.0,,,,0,,,D,D,0,0.163733,0.159543
18,19,220,스노우 화이트,Snow White,C,D,-1,0.379241,0.004676,,,,0,,,C,C,0,0.448798,0.433805
18,19,210♥,엑시아♥,Exia♥,C,SS,4,0.348288,1.43777,Electric,S,S,0,1.336559,1.39679,C,C,0,0.345174,0.357221
18,19,112♥,바이퍼♥,Viper♥,C,D,-1,0.301718,0.0,,,,0,,,D,D,0,0.061781,0.061516
18,19,222,홍련,Scarlet,D,C,1,0.146141,0.454725,Electric,A,B,-1,0.922717,0.720941,B,C,-1,0.509303,0.468948
18,19,431,볼륨,Volume,D,C,1,0.087259,0.405212,,,,0,,,B,B,0,0.742131,0.703602
18,19,180,길로틴,Guillotine,D,D,0,0.001379,0.046514,Electric,B,C,-1,0.538292,0.326261,D,D,0,0.168359,0.125952
18,19,381,비스킷,Biscuit,D,D,0,0.001379,0.000965,Electric,C,C,0,0.402242,0.22923,C,D,-1,0.219544,0.184941
18,19,430,노이즈,Noise,D,D,0,0.0,0.0,Electric,C,D,-1,0.230334,0.131025,D,D,0,0.103115,0.083253
19,20,015,아니스 : 스파클링 서머,Anis: Sparkling Summer,SS,S,-1,1.655041,1.39121,Electric,SS,SS,0,1.646998,1.560105,A,A,0,0.830119,0.812741
19,20,330,크라운,Crown,SS,S,-1,1.655041,1.38801,,,,0,,,SS,SS,0,1.592326,1.559753
19,20,194,루드밀라 : 윈터 오너,Ludmilla: Winter Owner,SS,B,-3,1.487159,0.774234,,,,0,,,A,A,0,0.926152,0.917178
19,20,470,레드 후드,Red Hood,SS,SS,0,1.480688,1.744782,,,,0,,,A,S,1,1.083886,1.127638
19,20,210♥,엑시아♥,Exia♥,SS,S,-1,1.43777,1.294144,Electric,S,S,0,1.39679,1.355493,C,C,0,0.357221,0.348961
19,20,832,마리,Mari,B,A,1,0.680175,0.801058,Electric,B,B,0,0.680175,0.744336,A,A,0,0.889674,0.902506
19,20,260,모더니아,Modernia,B,C,-1,0.630398,0.2827,,,,0,,,A,A,0,0.94976,0.923816
19,20,102,맥스웰,Maxwell,C,D,-1,0.424603,0.157273,,,,0,,,A,A,0,0.929817,0.899398
19,20,350,마스트,Mast,D,D,0,0.003676,0.00199,Electric,C,D,-1,0.256913,0.170314,D,D,0,0.146811,0.129492
19,20,381,비스킷,Biscuit,D,D,0,0.000965,0.0,Electric,C,D,-1,0.22923,0.154084,D,D,0,0.184941,0.169912
20,21,183,메이든 : 아이스 로즈,Maiden: Ice Rose,SS,C,-4,1.802202,0.475265,,,,0,,,SS,B,-3,1.802202,0.740653
20,21,272,루주,Rouge,SS,B,-3,1.801694,0.797727,,,,0,,,A,A,0,0.856898,0.924762
20,21,511,신데렐라,Cinderella,SS,B,-3,1.801694,0.797727,,,,0,,,SS,A,-2,1.773651,0.992912
20,21,514,그레이브,Grave,SS,S,-1,1.760801,1.239601,Fire,,S,0,,1.239601,S,SS,1,1.299894,1.547814
20,21,470,레드 후드,Red Hood,SS,A,-2,1.744782,1.083042,,,,0,,,S,S,0,1.127638,1.135992
20,21,015,아니스 : 스파클링 서머,Anis: Sparkling Summer,S,B,-2,1.39121,0.560311,,,,0,,,A,A,0,0.812741,0.818066
20,21,391,아인,Ein,S,D,-4,1.355177,0.0,,,,0,,,B,B,0,0.550311,0.527684
20,21,043,D : 킬러 와이프,D: Killer Wife,S,S,0,1.323833,1.303286,Fire,SS,SS,0,1.757594,1.521243,SS,S,-1,1.419635,1.372364
20,21,210♥,엑시아♥,Exia♥,S,D,-4,1.294144,0.0,,,,0,,,C,C,0,0.348961,0.345076
20,21,832,마리,Mari,A,B,-1,0.801058,0.776216,,,,0,,,A,A,0,0.902506,0.882121
20,21,191,앨리스,Alice,B,S,2,0.797689,1.301661,Fire,SS,SS,0,1.799452,1.559883,SS,S,-1,1.434207,1.386293
20,21,082,리타,Liter,B,S,2,0.79714,1.259823,,,,0,,,S,S,0,1.235832,1.232648
20,21,225,홍련 : 흑영,Scarlet: Black Shadow,B,S,2,0.797005,1.301661,,,,0,,,S,S,0,1.345239,1.333504
20,21,194,루드밀라 : 윈터 오너,Ludmilla: Winter Owner,B,C,-1,0.774234,0.248898,,,,0,,,A,A,0,0.917178,0.871154
20,21,451,티아,Tia,B,B,0,0.638492,0.559416,,,,0,,,S,A,-1,1.148516,1.086457
20,21,313,프리바티 : 언카인드 메이드,Privaty: Unkind Maid,B,D,-2,0.630605,0.00136,,,,0,,,C,C,0,0.32838,0.317618
20,21,192,토브,Tove,B,C,-1,0.629762,0.205001,,,,0,,,B,B,0,0.515503,0.501031
20,21,314,소다 : 트윙클링 바니,Soda: Twinkling Bunny,B,C,-1,0.629762,0.207478,,,,0,,,B,B,0,0.752841,0.714747
20,21,431,볼륨,Volume,C,A,2,0.426127,1.068261,,,,0,,,B,B,0,0.688309,0.716658
20,21,270,블랑,Blanc,C,S,3,0.411511,1.113729,,,,0,,,A,A,0,0.901906,0.895554
20,21,271,누아르,Noir,C,A,2,0.411511,1.087032,,,,0,,,A,A,0,0.926209,0.917288
20,21,222,홍련,Scarlet,C,D,-1,0.396251,0.0,,,,0,,,C,C,0,0.44766,0.424441
20,21,260,모더니아,Modernia,C,S,3,0.2827,1.217675,Fire,S,S,0,1.212942,1.21522,A,A,0,0.923816,0.924272
20,21,830,아스카,Asuka,D,S,4,0.021658,1.167666,Fire,B,A,1,0.774493,1.017858,C,C,0,0.219099,0.267771
20,21,170,프리바티,Privaty,D,S,4,0.012538,1.282051,,,,0,,,A,A,0,0.972665,0.970262
20,21,233,도로시,Dorothy,D,C,1,0.007793,0.364596,,,,0,,,B,B,0,0.751994,0.713867
20,21,810,2B,2B,D,B,2,0.00199,0.542955,Fire,B,B,0,0.662842,0.605144,C,D,-1,0.204257,0.192717
20,21,101,드레이크,Drake,D,D,0,0.0,0.082286,Fire,C,D,-1,0.303084,0.196822,D,D,0,0.08977,0.068517
20,21,811,A2,A2,D,C,1,0.0,0.457676,Fire,C,C,0,0.226187,0.337594,D,D,0,0.078291,0.100572
20,21,831,레이,Rei,D,S,4,0.0,1.252919,Fire,S,S,0,1.10783,1.197637,C,C,0,0.221566,0.239527
21,22,043,D : 킬러 와이프,D: Killer Wife,S,A,-1,1.303286,1.015365,,,,0,,,S,S,0,1.372364,1.355431
21,22,170,프리바티,Privaty,S,A,-1,1.282051,0.991929,Water,S,S,0,1.222057,1.123073,A,A,0,0.970262,0.950466
21,22,831,레이,Rei,S,D,-4,1.252919,0.0,,,,0,,,C,C,0,0.239527,0.239527
21,22,514,그레이브,Grave,S,A,-1,1.239601,1.000957,,,,0,,,SS,S,-1,1.547814,1.29825
21,22,260,모더니아,Modernia,S,C,-3,1.217675,0.456625,,,,0,,,A,A,0,0.924272,0.881624
21,22,016,라피 : 레드 후드,Rapi: Red Hood,S,A,-1,1.168208,1.060617,,,,0,,,S,S,0,1.168208,1.103653
21,22,830,아스카,Asuka,S,A,-1,1.167666,0.952497,,,,0,,,C,C,0,0.267771,0.475172
21,22,270,블랑,Blanc,S,D,-4,1.113729,0.0373,,,,0,,,A,A,0,0.895554,0.831172
21,22,271,누아르,Noir,A,D,-3,1.087032,0.034704,,,,0,,,A,A,0,0.917288,0.842023
21,22,431,볼륨,Volume,A,C,-2,1.068261,0.263629,,,,0,,,B,B,0,0.716658,0.697978
21,22,832,마리,Mari,B,B,0,0.776216,0.673414,,,,0,,,A,B,-1,0.882121,0.794936
21,22,015,아니스 : 스파클링 서머,Anis: Sparkling Summer,B,D,-2,0.560311,0.113717,,,,0,,,A,B,-1,0.818066,0.755681
21,22,450,나가,Naga,B,A,1,0.559416,0.97974,,,,0,,,S,A,-1,1.103716,1.077337
21,22,451,티아,Tia,B,A,1,0.559416,0.939175,,,,0,,,A,A,0,1.086457,1.057261
21,22,810,2B,2B,B,D,-2,0.542955,0.0,,,,0,,,D,D,0,0.192717,0.186844
21,22,183,메이든 : 아이스 로즈,Maiden: Ice Rose,C,D,-1,0.475265,0.106645,,,,0,,,B,B,0,0.740653,0.593205
21,22,811,A2,A2,C,D,-1,0.457676,0.0,,,,0,,,D,D,0,0.100572,0.098584
21,22,233,도로시,Dorothy,C,A,2,0.364596,1.094205,Water,S,S,0,1.169899,1.137341,B,B,0,0.713867,0.707356
21,22,194,루드밀라 : 윈터 오너,Ludmilla: Winter Owner,C,S,3,0.248898,1.227786,Water,S,S,0,1.269636,1.24989,A,A,0,0.871154,0.867205
21,22,314,소다 : 트윙클링 바니,Soda: Twinkling Bunny,C,D,-1,0.207478,0.035425,,,,0,,,B,B,0,0.714747,0.621964
21,22,192,토브,Tove,C,D,-1,0.205001,0.035425,Water,C,C,0,0.466208,0.262953,B,C,-1,0.501031,0.46038
21,22,102,맥스웰,Maxwell,D,D,0,0.064533,0.110152,,,,0,,,A,B,-1,0.813875,0.728095
21,22,195,앨리스 : 원더랜드 바니,Alice: Wonderland Bunny,D,C,1,0.002857,0.268464,Water,D,D,0,0.051719,0.185879,D,D,0,0.114082,0.140915
21,22,821,에밀리아,Emilia,D,D,0,0.00245,0.117825,Water,C,D,-1,0.253507,0.182876,D,D,0,0.051005,0.036879
21,22,030,폴리,Poli,D,D,0,0.0,0.0,Water,C,D,-1,0.243795,0.138933,D,D,0,0.080505,0.059533
21,22,112♥,바이퍼♥,Viper♥,D,C,1,0.0,0.451193,Water,C,C,0,0.301718,0.394239,D,D,0,0.060829,0.079334
21,22,182,길로틴 : 윈터 슬레이어,Guillotine: Winter Slayer,D,B,2,0.0,0.683624,Water,,B,0,,0.683624,D,D,0,0.0,0.136725
21,22,212,노벨,Novel,D,D,0,0.0,0.0,,,,0,,,C,D,-1,0.200488,0.18224
21,22,382,레오나,Leona,D,D,0,0.0,0.005998,Water,C,C,0,0.443233,0.215625,C,D,-1,0.211328,0.165807
21,22,391,아인,Ein,D,D,0,0.0,0.005695,,,,0,,,B,C,-1,0.527684,0.396698
21,22,392,라이,Rei,D,B,2,0.0,0.523742,Water,D,C,1,0.01888,0.236033,D,D,0,0.005075,0.048506
21,22,403,퀀시 : 이스케이프 퀸,Quency: Escape Queen,D,A,3,0.0,0.968861,Water,A,A,0,1.02736,0.991151,C,C,0,0.219677,0.212435
21,22,580,팬텀,Phantom,D,C,1,0.0,0.451483,Water,,C,0,,0.451483,D,D,0,0.000249,0.090546
21,22,820,렘,Rem,D,D,0,0.0,0.068665,Water,B,C,-1,0.746565,0.393675,D,D,0,0.158396,0.087818
22,23,330,크라운,Crown,S,SS,1,1.322456,1.541425,,,,0,,,SS,SS,0,1.493321,1.470534
22,23,194,루드밀라 : 윈터 오너,Ludmilla: Winter Owner,S,C,-3,1.227786,0.428302,,,,0,,,A,A,0,0.867205,0.821214
22,23,082,리타,Liter,S,A,-1,1.188674,0.894222,,,,0,,,S,S,0,1.220618,1.156338
22,23,352♥,헬름♥,Helm♥,S,SS,1,1.159772,1.537325,,,,0,,,S,SS,1,1.159772,1.461814
22,23,191,앨리스,Alice,S,SS,1,1.107901,1.416367,,,,0,,,S,S,0,1.364301,1.326862
22,23,225,홍련 : 흑영,Scarlet: Black Shadow,S,SS,1,1.107901,1.416367,Wind,SS,SS,0,1.849246,1.577519,S,S,0,1.309672,1.255326
22,23,233,도로시,Dorothy,A,D,-3,1.094205,0.0,,,,0,,,B,B,0,0.707356,0.632021
22,23,016,라피 : 레드 후드,Rapi: Red Hood,A,SS,2,1.060617,1.541733,,,,0,,,S,S,0,1.103653,1.247988
22,23,043,D : 킬러 와이프,D: Killer Wife,A,C,-2,1.015365,0.2689,,,,0,,,S,S,0,1.355431,1.167083
22,23,514,그레이브,Grave,A,B,-1,1.000957,0.612599,,,,0,,,S,S,0,1.29825,1.1115
22,23,354,마스트 : 로망틱 메이드,Mast: Romantic Maid,A,SS,2,0.994752,1.404816,,,,0,,,A,S,1,0.994752,1.322803
22,23,355,앵커 : 이노센트 메이드,Anchor: Innocent Maid,A,SS,2,0.994752,1.404816,,,,0,,,A,S,1,0.994752,1.322803
22,23,170,프리바티,Privaty,A,D,-3,0.991929,0.003359,,,,0,,,A,A,0,0.950466,0.812794
22,23,450,나가,Naga,A,D,-3,0.97974,0.013288,,,,0,,,A,A,0,1.077337,0.931072
22,23,403,퀀시 : 이스케이프 퀸,Quency: Escape Queen,A,D,-3,0.968861,0.0,,,,0,,,C,C,0,0.212435,0.2077
22,23,830,아스카,Asuka,A,D,-3,0.952497,0.0,,,,0,,,C,C,0,0.475172,0.384639
22,23,451,티아,Tia,A,D,-3,0.939175,0.007639,,,,0,,,A,A,0,1.057261,0.918494
22,23,470,레드 후드,Red Hood,A,C,-2,0.901551,0.323779,,,,0,,,S,A,-1,1.116518,1.049857
22,23,182,길로틴 : 윈터 슬레이어,Guillotine: Winter Slayer,B,D,-2,0.683624,0.0,,,,0,,,D,D,0,0.136725,0.136725
22,23,392,라이,Rei,B,D,-2,0.523742,0.0,,,,0,,,D,D,0,0.048506,0.048158
22,23,260,모더니아,Modernia,C,D,-1,0.456625,0.073737,,,,0,,,A,B,-1,0.881624,0.771207
22,23,580,팬텀,Phantom,C,D,-1,0.451483,0.0,,,,0,,,D,D,0,0.090546,0.090463
22,23,112♥,바이퍼♥,Viper♥,C,D,-1,0.451193,0.003542,,,,0,,,D,D,0,0.079334,0.080008
22,23,195,앨리스 : 원더랜드 바니,Alice: Wonderland Bunny,C,D,-1,0.268464,0.033911,,,,0,,,D,D,0,0.140915,0.139452
22,23,431,볼륨,Volume,C,A,2,0.263629,0.863936,Wind,A,A,0,0.911345,0.883986,B,B,0,0.697978,0.692506
22,23,015,아니스 : 스파클링 서머,Anis: Sparkling Summer,D,B,2,0.113717,0.786759,,,,0,,,B,B,0,0.755681,0.770948
22,23,183,메이든 : 아이스 로즈,Maiden: Ice Rose,D,B,2,0.106645,0.680573,,,,0,,,B,B,0,0.593205,0.697103
22,23,270,블랑,Blanc,D,B,2,0.0373,0.639347,Wind,A,B,-1,1.013297,0.797495,A,B,-1,0.831172,0.788012
22,23,192,토브,Tove,D,B,2,0.035425,0.635389,,,,0,,,C,C,0,0.46038,0.464481
22,23,314,소다 : 트윙클링 바니,Soda: Twinkling Bunny,D,B,2,0.035425,0.59845,,,,0,,,B,B,0,0.621964,0.580014
22,23,271,누아르,Noir,D,B,2,0.034704,0.639347,Wind,A,B,-1,1.013297,0.797495,A,B,-1,0.842023,0.798863
22,23,101♥,드레이크♥,Drake♥,D,C,1,0.021751,0.418864,,,,0,,,D,D,0,0.017401,0.176246
22,23,202,도라,Dolla,D,D,0,0.003807,0.0,Wind,B,C,-1,0.59517,0.251704,C,D,-1,0.236867,0.168174
22,23,284,사쿠라 : 블룸 인 서머,Sakura: Bloom in Summer,D,B,2,0.001439,0.506501,Wind,A,B,-1,1.04854,0.661347,C,D,-1,0.216654,0.139216
22,23,283,로산나 : 시크 오션,Rosanna: Chic Ocean,D,D,0,0.0,0.006323,Wind,A,C,-2,1.049974,0.304465,C,D,-1,0.267784,0.118683
22,23,290,마나,Mana,D,B,2,0.0,0.55766,Wind,,B,0,,0.55766,D,D,0,0.0,0.111532
22,23,400,길티,Guilty,D,C,1,0.0,0.22631,Wind,B,C,-1,0.608963,0.388138,D,D,0,0.131724,0.08756
23,24,835,아스카 : WILLE,Asuka: WILLE,SS,C,-4,1.541425,0.217444,,,,0,,,SS,C,-4,1.541425,0.48224
23,24,352♥,헬름♥,Helm♥,SS,SS,0,1.537325,1.71195,Water,S,SS,1,1.159772,1.465515,SS,SS,0,1.461814,1.522963
23,24,834,레이 (가칭),Rei (Tentative Name),SS,D,-5,1.533838,0.052151,,,,0,,,SS,C,-4,1.533838,0.348488
23,24,191,앨리스,Alice,SS,B,-3,1.416367,0.513657,,,,0,,,S,S,0,1.326862,1.27537
23,24,225,홍련 : 흑영,Scarlet: Black Shadow,SS,B,-3,1.416367,0.712295,,,,0,,,S,S,0,1.255326,1.215665
23,24,354,마스트 : 로망틱 메이드,Mast: Romantic Maid,SS,S,-1,1.404816,1.101967,Water,A,A,0,0.994752,1.054117,S,S,0,1.322803,1.334676
23,24,355,앵커 : 이노센트 메이드,Anchor: Innocent Maid,SS,S,-1,1.404816,1.101967,Water,A,A,0,0.994752,1.054117,S,S,0,1.322803,1.334676
23,24,431,볼륨,Volume,A,B,-1,0.863936,0.746419,,,,0,,,B,B,0,0.692506,0.717493
23,24,272,루주,Rouge,B,A,1,0.796117,0.821652,,,,0,,,A,A,0,0.961805,0.977777
23,24,511,신데렐라,Cinderella,B,A,1,0.796117,0.821652,,,,0,,,A,A,0,0.969052,0.985558
23,24,271,누아르,Noir,B,C,-1,0.639347,0.497562,,,,0,,,B,B,0,0.798863,0.796375
23,24,514,그레이브,Grave,B,B,0,0.612599,0.716534,,,,0,,,S,A,-1,1.1115,1.069504
23,24,290,마나,Mana,B,C,-1,0.55766,0.235594,,,,0,,,D,C,1,0.111532,0.215892
23,24,284,사쿠라 : 블룸 인 서머,Sakura: Bloom in Summer,B,D,-2,0.506501,0.0,,,,0,,,D,D,0,0.139216,0.138746
23,24,194,루드밀라 : 윈터 오너,Ludmilla: Winter Owner,C,SS,4,0.428302,1.694263,Water,S,SS,1,1.24989,1.413969,A,A,0,0.821214,0.85403
23,24,101♥,드레이크♥,Drake♥,C,B,1,0.418864,0.52265,,,,0,,,D,C,1,0.176246,0.287186
23,24,470,레드 후드,Red Hood,C,A,2,0.323779,0.904663,,,,0,,,A,A,0,1.049857,1.042038
23,24,043,D : 킬러 와이프,D: Killer Wife,C,D,-1,0.2689,0.193719,,,,0,,,S,A,-1,1.167083,1.096479
23,24,400,길티,Guilty,C,D,-1,0.22631,0.0,,,,0,,,D,D,0,0.08756,0.08624
23,24,195,앨리스 : 원더랜드 바니,Alice: Wonderland Bunny,D,C,1,0.033911,0.497248,Water,D,C,1,0.185879,0.321129,D,D,0,0.139452,0.166502
23,24,112♥,바이퍼♥,Viper♥,D,A,3,0.003542,0.869061,Water,C,B,1,0.394239,0.600487,D,D,0,0.080008,0.121258
23,24,170,프리바티,Privaty,D,D,0,0.003359,0.088859,Water,S,B,-2,1.123073,0.763213,A,B,-1,0.812794,0.740822
23,24,182,길로틴 : 윈터 슬레이어,Guillotine: Winter Slayer,D,C,1,0.0,0.456359,Water,B,B,0,0.683624,0.557787,D,D,0,0.136725,0.111557
23,24,233,도로시,Dorothy,D,C,1,0.0,0.220272,Water,S,A,-1,1.137341,0.818242,B,B,0,0.632021,0.568201
23,24,382,레오나,Leona,D,D,0,0.0,0.043881,Water,C,D,-1,0.215625,0.148231,D,D,0,0.164427,0.150948
23,24,392,라이,Rei,D,D,0,0.0,0.0,Water,C,D,-1,0.236033,0.153904,D,D,0,0.048158,0.031733
23,24,403,퀀시 : 이스케이프 퀸,Quency: Escape Queen,D,A,3,0.0,0.926071,Water,A,A,0,0.991151,0.962882,C,C,0,0.2077,0.202046
24,25,194,루드밀라 : 윈터 오너,Ludmilla: Winter Owner,SS,B,-3,1.694263,0.595217,,,,0,,,A,A,0,0.85403,0.866136
24,25,016,라피 : 레드 후드,Rapi: Red Hood,SS,SS,0,1.540369,1.620994,Fire,S,SS,1,1.168208,1.445584,S,SS,1,1.327681,1.438631
24,25,355,앵커 : 이노센트 메이드,Anchor: Innocent Maid,S,B,-2,1.101967,0.788951,,,,0,,,S,A,-1,1.334676,1.08833
24,25,520,브래디,Bready,A,D,-3,1.010422,0.0,,,,0,,,A,C,-2,1.010422,0.202084
24,25,403,퀀시 : 이스케이프 퀸,Quency: Escape Queen,A,D,-3,0.926071,0.0,,,,0,,,C,C,0,0.202046,0.202046
24,25,470,레드 후드,Red Hood,A,D,-3,0.904663,0.018043,,,,0,,,A,A,0,1.042038,0.949377
24,25,112♥,바이퍼♥,Viper♥,A,D,-3,0.869061,0.001648,,,,0,,,D,D,0,0.121258,0.121288
24,25,272,루주,Rouge,A,B,-1,0.821652,0.679629,,,,0,,,A,A,0,0.977777,0.958484
24,25,511,신데렐라,Cinderella,A,B,-1,0.821652,0.679629,,,,0,,,A,A,0,0.985558,0.966266
24,25,015,아니스 : 스파클링 서머,Anis: Sparkling Summer,B,B,0,0.786399,0.656393,,,,0,,,B,A,1,0.794838,0.805623
24,25,431,볼륨,Volume,B,D,-2,0.746419,0.028121,,,,0,,,B,B,0,0.717493,0.640799
24,25,514,그레이브,Grave,B,A,1,0.716534,0.957781,Fire,S,A,-1,1.239601,1.066958,A,A,0,1.069504,1.034975
24,25,225,홍련 : 흑영,Scarlet: Black Shadow,B,C,-1,0.712295,0.484519,,,,0,,,S,S,0,1.215665,1.137017
24,25,183,메이든 : 아이스 로즈,Maiden: Ice Rose,B,C,-1,0.56829,0.368031,,,,0,,,B,B,0,0.765266,0.747749
24,25,192,토브,Tove,B,B,0,0.547472,0.647735,,,,0,,,C,B,1,0.485492,0.519434
24,25,191,앨리스,Alice,B,A,1,0.513657,0.972031,Fire,SS,S,-1,1.559883,1.305843,S,S,0,1.27537,1.224562
24,25,271,누아르,Noir,C,B,1,0.497562,0.647735,,,,0,,,B,B,0,0.796375,0.754252
24,25,195,앨리스 : 원더랜드 바니,Alice: Wonderland Bunny,C,D,-1,0.497248,0.0,,,,0,,,D,D,0,0.166502,0.160038
24,25,182,길로틴 : 윈터 슬레이어,Guillotine: Winter Slayer,C,D,-1,0.456359,0.0,,,,0,,,D,D,0,0.111557,0.111557
24,25,290,마나,Mana,C,D,-1,0.235594,0.0,,,,0,,,C,D,-1,0.215892,0.163712
24,25,233,도로시,Dorothy,C,D,-1,0.220272,0.0,,,,0,,,B,B,0,0.568201,0.51893
24,25,835,아스카 : WILLE,Asuka: WILLE,C,D,-1,0.217444,0.101334,,,,0,,,C,C,0,0.48224,0.435796
24,25,043,D : 킬러 와이프,D: Killer Wife,D,A,3,0.193719,1.060615,Fire,SS,S,-1,1.521243,1.313338,A,A,0,1.096479,1.054898
24,25,450,나가,Naga,D,D,0,0.07532,0.002149,,,,0,,,A,B,-1,0.85338,0.777245
24,25,283,로산나 : 시크 오션,Rosanna: Chic Ocean,D,C,1,0.041572,0.273379,,,,0,,,D,D,0,0.122279,0.145955
24,25,451,티아,Tia,D,D,0,0.041556,0.002149,,,,0,,,A,B,-1,0.84014,0.764005
24,25,260,모더니아,Modernia,D,A,3,0.010414,0.965306,Fire,S,S,0,1.21522,1.10722,B,B,0,0.720494,0.698894
24,25,830,아스카,Asuka,D,C,1,0.001943,0.306114,Fire,A,B,-1,1.017858,0.665801,C,C,0,0.311505,0.241093
24,25,032♥,미란다♥,Miranda♥,D,B,2,0.0,0.673302,Fire,,B,0,,0.673302,D,D,0,0.001313,0.135973
24,25,810,2B,2B,D,C,1,0.0,0.310081,Fire,B,C,-1,0.605144,0.477633,D,D,0,0.167189,0.141687
24,25,811,A2,A2,D,D,0,0.0,0.0,Fire,C,D,-1,0.337594,0.191703,D,D,0,0.084845,0.055667
24,25,831,레이,Rei,D,A,3,0.0,0.975871,Fire,S,A,-1,1.197637,1.087943,C,C,0,0.239527,0.217589
25,26,330,크라운,Crown,SS,SS,0,1.650376,1.647856,Iron,S,SS,1,1.304407,1.54727,SS,SS,0,1.518751,1.567324
25,26,352♥,헬름♥,Helm♥,SS,S,-1,1.573864,1.104657,,,,0,,,SS,SS,0,1.537579,1.417329
25,26,162,미하라 : 본딩 체인,Mihara: Bonding Chain,SS,B,-3,1.559685,0.557134,,,,0,,,SS,B,-3,1.559685,0.757645
25,26,354,마스트 : 로망틱 메이드,Mast: Romantic Maid,S,SS,1,1.152979,1.641928,,,,0,,,S,S,0,1.233942,1.33075
25,26,043,D : 킬러 와이프,D: Killer Wife,A,D,-3,1.060615,0.023292,,,,0,,,A,A,0,1.054898,0.893474
25,26,831,레이,Rei,A,D,-3,0.975871,0.0,,,,0,,,C,C,0,0.217589,0.217589
25,26,191,앨리스,Alice,A,D,-3,0.972031,0.055807,,,,0,,,S,A,-1,1.224562,1.055934
25,26,260,모더니아,Modernia,A,D,-3,0.965306,0.0,,,,0,,,B,B,0,0.698894,0.583244
25,26,082,리타,Liter,A,A,0,0.960596,0.844465,Iron,S,A,-1,1.178388,0.957629,S,A,-1,1.105452,1.0613
25,26,514,그레이브,Grave,A,S,1,0.957781,1.143935,,,,0,,,A,A,0,1.034975,1.058366
25,26,355,앵커 : 이노센트 메이드,Anchor: Innocent Maid,B,D,-2,0.788951,0.012501,,,,0,,,A,B,-1,1.08833,0.799162
25,26,032♥,미란다♥,Miranda♥,B,S,2,0.673302,1.129324,,,,0,,,D,C,1,0.135973,0.436689
25,26,015,아니스 : 스파클링 서머,Anis: Sparkling Summer,B,C,-1,0.656393,0.212604,,,,0,,,A,B,-1,0.805623,0.758459
25,26,270,블랑,Blanc,B,C,-1,0.647735,0.344916,,,,0,,,B,B,0,0.748178,0.672862
25,26,271,누아르,Noir,B,C,-1,0.647735,0.342843,,,,0,,,B,B,0,0.754252,0.678305
25,26,314,소다 : 트윙클링 바니,Soda: Twinkling Bunny,B,B,0,0.646087,0.631457,Iron,A,B,-1,0.918387,0.683394,B,B,0,0.630276,0.583278
25,26,194,루드밀라 : 윈터 오너,Ludmilla: Winter Owner,B,C,-1,0.595217,0.462461,,,,0,,,A,B,-1,0.866136,0.793545
25,26,225,홍련 : 흑영,Scarlet: Black Shadow,C,D,-1,0.484519,0.006029,,,,0,,,S,A,-1,1.137017,0.960863
25,26,183,메이든 : 아이스 로즈,Maiden: Ice Rose,C,D,-1,0.368031,0.063452,,,,0,,,B,B,0,0.747749,0.663612
25,26,810,2B,2B,C,D,-1,0.310081,0.0,,,,0,,,D,D,0,0.141687,0.132457
25,26,830,아스카,Asuka,C,D,-1,0.306114,0.0,,,,0,,,C,C,0,0.241093,0.21411
25,26,283,로산나 : 시크 오션,Rosanna: Chic Ocean,C,C,0,0.273379,0.483451,,,,0,,,D,C,1,0.145955,0.22138
25,26,102,맥스웰,Maxwell,D,B,2,0.027741,0.753404,Iron,A,A,0,1.066407,0.859479,B,C,-1,0.53468,0.493295
25,26,470,레드 후드,Red Hood,D,B,2,0.018043,0.758659,Iron,S,A,-1,1.320036,0.948906,A,A,0,0.949377,0.875151
25,26,450,나가,Naga,D,B,2,0.002149,0.65026,,,,0,,,B,B,0,0.777245,0.688916
25,26,451,티아,Tia,D,B,2,0.002149,0.636578,Iron,S,A,-1,1.313328,0.865924,B,B,0,0.764005,0.674524
25,26,171,율하,Yulha,D,D,0,0.0,0.0,,,,0,,,C,D,-1,0.232412,0.115535
25,26,212,노벨,Novel,D,D,0,0.0,0.0,Iron,C,D,-1,0.244467,0.082848,D,D,0,0.12734,0.095017
25,26,220,스노우 화이트,Snow White,D,A,3,0.0,1.083586,Iron,A,A,0,0.957829,1.040968,C,C,0,0.297999,0.314627
25,26,221,라푼젤,Rapunzel,D,D,0,0.0,0.0,Iron,C,D,-1,0.419958,0.142321,D,D,0,0.108177,0.05265
25,26,233,도로시,Dorothy,D,D,0,0.0,0.0,,,,0,,,B,C,-1,0.51893,0.414951
25,26,313,프리바티 : 언카인드 메이드,Privaty: Unkind Maid,D,D,0,0.0,0.0,,,,0,,,C,D,-1,0.247677,0.194904
25,26,321,마르차나,Marciana,D,D,0,0.0,0.0,Iron,C,D,-1,0.335244,0.113612,D,D,0,0.101933,0.057606
25,26,353,헬름 : 아쿠아마린,Helm: Aquamarine,D,S,4,0.0,1.146328,Iron,A,S,1,1.047291,1.112765,C,C,0,0.249783,0.262878
25,26,403,퀀시 : 이스케이프 퀸,Quency: Escape Queen,D,D,0,0.0,0.0,,,,0,,,C,D,-1,0.202046,0.199679
26,27,016,라피 : 레드 후드,Rapi: Red Hood,SS,B,-3,1.647856,0.784323,,,,0,,,SS,SS,0,1.479085,1.404278
26,27,513,리틀 머메이드,Little Mermaid,SS,S,-1,1.646929,1.170421,,,,0,,,S,S,0,1.308094,1.184175
26,27,354,마스트 : 로망틱 메이드,Mast: Romantic Maid,SS,A,-2,1.641928,1.032065,Water,A,A,0,1.054117,1.04397,S,S,0,1.33075,1.32872
26,27,850,이브,EVE,SS,D,-5,1.626815,0.0,,,,0,,,SS,C,-4,1.626815,0.325363
26,27,353,헬름 : 아쿠아마린,Helm: Aquamarine,S,D,-4,1.146328,0.0,,,,0,,,C,C,0,0.262878,0.260442
26,27,514,그레이브,Grave,S,A,-1,1.143935,0.840792,,,,0,,,A,A,0,1.058366,1.05812
26,27,032♥,미란다♥,Miranda♥,S,D,-4,1.129324,0.142258,,,,0,,,C,C,0,0.436689,0.453741
26,27,220,스노우 화이트,Snow White,A,D,-3,1.083586,0.142258,,,,0,,,C,C,0,0.314627,0.310222
26,27,851,레이븐,Raven,A,C,-2,0.846052,0.226423,,,,0,,,A,C,-2,0.846052,0.350349
26,27,082,리타,Liter,A,S,1,0.844465,1.188187,,,,0,,,A,A,0,1.0613,1.063918
26,27,470,레드 후드,Red Hood,B,D,-2,0.758659,0.081062,,,,0,,,A,A,0,0.875151,0.810618
26,27,102,맥스웰,Maxwell,B,D,-2,0.753404,0.008612,,,,0,,,C,C,0,0.493295,0.462925
26,27,832,마리,Mari,B,C,-1,0.72453,0.444193,,,,0,,,B,B,0,0.759363,0.731125
26,27,511,신데렐라,Cinderella,B,C,-1,0.721323,0.477713,,,,0,,,A,A,0,0.957647,0.930587
26,27,450,나가,Naga,B,D,-2,0.65026,0.069408,,,,0,,,B,B,0,0.688916,0.640391
26,27,451,티아,Tia,B,D,-2,0.636578,0.060137,,,,0,,,B,B,0,0.674524,0.627364
26,27,314,소다 : 트윙클링 바니,Soda: Twinkling Bunny,B,D,-2,0.631457,0.012055,,,,0,,,B,B,0,0.583278,0.551118
26,27,101♥,드레이크♥,Drake♥,B,S,2,0.62969,1.267461,,,,0,,,C,B,1,0.488921,0.60774
26,27,162,미하라 : 본딩 체인,Mihara: Bonding Chain,B,C,-1,0.557134,0.471549,,,,0,,,B,B,0,0.757645,0.72341
26,27,194,루드밀라 : 윈터 오너,Ludmilla: Winter Owner,C,SS,4,0.462461,1.404862,Water,SS,SS,0,1.413969,1.410669,B,B,0,0.793545,0.792885
26,27,270,블랑,Blanc,C,D,-1,0.344916,0.009941,,,,0,,,B,B,0,0.672862,0.640016
26,27,271,누아르,Noir,C,D,-1,0.342843,0.003159,,,,0,,,B,B,0,0.678305,0.642192
26,27,191,앨리스,Alice,D,C,1,0.055807,0.215921,,,,0,,,A,A,0,1.055934,1.001509
26,27,043,D : 킬러 와이프,D: Killer Wife,D,S,4,0.023292,1.234953,,,,0,,,A,A,0,0.893474,0.930726
26,27,355,앵커 : 이노센트 메이드,Anchor: Innocent Maid,D,A,3,0.012501,1.022715,Water,A,A,0,1.054117,1.039668,B,B,0,0.799162,0.796272
26,27,112♥,바이퍼♥,Viper♥,D,C,1,0.0,0.377247,Water,B,B,0,0.600487,0.511036,D,D,0,0.120991,0.1031
26,27,170,프리바티,Privaty,D,C,1,0.0,0.273371,Water,B,B,0,0.763213,0.592364,B,C,-1,0.528207,0.494038
26,27,182,길로틴 : 윈터 슬레이어,Guillotine: Winter Slayer,D,B,2,0.0,0.536491,Water,B,B,0,0.557787,0.547988,D,D,0,0.111557,0.109598
26,27,233,도로시,Dorothy,D,D,0,0.0,0.019819,Water,A,B,-1,0.818242,0.539765,C,C,0,0.414951,0.359256
26,27,382,레오나,Leona,D,A,3,0.0,0.843856,Water,D,C,1,0.148231,0.410178,D,D,0,0.086608,0.138998
26,27,403,퀀시 : 이스케이프 퀸,Quency: Escape Queen,D,A,3,0.0,0.999412,Water,A,A,0,0.962882,0.977519,D,C,1,0.199679,0.202606
26,27,520,브래디,Bready,D,A,3,0.0,0.826661,Water,A,A,0,1.010422,0.89903,C,D,-1,0.202084,0.179806
26,27,580,팬텀,Phantom,D,C,1,0.0,0.293156,Water,C,C,0,0.273536,0.282564,D,D,0,0.054832,0.056637
26,27,820,렘,Rem,D,D,0,0.0,0.001838,Water,C,D,-1,0.256276,0.160464,D,D,0,0.055239,0.036076
26,27,830,아스카,Asuka,D,D,0,0.0,0.012315,,,,0,,,C,D,-1,0.21411,0.186321
27,28,194,루드밀라 : 윈터 오너,Ludmilla: Winter Owner,SS,B,-3,1.404862,0.628681,,,,0,,,B,A,1,0.792885,0.801601
27,28,502,일레그 : 붐 앤 쇼크,Elegg: Boom and Shock,SS,D,-5,1.401525,0.0,,,,0,,,SS,C,-4,1.401525,0.280305
27,28,352♥,헬름♥,Helm♥,S,S,0,1.394716,1.214307,,,,0,,,SS,S,-1,1.410813,1.352956
27,28,192♥,토브♥,Tove♥,S,B,-2,1.279492,0.688189,,,,0,,,S,A,-1,1.279492,0.806449
27,28,234,도로시 : 세렌디피티,Dorothy: Serendipity,S,B,-2,1.279492,0.635672,,,,0,,,S,B,-2,1.279492,0.764436
27,28,101♥,드레이크♥,Drake♥,S,B,-2,1.267461,0.689771,Fire,B,B,0,0.647735,0.6731,B,B,0,0.60774,0.612813
27,28,043,D : 킬러 와이프,D: Killer Wife,S,A,-1,1.234953,1.076371,Fire,S,S,0,1.313338,1.216857,A,A,0,0.930726,0.91143
27,28,082,리타,Liter,S,A,-1,1.188187,0.978109,,,,0,,,A,A,0,1.063918,1.051053
27,28,513,리틀 머메이드,Little Mermaid,S,SS,1,1.170421,1.595551,,,,0,,,S,S,0,1.184175,1.179709
27,28,354,마스트 : 로망틱 메이드,Mast: Romantic Maid,A,SS,2,1.032065,1.534299,,,,0,,,S,S,0,1.32872,1.390079
27,28,355,앵커 : 이노센트 메이드,Anchor: Innocent Maid,A,D,-3,1.022715,0.106309,,,,0,,,B,B,0,0.796272,0.686426
27,28,403,퀀시 : 이스케이프 퀸,Quency: Escape Queen,A,D,-3,0.999412,0.0,,,,0,,,C,C,0,0.202606,0.202606
27,28,382,레오나,Leona,A,C,-2,0.843856,0.433548,,,,0,,,D,D,0,0.138998,0.171461
27,28,520,브래디,Bready,A,D,-3,0.826661,0.0,,,,0,,,D,D,0,0.179806,0.179806
27,28,016,라피 : 레드 후드,Rapi: Red Hood,B,SS,3,0.784323,1.592021,Fire,SS,SS,0,1.445584,1.51623,SS,SS,0,1.404278,1.418407
27,28,182,길로틴 : 윈터 슬레이어,Guillotine: Winter Slayer,B,D,-2,0.536491,0.0,,,,0,,,D,D,0,0.109598,0.109598
27,28,511,신데렐라,Cinderella,C,B,1,0.477713,0.634608,,,,0,,,A,A,0,0.930587,0.921828
27,28,162,미하라 : 본딩 체인,Mihara: Bonding Chain,C,S,3,0.471549,1.275693,Fire,SS,S,-1,1.559685,1.388318,B,B,0,0.72341,0.689137
27,28,112♥,바이퍼♥,Viper♥,C,D,-1,0.377247,0.0,,,,0,,,D,D,0,0.1031,0.102969
27,28,283,로산나 : 시크 오션,Rosanna: Chic Ocean,C,A,2,0.359008,0.903047,,,,0,,,C,C,0,0.248226,0.310096
27,28,580,팬텀,Phantom,C,D,-1,0.293156,0.0,,,,0,,,D,D,0,0.056637,0.056637
27,28,170,프리바티,Privaty,C,D,-1,0.273371,0.0,,,,0,,,C,C,0,0.494038,0.435694
27,28,851,레이븐,Raven,C,D,-1,0.226423,0.168214,,,,0,,,C,C,0,0.350349,0.327065
27,28,191,앨리스,Alice,C,A,2,0.215921,1.026331,Fire,S,S,0,1.305843,1.194962,A,A,0,1.001509,0.979333
27,28,032♥,미란다♥,Miranda♥,D,A,3,0.142258,0.986939,Fire,B,A,1,0.673302,0.862557,C,C,0,0.453741,0.491592
27,28,470,레드 후드,Red Hood,D,D,0,0.081062,0.008989,,,,0,,,A,B,-1,0.810618,0.764022
27,28,835,아스카 : WILLE,Asuka: WILLE,D,C,1,0.030201,0.238007,,,,0,,,C,C,0,0.365621,0.387613
27,28,431,볼륨,Volume,D,D,0,0.021336,0.083107,,,,0,,,B,C,-1,0.515107,0.479492
27,28,830,아스카,Asuka,D,C,1,0.012315,0.230867,Fire,B,C,-1,0.665801,0.479028,D,D,0,0.186321,0.148967
27,28,314,소다 : 트윙클링 바니,Soda: Twinkling Bunny,D,B,2,0.012055,0.530626,,,,0,,,B,B,0,0.551118,0.555149
27,28,102,맥스웰,Maxwell,D,C,1,0.008612,0.238632,,,,0,,,C,C,0,0.462925,0.457234
27,28,260,모더니아,Modernia,D,A,3,0.0,0.973382,Fire,S,A,-1,1.10722,1.054127,B,B,0,0.549372,0.538753
27,28,810,2B,2B,D,C,1,0.0,0.226936,Fire,C,C,0,0.477633,0.378182,D,D,0,0.130954,0.111064
27,28,831,레이,Rei,D,A,3,0.0,0.967726,Fire,A,A,0,1.087943,1.036318,C,C,0,0.217589,0.207264
28,29,162,미하라 : 본딩 체인,Mihara: Bonding Chain,S,B,-2,1.275693,0.677132,,,,0,,,B,B,0,0.689137,0.716578
28,29,352♥,헬름♥,Helm♥,S,A,-1,1.214307,0.821573,,,,0,,,S,S,0,1.352956,1.309799
28,29,043,D : 킬러 와이프,D: Killer Wife,A,D,-3,1.076371,0.01269,,,,0,,,A,A,0,0.91143,0.877937
28,29,191,앨리스,Alice,A,D,-3,1.026331,0.008997,,,,0,,,A,A,0,0.979333,0.934422
28,29,032♥,미란다♥,Miranda♥,A,S,1,0.986939,1.238113,,,,0,,,C,B,1,0.491592,0.508178
28,29,514,그레이브,Grave,A,S,1,0.98177,1.217643,,,,0,,,A,A,0,1.0499,1.058328
28,29,082,리타,Liter,A,B,-1,0.978109,0.787626,Iron,A,A,0,0.957629,0.877934,A,A,0,1.051053,1.035114
28,29,260,모더니아,Modernia,A,D,-3,0.973382,0.0,,,,0,,,B,B,0,0.538753,0.510962
28,29,831,레이,Rei,A,D,-3,0.967726,0.0,,,,0,,,C,C,0,0.207264,0.207264
28,29,283,로산나 : 시크 오션,Rosanna: Chic Ocean,A,C,-2,0.903047,0.410251,,,,0,,,C,C,0,0.310096,0.301727
28,29,234,도로시 : 세렌디피티,Dorothy: Serendipity,B,B,0,0.635672,0.742006,,,,0,,,B,A,1,0.764436,0.80697
28,29,194,루드밀라 : 윈터 오너,Ludmilla: Winter Owner,B,C,-1,0.628681,0.217415,,,,0,,,A,B,-1,0.801601,0.763205
28,29,832,마리,Mari,C,B,1,0.435524,0.570549,,,,0,,,B,B,0,0.704606,0.686999
28,29,095,은화 : 택티컬 업,Eunhwa: Tactical Upgrade,C,D,-1,0.395377,0.0,,,,0,,,C,D,-1,0.395377,0.079075
28,29,093,엠마 : 택티컬 업,Emma: Tactical Upgrade,C,D,-1,0.32909,0.0,,,,0,,,C,D,-1,0.32909,0.065818
28,29,094,베스티 : 택티컬 업,Vesti: Tactical Upgrade,C,D,-1,0.319587,0.0,,,,0,,,C,D,-1,0.319587,0.063917
28,29,102,맥스웰,Maxwell,C,S,3,0.238632,1.204682,Iron,A,A,0,0.859479,1.021304,C,C,0,0.457234,0.489599
28,29,835,아스카 : WILLE,Asuka: WILLE,C,D,-1,0.238007,0.002004,,,,0,,,C,C,0,0.387613,0.386435
28,29,015,아니스 : 스파클링 서머,Anis: Sparkling Summer,C,D,-1,0.234879,0.033133,,,,0,,,B,B,0,0.713169,0.685009
28,29,830,아스카,Asuka,C,D,-1,0.230867,0.0,,,,0,,,D,D,0,0.148967,0.148967
28,29,810,2B,2B,C,D,-1,0.226936,0.0,,,,0,,,D,D,0,0.111064,0.108846
28,29,851,레이븐,Raven,D,B,2,0.168214,0.784491,Iron,A,A,0,0.846052,0.810857,C,C,0,0.327065,0.320026
28,29,225,홍련 : 흑영,Scarlet: Black Shadow,D,D,0,0.078343,0.01484,,,,0,,,A,B,-1,0.824535,0.789965
28,29,470,레드 후드,Red Hood,D,B,2,0.008989,0.711735,Iron,A,A,0,0.948906,0.837724,B,B,0,0.764022,0.741785
28,29,220,스노우 화이트,Snow White,D,S,4,0.0,1.232872,Iron,A,S,1,1.040968,1.13093,C,C,0,0.303015,0.321007
28,29,353,헬름 : 아쿠아마린,Helm: Aquamarine,D,S,4,0.0,1.236665,Iron,S,S,0,1.112765,1.170847,C,C,0,0.258844,0.27046
28,29,451,티아,Tia,D,D,0,0.0,0.003294,Iron,A,C,-2,0.865924,0.461537,B,B,0,0.589509,0.508631
28,29,850,이브,EVE,D,SS,5,0.0,1.50395,Iron,SS,SS,0,1.626815,1.556572,C,C,0,0.325363,0.311314
29,30,016,라피 : 레드 후드,Rapi: Red Hood,SS,B,-3,1.514417,0.675723,,,,0,,,SS,S,-1,1.403149,1.276431
29,30,513,리틀 머메이드,Little Mermaid,SS,A,-2,1.514417,1.086377,,,,0,,,S,A,-1,1.159506,1.086905
29,30,850,이브,EVE,SS,D,-5,1.50395,0.0,,,,0,,,C,C,0,0.311314,0.311314
29,30,032♥,미란다♥,Miranda♥,S,B,-2,1.238113,0.739229,,,,0,,,B,B,0,0.508178,0.572107
29,30,353,헬름 : 아쿠아마린,Helm: Aquamarine,S,D,-4,1.236665,0.0,,,,0,,,C,C,0,0.27046,0.266525
29,30,220,스노우 화이트,Snow White,S,D,-4,1.232872,0.0,,,,0,,,C,C,0,0.321007,0.313534
29,30,514,그레이브,Grave,S,C,-3,1.217643,0.362698,,,,0,,,A,A,0,1.058328,0.89968
29,30,102,맥스웰,Maxwell,S,D,-4,1.204682,0.006676,,,,0,,,C,C,0,0.489599,0.44234
29,30,851,레이븐,Raven,B,D,-2,0.784491,0.087359,,,,0,,,C,C,0,0.320026,0.290704
29,30,315,에이드 : 에이전트 바니,Ade: Agent Bunny,B,S,2,0.771938,1.163339,,,,0,,,B,A,1,0.771938,1.085059
29,30,192♥,토브♥,Tove♥,B,A,1,0.7453,0.978127,,,,0,,,A,A,0,0.829294,0.898996
29,30,314,소다 : 트윙클링 바니,Soda: Twinkling Bunny,B,D,-2,0.7453,0.103405,,,,0,,,B,C,-1,0.561616,0.49979
29,30,234,도로시 : 세렌디피티,Dorothy: Serendipity,B,D,-2,0.742006,0.057966,,,,0,,,A,B,-1,0.80697,0.638737
29,30,101♥,드레이크♥,Drake♥,B,A,1,0.723897,0.978127,,,,0,,,B,B,0,0.627175,0.699662
29,30,470,레드 후드,Red Hood,B,D,-2,0.711735,0.027171,,,,0,,,B,B,0,0.741785,0.600476
29,30,272,루주,Rouge,B,SS,3,0.695925,1.483876,Electric,SS,SS,0,1.772215,1.591002,A,A,0,0.930156,0.893913
29,30,511,신데렐라,Cinderella,B,SS,3,0.685168,1.5838,Electric,SS,SS,0,1.773651,1.654335,A,A,0,0.917694,0.893831
29,30,143,밀크 : 블루밍 바니,Milk: Blooming Bunny,B,D,-2,0.558382,0.0,,,,0,,,B,D,-2,0.558382,0.111676
29,30,283,로산나 : 시크 오션,Rosanna: Chic Ocean,C,D,-1,0.410251,0.047059,,,,0,,,C,C,0,0.301727,0.294395
29,30,382,레오나,Leona,C,D,-1,0.39358,0.047823,,,,0,,,D,D,0,0.197898,0.189584
29,30,450,나가,Naga,D,D,0,0.065279,0.023828,Electric,A,C,-2,0.814884,0.393235,B,C,-1,0.526714,0.442384
29,30,015,아니스 : 스파클링 서머,Anis: Sparkling Summer,D,S,4,0.033133,1.123554,Electric,SS,S,-1,1.560105,1.333166,B,B,0,0.685009,0.639621
29,30,270,블랑,Blanc,D,D,0,0.032273,0.0,,,,0,,,B,C,-1,0.529778,0.465706
29,30,271,누아르,Noir,D,D,0,0.032273,0.007204,,,,0,,,B,C,-1,0.527395,0.464601
29,30,043,D : 킬러 와이프,D: Killer Wife,D,B,2,0.01269,0.600908,,,,0,,,A,B,-1,0.877937,0.786953
29,30,451,티아,Tia,D,D,0,0.003294,0.0,,,,0,,,B,C,-1,0.508631,0.421761
29,30,180,길로틴,Guillotine,D,D,0,0.0,0.028689,Electric,C,D,-1,0.22292,0.123678,D,D,0,0.064268,0.04442
29,30,183,메이든 : 아이스 로즈,Maiden: Ice Rose,D,S,4,0.0,1.391143,Electric,SS,SS,0,1.802202,1.489317,B,B,0,0.595847,0.53327
29,30,202,도라,Dolla,D,A,3,0.0,0.874721,,,,0,,,D,D,0,0.117907,0.189495
29,30,210♥,엑시아♥,Exia♥,D,C,1,0.0,0.469647,Electric,S,A,-1,1.355493,0.857798,C,D,-1,0.281336,0.181797
29,30,222,홍련,Scarlet,D,B,2,0.0,0.502918,Electric,B,B,0,0.614501,0.557488,C,C,0,0.216687,0.205284
29,30,231,이사벨,Isabel,D,A,3,0.0,0.934329,Electric,D,C,1,0.016913,0.485666,D,D,0,0.004859,0.098609
29,30,260,모더니아,Modernia,D,D,0,0.0,0.005618,,,,0,,,B,C,-1,0.510962,0.455467
29,30,313,프리바티 : 언카인드 메이드,Privaty: Unkind Maid,D,D,0,0.0,0.134026,Electric,B,C,-1,0.665546,0.382235,D,D,0,0.171576,0.114913
29,30,391,아인,Ein,D,A,3,0.0,0.996862,Electric,SS,S,-1,1.499299,1.217015,C,C,0,0.316876,0.260419
29,30,403,퀀시 : 이스케이프 퀸,Quency: Escape Queen,D,D,0,0.0,0.0,,,,0,,,C,D,-1,0.202606,0.198143
29,30,412,트리나,Trina,D,C,1,0.0,0.468063,Electric,,C,0,,0.468063,D,D,0,0.000243,0.093856
29,30,581,아르카나,Arcana,D,A,3,0.0,0.934329,Electric,,A,0,,0.934329,D,D,0,0.003773,0.190639
30,31,511,신데렐라,Cinderella,SS,B,-3,1.5838,0.581507,,,,0,,,A,A,0,0.893831,0.862704
30,31,272,루주,Rouge,SS,B,-3,1.483876,0.572153,,,,0,,,A,A,0,0.893913,0.861429
30,31,330,크라운,Crown,SS,S,-1,1.438764,1.333868,,,,0,,,SS,SS,0,1.537695,1.504618
30,31,183,메이든 : 아이스 로즈,Maiden: Ice Rose,S,D,-4,1.391143,0.001596,,,,0,,,B,C,-1,0.53327,0.434791
30,31,315,에이드 : 에이전트 바니,Ade: Agent Bunny,S,C,-3,1.163339,0.464926,,,,0,,,A,A,0,1.085059,0.805694
30,31,015,아니스 : 스파클링 서머,Anis: Sparkling Summer,S,D,-4,1.123554,0.02288,,,,0,,,B,B,0,0.639621,0.554153
30,31,513,리틀 머메이드,Little Mermaid,A,S,1,1.086377,1.333868,Wind,,S,0,,1.333868,A,S,1,1.086905,1.353679
30,31,391,아인,Ein,A,D,-3,0.996862,0.0,,,,0,,,C,C,0,0.260419,0.259846
30,31,101♥,드레이크♥,Drake♥,A,C,-2,0.978127,0.494153,,,,0,,,B,B,0,0.699662,0.710581
30,31,192♥,토브♥,Tove♥,A,B,-1,0.978127,0.52562,,,,0,,,A,A,0,0.898996,0.843346
30,31,231,이사벨,Isabel,A,D,-3,0.934329,0.0,,,,0,,,D,D,0,0.098609,0.09849
30,31,581,아르카나,Arcana,A,D,-3,0.934329,0.0,,,,0,,,D,D,0,0.190639,0.189696
30,31,202,도라,Dolla,A,D,-3,0.874721,0.009051,Wind,C,D,-1,0.251704,0.105229,D,D,0,0.189495,0.1602
30,31,840,에이다,Ada,A,D,-3,0.874302,0.00193,,,,0,,,A,D,-3,0.874302,0.176404
30,31,043,D : 킬러 와이프,D: Killer Wife,B,C,-1,0.600908,0.379896,,,,0,,,B,B,0,0.786953,0.752242
30,31,082,리타,Liter,B,S,2,0.60072,1.217389,,,,0,,,A,A,0,1.001649,1.012229
30,31,832,마리,Mari,B,D,-2,0.53115,0.0,,,,0,,,B,B,0,0.660203,0.546043
30,31,222,홍련,Scarlet,B,D,-2,0.502918,0.0,,,,0,,,C,D,-1,0.205284,0.173428
30,31,210♥,엑시아♥,Exia♥,C,D,-1,0.469647,0.0,,,,0,,,D,D,0,0.181797,0.181437
30,31,412,트리나,Trina,C,D,-1,0.468063,0.0,,,,0,,,D,D,0,0.093856,0.093795
30,31,194,루드밀라 : 윈터 오너,Ludmilla: Winter Owner,C,B,1,0.220671,0.543251,,,,0,,,B,B,0,0.69562,0.692948
30,31,234,도로시 : 세렌디피티,Dorothy: Serendipity,D,B,2,0.057966,0.517306,,,,0,,,B,B,0,0.638737,0.646489
30,31,835,아스카 : WILLE,Asuka: WILLE,D,S,4,0.051351,1.35064,Wind,SS,SS,0,1.541425,1.403068,C,C,0,0.377167,0.349496
30,31,225,홍련 : 흑영,Scarlet: Black Shadow,D,SS,5,0.047116,1.528672,Wind,SS,SS,0,1.577519,1.547059,B,B,0,0.701804,0.695712
30,31,283,로산나 : 시크 오션,Rosanna: Chic Ocean,D,D,0,0.047059,0.006866,Wind,C,D,-1,0.304465,0.110016,C,C,0,0.294395,0.255505
30,31,431,볼륨,Volume,D,B,2,0.045582,0.793998,Wind,A,A,0,0.883986,0.829665,C,C,0,0.403188,0.392324
30,31,355,앵커 : 이노센트 메이드,Anchor: Innocent Maid,D,SS,5,0.038779,1.528672,,,,0,,,B,B,0,0.577292,0.595256
30,31,450,나가,Naga,D,C,1,0.023828,0.349387,,,,0,,,C,C,0,0.442384,0.418258
30,31,191,앨리스,Alice,D,D,0,0.017647,0.012789,,,,0,,,A,B,-1,0.840562,0.654549
30,31,271,누아르,Noir,D,C,1,0.007204,0.258113,Wind,B,C,-1,0.797495,0.471903,C,C,0,0.464601,0.399483
30,31,102,맥스웰,Maxwell,D,C,1,0.006676,0.45281,,,,0,,,C,C,0,0.44234,0.450706
30,31,290,마나,Mana,D,C,1,0.000172,0.465551,Wind,B,C,-1,0.55766,0.490863,D,D,0,0.126576,0.113216
30,31,270,블랑,Blanc,D,C,1,0.0,0.366867,Wind,B,B,0,0.797495,0.537551,C,C,0,0.465706,0.413717
30,31,284,사쿠라 : 블룸 인 서머,Sakura: Bloom in Summer,D,C,1,0.0,0.317222,Wind,B,C,-1,0.661347,0.436498,D,D,0,0.134125,0.089155
30,31,400,길티,Guilty,D,D,0,0.0,0.014745,Wind,C,D,-1,0.388138,0.162744,D,D,0,0.0812,0.036121
30,31,834,레이 (가칭),Rei (Tentative Name),D,S,4,0.0,1.296118,Wind,SS,S,-1,1.533838,1.361443,C,C,0,0.311947,0.277468
31,32,225,홍련 : 흑영,Scarlet: Black Shadow,SS,D,-5,1.528672,0.005249,,,,0,,,B,B,0,0.695712,0.650125
31,32,354,마스트 : 로망틱 메이드,Mast: Romantic Maid,SS,S,-1,1.528672,1.390198,,,,0,,,S,S,0,1.381135,1.381816
31,32,355,앵커 : 이노센트 메이드,Anchor: Innocent Maid,SS,D,-5,1.528672,0.02432,,,,0,,,B,B,0,0.595256,0.561558
31,32,262,리버렐리오,Liberalio,SS,C,-4,1.528443,0.492699,,,,0,,,SS,B,-3,1.528443,0.699848
31,32,835,아스카 : WILLE,Asuka: WILLE,S,D,-4,1.35064,0.005956,,,,0,,,C,C,0,0.349496,0.332504
31,32,834,레이 (가칭),Rei (Tentative Name),S,D,-4,1.296118,0.0,,,,0,,,C,C,0,0.277468,0.276956
31,32,082,리타,Liter,S,A,-1,1.217389,0.832076,,,,0,,,A,A,0,1.012229,0.993916
31,32,223,나유타,Nayuta,A,B,-1,0.993994,0.739335,,,,0,,,A,B,-1,0.993994,0.790266
31,32,431,볼륨,Volume,B,C,-1,0.793998,0.35928,,,,0,,,C,C,0,0.392324,0.392726
31,32,023,델타 : 닌자 시프,Delta: Ninja Thief,B,D,-2,0.765061,0.0,,,,0,,,B,C,-1,0.612049,0.306025
31,32,016,라피 : 레드 후드,Rapi: Red Hood,B,S,2,0.757995,1.395096,Fire,SS,SS,0,1.51623,1.465066,S,S,0,1.162757,1.152524
31,32,032♥,미란다♥,Miranda♥,B,A,1,0.65134,1.040274,Fire,A,A,0,0.862557,0.947452,B,B,0,0.666577,0.683556
31,32,162,미하라 : 본딩 체인,Mihara: Bonding Chain,B,A,1,0.59999,1.047645,Fire,S,S,0,1.388318,1.225578,B,B,0,0.742251,0.709703
31,32,511,신데렐라,Cinderella,B,C,-1,0.581507,0.273129,,,,0,,,A,A,0,0.862704,0.8282
31,32,194,루드밀라 : 윈터 오너,Ludmilla: Winter Owner,B,D,-2,0.543251,0.027963,,,,0,,,B,B,0,0.692948,0.651942
31,32,192♥,토브♥,Tove♥,B,A,1,0.52562,0.858561,,,,0,,,A,A,0,0.843346,0.863876
31,32,234,도로시 : 세렌디피티,Dorothy: Serendipity,B,A,1,0.517306,0.85487,,,,0,,,B,B,0,0.646489,0.672902
31,32,101♥,드레이크♥,Drake♥,C,A,2,0.494153,0.858561,Fire,B,B,0,0.6731,0.761695,B,B,0,0.710581,0.728301
31,32,290,마나,Mana,C,D,-1,0.465551,0.0,,,,0,,,D,D,0,0.113216,0.113216
31,32,315,에이드 : 에이전트 바니,Ade: Agent Bunny,C,C,0,0.464926,0.203675,,,,0,,,A,B,-1,0.805694,0.642905
31,32,043,D : 킬러 와이프,D: Killer Wife,C,A,2,0.379896,0.897397,Fire,S,A,-1,1.216857,1.094946,B,B,0,0.752242,0.72786
31,32,270,블랑,Blanc,C,D,-1,0.366867,0.029249,,,,0,,,C,C,0,0.413717,0.369528
31,32,450,나가,Naga,C,D,-1,0.349387,0.0,,,,0,,,C,C,0,0.418258,0.397127
31,32,284,사쿠라 : 블룸 인 서머,Sakura: Bloom in Summer,C,D,-1,0.317222,0.0,,,,0,,,D,D,0,0.089155,0.088892
31,32,514,그레이브,Grave,C,A,2,0.307697,0.827372,Fire,A,A,0,1.025861,0.942024,A,A,0,0.855457,0.83869
31,32,271,누아르,Noir,C,D,-1,0.258113,0.001979,,,,0,,,C,C,0,0.399483,0.355521
31,32,470,레드 후드,Red Hood,D,B,2,0.056456,0.573585,,,,0,,,B,B,0,0.542484,0.559683
31,32,191,앨리스,Alice,D,A,3,0.012789,0.813325,Fire,S,A,-1,1.194962,1.051657,B,B,0,0.654549,0.625888
31,32,260,모더니아,Modernia,D,A,3,0.010836,0.822683,Fire,A,A,0,1.054127,0.96722,C,C,0,0.399028,0.381647
31,32,283,로산나 : 시크 오션,Rosanna: Chic Ocean,D,B,2,0.006866,0.627619,,,,0,,,C,C,0,0.255505,0.266198
31,32,840,에이다,Ada,D,A,3,0.00193,0.856808,,,,0,,,D,B,2,0.176404,0.518355
31,32,094,베스티 : 택티컬 업,Vesti: Tactical Upgrade,D,D,0,0.0,0.076111,Fire,C,D,-1,0.319587,0.172893,D,D,0,0.063917,0.034579
31,32,831,레이,Rei,D,A,3,0.0,0.815061,Fire,A,A,0,1.036318,0.949084,C,D,-1,0.207264,0.189817
31,32,832,마리,Mari,D,D,0,0.0,0.001318,,,,0,,,B,C,-1,0.546043,0.497912
32,33,016,라피 : 레드 후드,Rapi: Red Hood,S,B,-2,1.395096,0.639656,,,,0,,,S,S,0,1.152524,1.111623
32,33,330,크라운,Crown,S,A,-1,1.395096,1.090487,,,,0,,,SS,SS,0,1.490182,1.457325
32,33,513,리틀 머메이드,Little Mermaid,S,A,-1,1.395096,0.915351,,,,0,,,S,S,0,1.333476,1.299994
32,33,354,마스트 : 로망틱 메이드,Mast: Romantic Maid,S,A,-1,1.390198,0.903638,Water,A,A,0,1.04397,0.978335,S,S,0,1.381816,1.368689
32,33,075,디젤 : 윈터 스위츠,Diesel: Winter Sweets,S,C,-3,1.19337,0.229904,,,,0,,,S,C,-3,1.19337,0.422597
32,33,162,미하라 : 본딩 체인,Mihara: Bonding Chain,A,C,-2,1.047645,0.393792,,,,0,,,B,B,0,0.709703,0.699497
32,33,032♥,미란다♥,Miranda♥,A,S,1,1.040274,1.242654,,,,0,,,B,B,0,0.683556,0.793509
32,33,073,브리드 : 사일런트 트랙,Brid: Silent Track,A,D,-3,1.006139,0.0,,,,0,,,A,C,-2,1.006139,0.201228
32,33,352♥,헬름♥,Helm♥,A,A,0,0.976758,1.089354,Water,SS,S,-1,1.432938,1.272238,S,S,0,1.138493,1.106353
32,33,043,D : 킬러 와이프,D: Killer Wife,A,D,-3,0.897397,0.050524,,,,0,,,B,B,0,0.72786,0.654567
32,33,101♥,드레이크♥,Drake♥,A,S,1,0.858561,1.106768,,,,0,,,B,B,0,0.728301,0.762173
32,33,192♥,토브♥,Tove♥,A,S,1,0.858561,1.106768,Water,S,S,0,1.279492,1.16613,A,A,0,0.863876,0.841203
32,33,840,에이다,Ada,A,B,-1,0.856808,0.781104,,,,0,,,B,B,0,0.518355,0.612151
32,33,234,도로시 : 세렌디피티,Dorothy: Serendipity,A,S,1,0.85487,1.106768,Water,S,S,0,1.279492,1.16613,B,B,0,0.672902,0.65023
32,33,514,그레이브,Grave,A,B,-1,0.827372,0.762176,,,,0,,,A,A,0,0.83869,0.831201
32,33,260,모더니아,Modernia,A,D,-3,0.822683,0.0,,,,0,,,C,C,0,0.381647,0.356363
32,33,831,레이,Rei,A,D,-3,0.815061,0.0,,,,0,,,D,D,0,0.189817,0.189817
32,33,191,앨리스,Alice,A,D,-3,0.813325,0.060856,,,,0,,,B,B,0,0.625888,0.572865
32,33,272,루주,Rouge,B,S,2,0.751189,1.183095,,,,0,,,A,A,0,0.866266,0.90981
32,33,223,나유타,Nayuta,B,A,1,0.739335,0.979868,,,,0,,,B,A,1,0.790266,0.88648
32,33,074,솔린 : 프로스트 티켓,Soline: Frost Ticket,B,A,1,0.701852,1.089283,Water,,A,0,,1.089283,B,B,0,0.561482,0.779339
32,33,283,로산나 : 시크 오션,Rosanna: Chic Ocean,B,D,-2,0.627619,0.00118,,,,0,,,C,C,0,0.266198,0.252581
32,33,470,레드 후드,Red Hood,B,C,-1,0.573585,0.24576,,,,0,,,B,B,0,0.559683,0.526716
32,33,262,리버렐리오,Liberalio,C,A,2,0.492699,0.836393,,,,0,,,B,A,1,0.699848,0.837326
32,33,431,볼륨,Volume,C,D,-1,0.35928,0.067219,,,,0,,,C,C,0,0.392726,0.37083
32,33,102,맥스웰,Maxwell,C,D,-1,0.220421,0.099825,,,,0,,,C,C,0,0.446088,0.430712
32,33,315,에이드 : 에이전트 바니,Ade: Agent Bunny,C,D,-1,0.203675,0.059524,,,,0,,,B,B,0,0.642905,0.53268
32,33,270,블랑,Blanc,D,S,4,0.029249,1.178424,,,,0,,,C,C,0,0.369528,0.438438
32,33,194,루드밀라 : 윈터 오너,Ludmilla: Winter Owner,D,A,3,0.027963,1.078839,Water,SS,S,-1,1.410669,1.274951,B,B,0,0.651942,0.624799
32,33,355,앵커 : 이노센트 메이드,Anchor: Innocent Maid,D,A,3,0.02432,0.903638,Water,A,A,0,1.039668,0.976045,B,B,0,0.561558,0.548833
32,33,015,아니스 : 스파클링 서머,Anis: Sparkling Summer,D,D,0,0.007496,0.0,,,,0,,,B,C,-1,0.521189,0.480698
32,33,170,프리바티,Privaty,D,D,0,0.004185,0.007625,Water,B,C,-1,0.592364,0.358595,C,C,0,0.278705,0.231952
32,33,112♥,바이퍼♥,Viper♥,D,D,0,0.0,0.015311,Water,B,C,-1,0.511036,0.296143,D,D,0,0.102524,0.059545
32,33,182,길로틴 : 윈터 슬레이어,Guillotine: Winter Slayer,D,C,1,0.0,0.270323,Water,B,C,-1,0.547988,0.41812,D,D,0,0.109598,0.083624
32,33,195,앨리스 : 원더랜드 바니,Alice: Wonderland Bunny,D,D,0,0.0,0.005777,Water,C,D,-1,0.230095,0.132855,D,D,0,0.061801,0.042353
32,33,233,도로시,Dorothy,D,D,0,0.0,0.002114,Water,B,C,-1,0.539765,0.324821,C,D,-1,0.220713,0.177724
32,33,403,퀀시 : 이스케이프 퀸,Quency: Escape Queen,D,B,2,0.0,0.65681,Water,A,A,0,0.977519,0.838494,D,D,0,0.198324,0.170519
32,33,502,일레그 : 붐 앤 쇼크,Elegg: Boom and Shock,D,A,3,0.0,1.078562,Water,SS,S,-1,1.401525,1.189558,C,C,0,0.280555,0.238162
32,33,520,브래디,Bready,D,A,3,0.0,0.809684,Water,A,A,0,0.89903,0.851093,D,D,0,0.179806,0.170219
32,33,580,팬텀,Phantom,D,D,0,0.0,0.024928,Water,C,D,-1,0.282564,0.162063,D,D,0,0.056559,0.032459
33,34,032♥,미란다♥,Miranda♥,S,A,-1,1.242654,0.854434,,,,0,,,B,B,0,0.793509,0.7591
33,34,471,스노우 화이트 : 헤비암즈,Snow White: Heavy Arms,S,B,-2,1.242654,0.635257,,,,0,,,S,B,-2,1.242654,0.756736
33,34,272,루주,Rouge,S,D,-4,1.183095,0.172403,,,,0,,,A,A,0,0.90981,0.855171
33,34,270,블랑,Blanc,S,D,-4,1.178424,0.013424,,,,0,,,C,C,0,0.438438,0.411941
33,34,101♥,드레이크♥,Drake♥,S,A,-1,1.106768,0.818055,,,,0,,,B,B,0,0.762173,0.775903
33,34,192♥,토브♥,Tove♥,S,A,-1,1.106768,0.818055,,,,0,,,A,A,0,0.841203,0.8506
33,34,234,도로시 : 세렌디피티,Dorothy: Serendipity,S,A,-1,1.106768,0.809474,,,,0,,,B,B,0,0.65023,0.658944
33,34,330,크라운,Crown,A,SS,2,1.090487,1.503219,Iron,SS,SS,0,1.531318,1.518122,SS,SS,0,1.457325,1.454686
33,34,352♥,헬름♥,Helm♥,A,B,-1,1.089354,0.589909,,,,0,,,S,A,-1,1.106353,1.070328
33,34,074,솔린 : 프로스트 티켓,Soline: Frost Ticket,A,D,-3,1.089283,0.001793,,,,0,,,B,C,-1,0.779339,0.499315
33,34,194,루드밀라 : 윈터 오너,Ludmilla: Winter Owner,A,D,-3,1.078839,0.009311,,,,0,,,B,B,0,0.624799,0.58615
33,34,502,일레그 : 붐 앤 쇼크,Elegg: Boom and Shock,A,D,-3,1.078562,0.0,,,,0,,,C,C,0,0.238162,0.238162
33,34,513,리틀 머메이드,Little Mermaid,A,SS,2,0.915351,1.499259,,,,0,,,S,S,0,1.299994,1.292653
33,34,354,마스트 : 로망틱 메이드,Mast: Romantic Maid,A,SS,2,0.903638,1.411659,,,,0,,,S,S,0,1.368689,1.353463
33,34,355,앵커 : 이노센트 메이드,Anchor: Innocent Maid,A,D,-3,0.903638,0.133349,,,,0,,,B,B,0,0.548833,0.559774
33,34,262,리버렐리오,Liberalio,A,D,-3,0.836393,0.077226,,,,0,,,A,B,-1,0.837326,0.680707
33,34,520,브래디,Bready,A,D,-3,0.809684,0.0,,,,0,,,D,D,0,0.170219,0.170219
33,34,514,그레이브,Grave,B,B,0,0.762176,0.603883,,,,0,,,A,B,-1,0.831201,0.771771
33,34,403,퀀시 : 이스케이프 퀸,Quency: Escape Queen,B,D,-2,0.65681,0.0,,,,0,,,D,D,0,0.170519,0.170519
33,34,016,라피 : 레드 후드,Rapi: Red Hood,B,SS,3,0.639656,1.503219,Iron,SS,SS,0,1.571568,1.536683,S,S,0,1.111623,1.104646
33,34,511,신데렐라,Cinderella,C,D,-1,0.476354,0.106976,,,,0,,,A,B,-1,0.813223,0.75262
33,34,162,미하라 : 본딩 체인,Mihara: Bonding Chain,C,D,-1,0.393792,0.108369,,,,0,,,B,B,0,0.699497,0.646684
33,34,182,길로틴 : 윈터 슬레이어,Guillotine: Winter Slayer,C,D,-1,0.270323,0.0,,,,0,,,D,D,0,0.083624,0.083624
33,34,470,레드 후드,Red Hood,C,B,1,0.24576,0.557787,Iron,A,B,-1,0.837724,0.708713,B,B,0,0.526716,0.500914
33,34,075,디젤 : 윈터 스위츠,Diesel: Winter Sweets,C,D,-1,0.229904,0.062624,,,,0,,,C,C,0,0.422597,0.355685
33,34,102,맥스웰,Maxwell,D,C,1,0.099825,0.389255,Iron,A,B,-1,1.021304,0.730019,C,C,0,0.430712,0.372455
33,34,315,에이드 : 에이전트 바니,Ade: Agent Bunny,D,A,3,0.059524,0.828182,Iron,B,A,1,0.771938,0.808262,B,B,0,0.53268,0.539945
33,34,851,레이븐,Raven,D,A,3,0.005107,0.942568,Iron,A,A,0,0.810857,0.878082,C,C,0,0.220758,0.234203
33,34,283,로산나 : 시크 오션,Rosanna: Chic Ocean,D,C,1,0.00118,0.20704,,,,0,,,C,C,0,0.252581,0.228637
33,34,143,밀크 : 블루밍 바니,Milk: Blooming Bunny,D,C,1,0.0,0.438667,Iron,B,C,-1,0.558382,0.481068,D,D,0,0.111676,0.096214
33,34,220,스노우 화이트,Snow White,D,B,2,0.0,0.72715,Iron,S,A,-1,1.13093,0.944844,C,C,0,0.275102,0.237885
33,34,314,소다 : 트윙클링 바니,Soda: Twinkling Bunny,D,A,3,0.0,0.818055,Iron,B,B,0,0.715726,0.765641,C,C,0,0.357172,0.367155
33,34,353,헬름 : 아쿠아마린,Helm: Aquamarine,D,A,3,0.0,0.879098,Iron,S,A,-1,1.170847,1.036392,C,C,0,0.250577,0.223686
33,34,850,이브,EVE,D,SS,5,0.0,1.465233,Iron,SS,SS,0,1.556572,1.509953,C,C,0,0.311314,0.301991
34,35,016,라피 : 레드 후드,Rapi: Red Hood,SS,S,-1,1.503219,1.112758,Fire,SS,S,-1,1.465066,1.330448,S,A,-1,1.104646,1.077723
34,35,330,크라운,Crown,SS,S,-1,1.503219,1.112758,,,,0,,,SS,SS,0,1.454686,1.425903
34,35,513,리틀 머메이드,Little Mermaid,SS,S,-1,1.499259,1.115011,,,,0,,,S,S,0,1.292653,1.260508
34,35,850,이브,EVE,SS,D,-5,1.465233,0.0,,,,0,,,C,C,0,0.301991,0.301991
34,35,354,마스트 : 로망틱 메이드,Mast: Romantic Maid,SS,S,-1,1.411659,1.198355,,,,0,,,S,S,0,1.353463,1.337978
34,35,851,레이븐,Raven,A,D,-3,0.942568,0.0,,,,0,,,C,C,0,0.234203,0.222896
34,35,082,리타,Liter,A,B,-1,0.915999,0.693449,,,,0,,,A,A,0,0.990037,0.969397
34,35,353,헬름 : 아쿠아마린,Helm: Aquamarine,A,D,-3,0.879098,0.0,,,,0,,,C,C,0,0.223686,0.223147
34,35,315,에이드 : 에이전트 바니,Ade: Agent Bunny,A,D,-3,0.828182,0.001812,,,,0,,,B,B,0,0.539945,0.515957
34,35,101♥,드레이크♥,Drake♥,A,A,0,0.818055,0.991608,Fire,B,A,1,0.761695,0.856317,B,B,0,0.775903,0.794827
34,35,314,소다 : 트윙클링 바니,Soda: Twinkling Bunny,A,D,-3,0.818055,0.009506,,,,0,,,C,C,0,0.367155,0.344031
34,35,860,치사토,Chisato,A,D,-3,0.803766,0.0,,,,0,,,A,D,-3,0.803766,0.160753
34,35,861,타키나,Takina,B,D,-2,0.787245,0.0,,,,0,,,B,D,-2,0.787245,0.157449
34,35,840,에이다,Ada,B,A,1,0.728389,0.984444,,,,0,,,B,B,0,0.648506,0.663674
34,35,220,스노우 화이트,Snow White,B,D,-2,0.72715,0.0,,,,0,,,C,C,0,0.237885,0.235457
34,35,281♥,목단♥,Moran♥,B,S,2,0.689112,1.194821,,,,0,,,B,B,0,0.551289,0.753573
34,35,471,스노우 화이트 : 헤비암즈,Snow White: Heavy Arms,B,A,1,0.635257,1.041066,,,,0,,,B,A,1,0.756736,0.91906
34,35,352♥,헬름♥,Helm♥,B,A,1,0.589909,1.074219,,,,0,,,A,A,0,1.070328,1.062008
34,35,470,레드 후드,Red Hood,B,D,-2,0.557787,0.0,,,,0,,,B,C,-1,0.500914,0.469783
34,35,143,밀크 : 블루밍 바니,Milk: Blooming Bunny,C,D,-1,0.438667,0.0,,,,0,,,D,D,0,0.096214,0.096214
34,35,102,맥스웰,Maxwell,C,D,-1,0.389255,0.156372,,,,0,,,C,C,0,0.372455,0.365187
34,35,283,로산나 : 시크 오션,Rosanna: Chic Ocean,C,D,-1,0.20704,0.0,,,,0,,,C,D,-1,0.228637,0.18871
34,35,272,루주,Rouge,D,B,2,0.172403,0.792319,,,,0,,,A,A,0,0.855171,0.860842
34,35,162,미하라 : 본딩 체인,Mihara: Bonding Chain,D,A,3,0.108369,1.001497,Fire,S,S,0,1.225578,1.133356,B,B,0,0.646684,0.628239
34,35,075,디젤 : 윈터 스위츠,Diesel: Winter Sweets,D,S,4,0.062624,1.203003,Fire,S,S,0,1.19337,1.199094,C,C,0,0.355685,0.35683
34,35,043,D : 킬러 와이프,D: Killer Wife,D,C,1,0.025782,0.207784,Fire,A,B,-1,1.094946,0.776944,B,B,0,0.639134,0.575533
34,35,074,솔린 : 프로스트 티켓,Soline: Frost Ticket,D,A,3,0.001793,0.977085,,,,0,,,C,B,1,0.499315,0.564729
34,35,073,브리드 : 사일런트 트랙,Brid: Silent Track,D,S,4,0.0,1.204179,Fire,A,S,1,1.006139,1.123809,C,C,0,0.201228,0.224762
34,35,093,엠마 : 택티컬 업,Emma: Tactical Upgrade,D,D,0,0.0,0.0,Fire,C,D,-1,0.222182,0.118049,D,D,0,0.04524,0.024414
34,35,095,은화 : 택티컬 업,Eunhwa: Tactical Upgrade,D,D,0,0.0,0.0,Fire,C,D,-1,0.248531,0.132049,D,D,0,0.05051,0.027214
34,35,191,앨리스,Alice,D,B,2,0.0,0.685583,Fire,A,A,0,1.051657,0.921796,B,B,0,0.548582,0.52261
34,35,260,모더니아,Modernia,D,B,2,0.0,0.666086,Fire,A,A,0,0.96722,0.860395,C,C,0,0.341849,0.320484
34,35,810,2B,2B,D,D,0,0.0,0.0,Fire,C,D,-1,0.25254,0.162954,D,D,0,0.065634,0.047717
34,35,831,레이,Rei,D,B,2,0.0,0.608652,Fire,A,A,0,0.949084,0.824492,D,D,0,0.189817,0.164898
35,36,073,브리드 : 사일런트 트랙,Brid: Silent Track,S,D,-4,1.204179,0.0,,,,0,,,C,C,0,0.224762,0.224762
35,36,075,디젤 : 윈터 스위츠,Diesel: Winter Sweets,S,D,-4,1.203003,0.108499,,,,0,,,C,C,0,0.35683,0.346759
35,36,354,마스트 : 로망틱 메이드,Mast: Romantic Maid,S,A,-1,1.198355,0.943607,,,,0,,,S,S,0,1.337978,1.272176
35,36,281♥,목단♥,Moran♥,S,A,-1,1.194821,0.88977,Electric,,A,0,,0.88977,B,A,1,0.753573,0.931527
35,36,513,리틀 머메이드,Little Mermaid,S,A,-1,1.115011,0.900603,,,,0,,,S,S,0,1.260508,1.235018
35,36,016,라피 : 레드 후드,Rapi: Red Hood,S,B,-2,1.112758,0.561062,,,,0,,,A,A,0,1.077723,1.06199
35,36,330,크라운,Crown,S,SS,1,1.112758,1.807986,,,,0,,,SS,SS,0,1.425903,1.457366
35,36,352♥,헬름♥,Helm♥,A,D,-3,1.074219,0.16374,,,,0,,,A,A,0,1.062008,0.949807
35,36,471,스노우 화이트 : 헤비암즈,Snow White: Heavy Arms,A,B,-1,1.041066,0.583031,,,,0,,,A,A,0,0.91906,0.851025
35,36,032♥,미란다♥,Miranda♥,A,B,-1,1.001497,0.688647,,,,0,,,B,B,0,0.763548,0.756608
35,36,162,미하라 : 본딩 체인,Mihara: Bonding Chain,A,C,-2,1.001497,0.36997,,,,0,,,B,B,0,0.628239,0.593156
35,36,223,나유타,Nayuta,A,B,-1,1.001497,0.721027,,,,0,,,A,A,0,0.927152,0.889269
35,36,101♥,드레이크♥,Drake♥,A,D,-3,0.991608,0.001127,,,,0,,,B,B,0,0.794827,0.660773
35,36,192♥,토브♥,Tove♥,A,D,-3,0.991608,0.001127,,,,0,,,A,B,-1,0.86942,0.735366
35,36,583,아르카나 : 포츈 메이트,Arcana: Fortune Mate,A,D,-3,0.991608,0.001127,,,,0,,,A,D,-3,0.991608,0.199223
35,36,840,에이다,Ada,A,B,-1,0.984444,0.711718,Electric,A,B,-1,0.874302,0.762761,B,B,0,0.663674,0.641366
35,36,234,도로시 : 세렌디피티,Dorothy: Serendipity,A,D,-3,0.982102,0.004117,,,,0,,,B,B,0,0.679038,0.671649
35,36,074,솔린 : 프로스트 티켓,Soline: Frost Ticket,A,D,-3,0.977085,0.03514,,,,0,,,B,C,-1,0.564729,0.458475
35,36,272,루주,Rouge,B,B,0,0.792319,0.510946,Electric,SS,A,-2,1.591002,0.966023,A,B,-1,0.860842,0.735846
35,36,082,리타,Liter,B,C,-1,0.693449,0.289142,,,,0,,,A,A,0,0.969397,0.919627
35,36,514,그레이브,Grave,B,D,-2,0.689322,0.045436,,,,0,,,B,B,0,0.752459,0.661473
35,36,191,앨리스,Alice,B,D,-2,0.685583,0.0,,,,0,,,B,C,-1,0.52261,0.473356
35,36,260,모더니아,Modernia,B,D,-2,0.666086,0.0,,,,0,,,C,C,0,0.320484,0.291871
35,36,831,레이,Rei,B,D,-2,0.608652,0.0,,,,0,,,D,D,0,0.164898,0.164898
35,36,043,D : 킬러 와이프,D: Killer Wife,C,D,-1,0.207784,0.00671,,,,0,,,B,C,-1,0.575533,0.470934
35,36,511,신데렐라,Cinderella,D,SS,5,0.120103,1.854959,Electric,SS,SS,0,1.654335,1.770427,B,B,0,0.722896,0.746114
35,36,231,이사벨,Isabel,D,SS,5,0.02569,1.84155,Electric,C,S,3,0.485666,1.200935,D,C,1,0.100281,0.243334
35,36,581,아르카나,Arcana,D,SS,5,0.02569,1.84155,Electric,A,SS,2,0.934329,1.556728,D,C,1,0.19089,0.31537
35,36,262,리버렐리오,Liberalio,D,A,3,0.018639,0.98346,,,,0,,,B,B,0,0.605594,0.72731
35,36,355,앵커 : 이노센트 메이드,Anchor: Innocent Maid,D,A,3,0.0109,0.814817,,,,0,,,B,B,0,0.543506,0.649987
35,36,315,에이드 : 에이전트 바니,Ade: Agent Bunny,D,B,2,0.001812,0.756032,,,,0,,,B,C,-1,0.515957,0.46007
35,36,015,아니스 : 스파클링 서머,Anis: Sparkling Summer,D,A,3,0.0,0.861242,Electric,S,A,-1,1.333166,1.082183,C,C,0,0.442958,0.392761
35,36,023,델타 : 닌자 시프,Delta: Ninja Thief,D,D,0,0.0,0.0,,,,0,,,C,D,-1,0.205119,0.153988
35,36,183,메이든 : 아이스 로즈,Maiden: Ice Rose,D,A,3,0.0,0.860208,Electric,SS,A,-2,1.489317,1.09642,C,C,0,0.38026,0.30168
35,36,210♥,엑시아♥,Exia♥,D,D,0,0.0,0.002208,Electric,A,C,-2,0.857798,0.386273,D,D,0,0.177112,0.082807
35,36,222,홍련,Scarlet,D,C,1,0.0,0.29289,Electric,B,C,-1,0.557488,0.417905,D,D,0,0.154489,0.126573
35,36,313,프리바티 : 언카인드 메이드,Privaty: Unkind Maid,D,D,0,0.0,0.0,Electric,C,D,-1,0.382235,0.176571,D,D,0,0.096075,0.054942
35,36,391,아인,Ein,D,B,2,0.0,0.711285,Electric,S,A,-1,1.217015,0.938302,C,D,-1,0.252446,0.196703
35,36,450,나가,Naga,D,D,0,0.0,0.013392,Electric,C,D,-1,0.393235,0.188858,C,C,0,0.298512,0.257636
35,36,832,마리,Mari,D,D,0,0.0,0.07909,Electric,B,C,-1,0.610355,0.302936,C,C,0,0.349383,0.287899
35,36,861,타키나,Takina,D,B,2,0.0,0.627801,,,,0,,,D,C,1,0.157449,0.408569
36,37,017,아니스 : 스타,Anis: Star,SS,A,-2,1.854959,0.991614,,,,0,,,SS,S,-1,1.854959,1.164283
36,37,511,신데렐라,Cinderella,SS,D,-5,1.854959,0.006347,,,,0,,,B,B,0,0.746114,0.696695
36,37,231,이사벨,Isabel,SS,D,-5,1.84155,0.0,,,,0,,,C,C,0,0.243334,0.243043
36,37,581,아르카나,Arcana,SS,D,-5,1.84155,0.0,,,,0,,,C,C,0,0.31537,0.314825
36,37,330,크라운,Crown,SS,A,-2,1.807986,1.083368,,,,0,,,SS,SS,0,1.457366,1.438452
36,37,018,네온 : 비전 아이,Neon: Vision Eye,A,D,-3,0.98346,0.183528,,,,0,,,A,C,-2,0.98346,0.343515
36,37,262,리버렐리오,Liberalio,A,D,-3,0.98346,0.112577,,,,0,,,B,B,0,0.72731,0.635876
36,37,513,리틀 머메이드,Little Mermaid,A,SS,2,0.900603,1.430162,,,,0,,,S,S,0,1.235018,1.280251
36,37,281♥,목단♥,Moran♥,A,D,-3,0.88977,0.111998,,,,0,,,A,B,-1,0.931527,0.710202
36,37,015,아니스 : 스파클링 서머,Anis: Sparkling Summer,A,D,-3,0.861242,0.0,,,,0,,,C,C,0,0.392761,0.368645
36,37,183,메이든 : 아이스 로즈,Maiden: Ice Rose,A,D,-3,0.860208,0.0,,,,0,,,C,C,0,0.30168,0.290063
36,37,170♥,프리바티♥,Privaty♥,A,SS,2,0.832881,1.430515,Water,,SS,0,,1.430515,B,A,1,0.754226,1.040329
36,37,315,에이드 : 에이전트 바니,Ade: Agent Bunny,B,D,-2,0.756032,0.002824,,,,0,,,C,C,0,0.46007,0.452908
36,37,223,나유타,Nayuta,B,A,1,0.721027,0.803334,,,,0,,,A,A,0,0.889269,0.866969
36,37,840,에이다,Ada,B,D,-2,0.711718,0.007675,,,,0,,,B,B,0,0.641366,0.543665
36,37,391,아인,Ein,B,D,-2,0.711285,0.0,,,,0,,,D,D,0,0.196703,0.193269
36,37,861,타키나,Takina,B,D,-2,0.627801,0.0,,,,0,,,C,C,0,0.408569,0.324862
36,37,471,스노우 화이트 : 헤비암즈,Snow White: Heavy Arms,B,SS,3,0.583031,1.434783,Water,S,S,0,1.242654,1.364004,A,A,0,0.851025,0.875295
36,37,272,루주,Rouge,B,D,-2,0.510946,0.0,,,,0,,,B,B,0,0.735846,0.659225
36,37,162,미하라 : 본딩 체인,Mihara: Bonding Chain,C,D,-1,0.36997,0.044252,,,,0,,,B,B,0,0.593156,0.553312
36,37,222,홍련,Scarlet,C,D,-1,0.29289,0.0,,,,0,,,D,D,0,0.126573,0.122056
36,37,082,리타,Liter,C,B,1,0.289142,0.692622,,,,0,,,A,A,0,0.919627,0.884311
36,37,352♥,헬름♥,Helm♥,D,A,3,0.16374,0.802118,Water,S,A,-1,1.272238,1.063021,A,A,0,0.949807,0.907964
36,37,075,디젤 : 윈터 스위츠,Diesel: Winter Sweets,D,B,2,0.108499,0.638287,,,,0,,,C,C,0,0.346759,0.415543
36,37,074,솔린 : 프로스트 티켓,Soline: Frost Ticket,D,S,4,0.03514,1.129409,Water,A,S,1,1.089283,1.114627,C,C,0,0.458475,0.463544
36,37,194,루드밀라 : 윈터 오너,Ludmilla: Winter Owner,D,A,3,0.033036,0.81098,Water,S,A,-1,1.274951,1.083708,B,C,-1,0.509096,0.470848
36,37,390♥,츠바이♥,Zwei♥,D,A,3,0.009485,0.886934,,,,0,,,D,C,1,0.038598,0.26288
36,37,234,도로시 : 세렌디피티,Dorothy: Serendipity,D,S,4,0.004117,1.130666,Water,S,S,0,1.16613,1.147353,B,B,0,0.671649,0.667894
36,37,451,티아,Tia,D,D,0,0.001407,0.0,,,,0,,,C,D,-1,0.204004,0.180861
36,37,470,레드 후드,Red Hood,D,B,2,0.001267,0.585064,,,,0,,,C,C,0,0.400384,0.408719
36,37,101♥,드레이크♥,Drake♥,D,S,4,0.001127,1.130666,,,,0,,,B,B,0,0.660773,0.680055
36,37,192♥,토브♥,Tove♥,D,S,4,0.001127,1.130666,Water,S,S,0,1.16613,1.147353,B,B,0,0.735366,0.73161
36,37,583,아르카나 : 포츈 메이트,Arcana: Fortune Mate,D,S,4,0.001127,1.127923,,,,0,,,D,B,2,0.199223,0.649942
36,37,112♥,바이퍼♥,Viper♥,D,D,0,0.0,0.001385,Water,C,D,-1,0.296143,0.170473,D,D,0,0.059487,0.034353
36,37,191,앨리스,Alice,D,C,1,0.0,0.372187,,,,0,,,C,C,0,0.473356,0.466304
36,37,225,홍련 : 흑영,Scarlet: Black Shadow,D,D,0,0.0,0.029745,,,,0,,,B,C,-1,0.50924,0.4745
36,37,233,도로시,Dorothy,D,D,0,0.0,0.0,Water,C,D,-1,0.324821,0.192723,D,D,0,0.135886,0.109467
36,37,382,레오나,Leona,D,D,0,0.0,0.0,Water,C,D,-1,0.239829,0.139664,D,D,0,0.099975,0.079942
36,37,403,퀀시 : 이스케이프 퀸,Quency: Escape Queen,D,B,2,0.0,0.529352,Water,A,B,-1,0.838494,0.706692,D,D,0,0.168992,0.142632
36,37,502,일레그 : 붐 앤 쇼크,Elegg: Boom and Shock,D,A,3,0.0,0.802361,Water,S,A,-1,1.189558,0.98455,C,D,-1,0.238162,0.19716
36,37,520,브래디,Bready,D,A,3,0.0,0.803509,Water,A,A,0,0.851093,0.828294,D,D,0,0.170219,0.165659
37,38,471,스노우 화이트 : 헤비암즈,Snow White: Heavy Arms,SS,B,-3,1.434783,0.64025,,,,0,,,A,A,0,0.875295,0.852722
37,38,170♥,프리바티♥,Privaty♥,SS,S,-1,1.430515,1.146039,,,,0,,,A,A,0,1.040329,1.08098
37,38,513,리틀 머메이드,Little Mermaid,SS,S,-1,1.430162,1.163644,Wind,S,S,0,1.333868,1.213349,S,S,0,1.280251,1.256147
37,38,101♥,드레이크♥,Drake♥,S,D,-4,1.130666,0.038274,,,,0,,,B,B,0,0.680055,0.624571
37,38,192♥,토브♥,Tove♥,S,D,-4,1.130666,0.09933,,,,0,,,B,B,0,0.73161,0.671248
37,38,234,도로시 : 세렌디피티,Dorothy: Serendipity,S,D,-4,1.130666,0.080531,,,,0,,,B,B,0,0.667894,0.606046
37,38,074,솔린 : 프로스트 티켓,Soline: Frost Ticket,S,D,-4,1.129409,0.172995,,,,0,,,C,C,0,0.463544,0.437988
37,38,583,아르카나 : 포츈 메이트,Arcana: Fortune Mate,S,D,-4,1.127923,0.080996,,,,0,,,B,B,0,0.649942,0.521001
37,38,330,크라운,Crown,A,A,0,1.083368,1.035997,,,,0,,,SS,S,-1,1.438452,1.391174
37,38,600,민트,Mint,A,B,-1,1.014055,0.651463,,,,0,,,A,B,-1,0.811244,0.666207
37,38,017,아니스 : 스타,Anis: Star,A,SS,2,0.991614,1.745787,,,,0,,,S,SS,1,1.164283,1.465952
37,38,354,마스트 : 로망틱 메이드,Mast: Romantic Maid,A,SS,2,0.969243,1.745787,,,,0,,,S,S,0,1.271367,1.303387
37,38,355,앵커 : 이노센트 메이드,Anchor: Innocent Maid,A,SS,2,0.958556,1.745787,,,,0,,,B,B,0,0.64843,0.68045
37,38,390♥,츠바이♥,Zwei♥,A,D,-3,0.886934,0.007561,,,,0,,,C,D,-1,0.26288,0.199146
37,38,194,루드밀라 : 윈터 오너,Ludmilla: Winter Owner,A,D,-3,0.81098,0.06163,,,,0,,,C,C,0,0.470848,0.411899
37,38,520,브래디,Bready,A,D,-3,0.803509,0.0,,,,0,,,D,D,0,0.165659,0.165659
37,38,502,일레그 : 붐 앤 쇼크,Elegg: Boom and Shock,A,D,-3,0.802361,0.0,,,,0,,,D,D,0,0.19716,0.196983
37,38,352♥,헬름♥,Helm♥,A,B,-1,0.802118,0.772295,,,,0,,,A,A,0,0.907964,0.858542
37,38,082,리타,Liter,B,D,-2,0.692622,0.119347,,,,0,,,A,B,-1,0.884311,0.757971
37,38,016,라피 : 레드 후드,Rapi: Red Hood,B,A,1,0.644196,0.822005,,,,0,,,A,A,0,1.041679,1.022382
37,38,075,디젤 : 윈터 스위츠,Diesel: Winter Sweets,B,C,-1,0.638287,0.339761,,,,0,,,C,C,0,0.415543,0.439564
37,38,470,레드 후드,Red Hood,B,D,-2,0.585064,0.008705,,,,0,,,C,C,0,0.408719,0.3819
37,38,032♥,미란다♥,Miranda♥,B,C,-1,0.537344,0.227492,,,,0,,,B,B,0,0.749519,0.718301
37,38,403,퀀시 : 이스케이프 퀸,Quency: Escape Queen,B,D,-2,0.529352,0.0,,,,0,,,D,D,0,0.142632,0.142516
37,38,601,프리카,Prika,C,B,1,0.41128,0.646768,,,,0,,,C,B,1,0.41128,0.599671
37,38,191,앨리스,Alice,C,D,-1,0.372187,0.003947,,,,0,,,C,C,0,0.466304,0.392691
37,38,018,네온 : 비전 아이,Neon: Vision Eye,D,C,1,0.183528,0.2032,,,,0,,,C,C,0,0.343515,0.351383
37,38,262,리버렐리오,Liberalio,D,SS,5,0.112577,1.745787,Wind,SS,SS,0,1.528443,1.682323,B,B,0,0.635876,0.666652
37,38,281♥,목단♥,Moran♥,D,B,2,0.111998,0.621192,,,,0,,,B,B,0,0.710202,0.701378
37,38,316,벨벳,Velvet,D,A,3,0.056521,0.988337,Wind,,A,0,,0.988337,D,C,1,0.024538,0.222206
37,38,162,미하라 : 본딩 체인,Mihara: Bonding Chain,D,C,1,0.044252,0.279436,,,,0,,,B,B,0,0.553312,0.507922
37,38,225,홍련 : 흑영,Scarlet: Black Shadow,D,SS,5,0.029745,1.745787,Wind,SS,SS,0,1.547059,1.666674,C,C,0,0.4745,0.498423
37,38,450,나가,Naga,D,D,0,0.029526,0.0,,,,0,,,C,D,-1,0.23589,0.184965
37,38,283,로산나 : 시크 오션,Rosanna: Chic Ocean,D,C,1,0.007197,0.234662,Wind,D,D,0,0.110016,0.186429,D,D,0,0.173298,0.18858
37,38,511,신데렐라,Cinderella,D,C,1,0.006347,0.215148,,,,0,,,B,B,0,0.696695,0.642468
37,38,270,블랑,Blanc,D,D,0,0.0,0.027778,Wind,B,C,-1,0.537551,0.234699,C,C,0,0.299111,0.238541
37,38,271,누아르,Noir,D,D,0,0.0,0.084749,Wind,C,C,0,0.471903,0.241898,C,D,-1,0.226298,0.180297
37,38,284,사쿠라 : 블룸 인 서머,Sakura: Bloom in Summer,D,C,1,0.0,0.274581,Wind,C,C,0,0.436498,0.337236,D,D,0,0.088055,0.068203
37,38,431,볼륨,Volume,D,C,1,0.0,0.2351,Wind,A,C,-2,0.829665,0.476439,C,C,0,0.283841,0.213196
37,38,834,레이 (가칭),Rei (Tentative Name),D,A,3,0.0,0.848491,Wind,S,A,-1,1.361443,1.034454,C,C,0,0.27361,0.208212
37,38,835,아스카 : WILLE,Asuka: WILLE,D,A,3,0.0,0.994024,Wind,SS,S,-1,1.403068,1.142316,C,C,0,0.302628,0.250478
38,39,225,홍련 : 흑영,Scarlet: Black Shadow,SS,D,-5,1.745787,0.005914,,,,0,,,C,C,0,0.498423,0.488727
38,39,262,리버렐리오,Liberalio,SS,D,-5,1.745787,0.014278,,,,0,,,B,B,0,0.666652,0.658622
38,39,354,마스트 : 로망틱 메이드,Mast: Romantic Maid,SS,S,-1,1.745787,1.219194,,,,0,,,S,S,0,1.303387,1.27825
38,39,355,앵커 : 이노센트 메이드,Anchor: Innocent Maid,SS,S,-1,1.745787,1.153895,,,,0,,,B,B,0,0.68045,0.782044
38,39,170♥,프리바티♥,Privaty♥,S,SS,1,1.146039,1.518867,,,,0,,,A,S,1,1.08098,1.155369
38,39,330,크라운,Crown,A,SS,2,1.035997,1.553581,Iron,SS,SS,0,1.518122,1.534174,S,S,0,1.391174,1.394384
38,39,835,아스카 : WILLE,Asuka: WILLE,A,D,-3,0.994024,0.0,,,,0,,,C,C,0,0.250478,0.250232
38,39,316,벨벳,Velvet,A,D,-3,0.988337,0.010757,,,,0,,,C,C,0,0.222206,0.223578
38,39,223,나유타,Nayuta,A,B,-1,0.974922,0.781128,,,,0,,,A,A,0,0.864268,0.854672
38,39,834,레이 (가칭),Rei (Tentative Name),A,D,-3,0.848491,0.0,,,,0,,,C,C,0,0.208212,0.208212
38,39,515,신데렐라 : 크리스탈 웨이브,Cinderella: Crystal Wave,A,S,1,0.823838,1.219194,Iron,,S,0,,1.219194,B,A,1,0.65907,0.902909
38,39,016,라피 : 레드 후드,Rapi: Red Hood,A,SS,2,0.822005,1.552561,Iron,SS,SS,0,1.536683,1.544199,A,A,0,1.022382,1.023885
38,39,352♥,헬름♥,Helm♥,B,C,-1,0.772295,0.38136,,,,0,,,A,A,0,0.858542,0.822438
38,39,600,민트,Mint,B,A,1,0.651463,0.811426,Iron,,A,0,,0.811426,B,A,1,0.666207,0.828492
38,39,471,스노우 화이트 : 헤비암즈,Snow White: Heavy Arms,B,C,-1,0.64025,0.457005,,,,0,,,A,A,0,0.852722,0.829982
38,39,570,아크레인저 블랙,Ark Ranger Black,B,D,-2,0.559068,0.0,,,,0,,,B,D,-2,0.559068,0.111814
38,39,075,디젤 : 윈터 스위츠,Diesel: Winter Sweets,C,D,-1,0.339761,0.009834,,,,0,,,C,C,0,0.439564,0.432829
38,39,162,미하라 : 본딩 체인,Mihara: Bonding Chain,C,D,-1,0.279436,0.068736,,,,0,,,B,C,-1,0.507922,0.480186
38,39,284,사쿠라 : 블룸 인 서머,Sakura: Bloom in Summer,C,D,-1,0.274581,0.0,,,,0,,,D,D,0,0.068203,0.068203
38,39,431,볼륨,Volume,C,D,-1,0.2351,0.0,,,,0,,,C,C,0,0.213196,0.206903
38,39,283,로산나 : 시크 오션,Rosanna: Chic Ocean,C,D,-1,0.234662,0.0,,,,0,,,D,D,0,0.18858,0.158104
38,39,032♥,미란다♥,Miranda♥,C,B,1,0.227492,0.54374,,,,0,,,B,B,0,0.718301,0.673258
38,39,511,신데렐라,Cinderella,C,D,-1,0.215148,0.015238,,,,0,,,B,B,0,0.642468,0.606262
38,39,018,네온 : 비전 아이,Neon: Vision Eye,C,D,-1,0.2032,0.007874,,,,0,,,C,C,0,0.351383,0.301919
38,39,315,에이드 : 에이전트 바니,Ade: Agent Bunny,D,D,0,0.180839,0.131236,Iron,A,C,-2,0.808262,0.447972,C,C,0,0.412681,0.340623
38,39,102,맥스웰,Maxwell,D,D,0,0.154809,0.138884,Iron,B,C,-1,0.730019,0.465167,C,C,0,0.29111,0.238139
38,39,082,리타,Liter,D,A,3,0.119347,0.822566,Iron,A,A,0,0.895477,0.86281,B,B,0,0.757971,0.751438
38,39,583,아르카나 : 포츈 메이트,Arcana: Fortune Mate,D,D,0,0.080996,0.042777,,,,0,,,B,C,-1,0.521001,0.448886
38,39,514,그레이브,Grave,D,D,0,0.0586,0.01994,,,,0,,,B,C,-1,0.547645,0.465369
38,39,840,에이다,Ada,D,C,1,0.015537,0.495476,,,,0,,,B,B,0,0.545592,0.515879
38,39,851,레이븐,Raven,D,A,3,0.013864,0.810988,Iron,A,A,0,0.878082,0.84632,C,D,-1,0.203893,0.197541
38,39,470,레드 후드,Red Hood,D,B,2,0.008705,0.747683,Iron,B,B,0,0.708713,0.726173,C,C,0,0.3819,0.385392
38,39,390♥,츠바이♥,Zwei♥,D,C,1,0.007561,0.210973,,,,0,,,D,C,1,0.199146,0.214781
38,39,314,소다 : 트윙클링 바니,Soda: Twinkling Bunny,D,D,0,0.002641,0.05885,Iron,B,C,-1,0.765641,0.439016,C,D,-1,0.262657,0.197332
38,39,143,밀크 : 블루밍 바니,Milk: Blooming Bunny,D,C,1,0.0,0.389428,Iron,C,C,0,0.481068,0.4323,D,D,0,0.096214,0.08646
38,39,220,스노우 화이트,Snow White,D,C,1,0.0,0.201469,Iron,A,B,-1,0.944844,0.611782,C,D,-1,0.215904,0.149292
38,39,353,헬름 : 아쿠아마린,Helm: Aquamarine,D,B,2,0.0,0.749866,Iron,A,A,0,1.036392,0.908017,C,D,-1,0.214989,0.189313
38,39,450,나가,Naga,D,SS,5,0.0,1.545591,,,,0,,,D,C,1,0.184965,0.299485
38,39,451,티아,Tia,D,D,0,0.0,0.0,Iron,C,D,-1,0.248834,0.137346,D,D,0,0.156555,0.134257
38,39,832,마리,Mari,D,D,0,0.0,0.0,,,,0,,,C,D,-1,0.228665,0.19896
38,39,850,이브,EVE,D,S,4,0.0,1.164468,Iron,SS,S,-1,1.509953,1.3464,C,C,0,0.301991,0.26928
38,39,860,치사토,Chisato,D,B,2,0.0,0.506516,Iron,A,B,-1,0.803766,0.614164,D,D,0,0.160753,0.122833
38,39,861,타키나,Takina,D,B,2,0.0,0.506018,Iron,B,B,0,0.787245,0.607863,C,C,0,0.283009,0.247133
39,40,330,크라운,Crown,SS,S,-1,1.553581,1.1204,,,,0,,,S,S,0,1.394384,1.375172
39,40,016,라피 : 레드 후드,Rapi: Red Hood,SS,SS,0,1.552561,1.575906,Fire,S,SS,1,1.330448,1.430556,A,A,0,1.023885,1.043907
39,40,450,나가,Naga,SS,D,-5,1.545591,0.0,,,,0,,,C,C,0,0.299485,0.290863
39,40,515,신데렐라 : 크리스탈 웨이브,Cinderella: Crystal Wave,S,D,-4,1.219194,0.192686,,,,0,,,A,B,-1,0.902909,0.650448
39,40,850,이브,EVE,S,D,-4,1.164468,0.0,,,,0,,,C,C,0,0.26928,0.26928
39,40,355,앵커 : 이노센트 메이드,Anchor: Innocent Maid,S,D,-4,1.153895,0.009267,,,,0,,,B,B,0,0.782044,0.771999
39,40,082,리타,Liter,A,B,-1,0.822566,0.629791,,,,0,,,B,B,0,0.751438,0.731829
39,40,600,민트,Mint,A,B,-1,0.811426,0.796462,,,,0,,,A,A,0,0.828492,0.818813
39,40,851,레이븐,Raven,A,D,-3,0.810988,0.0,,,,0,,,D,D,0,0.197541,0.19167
39,40,223,나유타,Nayuta,B,D,-2,0.781128,0.094339,,,,0,,,A,B,-1,0.854672,0.771851
39,40,353,헬름 : 아쿠아마린,Helm: Aquamarine,B,D,-2,0.749866,0.0,,,,0,,,D,D,0,0.189313,0.188932
39,40,470,레드 후드,Red Hood,B,D,-2,0.747683,0.0,,,,0,,,C,C,0,0.385392,0.363523
39,40,322,마르차나 : 마린 스터디,Marciana: Marine Study,B,D,-2,0.608537,0.0,,,,0,,,B,D,-2,0.608537,0.121707
39,40,032♥,미란다♥,Miranda♥,B,D,-2,0.54374,0.120763,Fire,A,B,-1,0.969695,0.608142,B,B,0,0.673258,0.600948
39,40,860,치사토,Chisato,B,D,-2,0.506516,0.0,,,,0,,,D,D,0,0.122833,0.122833
39,40,861,타키나,Takina,B,D,-2,0.506018,0.0,,,,0,,,C,C,0,0.247133,0.247133
39,40,840,에이다,Ada,C,D,-1,0.495476,0.002805,,,,0,,,B,C,-1,0.515879,0.419708
39,40,471,스노우 화이트 : 헤비암즈,Snow White: Heavy Arms,C,B,1,0.457005,0.788216,,,,0,,,A,B,-1,0.829982,0.797456
39,40,143,밀크 : 블루밍 바니,Milk: Blooming Bunny,C,D,-1,0.389428,0.0,,,,0,,,D,D,0,0.08646,0.08646
39,40,352♥,헬름♥,Helm♥,C,D,-1,0.38136,0.01909,,,,0,,,A,B,-1,0.822438,0.727497
39,40,390♥,츠바이♥,Zwei♥,C,D,-1,0.210973,0.0,,,,0,,,C,C,0,0.214781,0.214352
39,40,220,스노우 화이트,Snow White,C,D,-1,0.201469,0.0,,,,0,,,D,D,0,0.149292,0.147569
39,40,162,미하라 : 본딩 체인,Mihara: Bonding Chain,D,SS,5,0.068736,1.514852,Fire,S,S,0,1.133356,1.295832,C,B,1,0.480186,0.512681
39,40,101♥,드레이크♥,Drake♥,D,B,2,0.0602,0.78383,Fire,A,A,0,0.856317,0.825446,B,B,0,0.559053,0.552878
39,40,192♥,토브♥,Tove♥,D,B,2,0.0602,0.78383,,,,0,,,B,B,0,0.593329,0.584069
39,40,234,도로시 : 세렌디피티,Dorothy: Serendipity,D,B,2,0.058526,0.775519,,,,0,,,B,B,0,0.528664,0.520175
39,40,583,아르카나 : 포츈 메이트,Arcana: Fortune Mate,D,B,2,0.042777,0.78383,Fire,A,A,0,0.991608,0.85797,C,C,0,0.448886,0.422159
39,40,514,그레이브,Grave,D,B,2,0.01994,0.624001,Fire,A,B,-1,0.845466,0.755143,C,C,0,0.465369,0.447305
39,40,075,디젤 : 윈터 스위츠,Diesel: Winter Sweets,D,A,3,0.009834,0.965282,Fire,S,A,-1,1.199094,1.07818,C,C,0,0.432829,0.408647
39,40,272,루주,Rouge,D,D,0,0.006311,0.005771,,,,0,,,B,C,-1,0.557538,0.49712
39,40,074,솔린 : 프로스트 티켓,Soline: Frost Ticket,D,B,2,0.001462,0.78383,,,,0,,,C,C,0,0.437946,0.429511
39,40,043,D : 킬러 와이프,D: Killer Wife,D,D,0,0.0,0.004528,Fire,B,C,-1,0.776944,0.473767,C,C,0,0.356273,0.295637
39,40,073,브리드 : 사일런트 트랙,Brid: Silent Track,D,SS,5,0.0,1.569564,Fire,S,S,0,1.123809,1.354326,C,C,0,0.224762,0.270865
39,40,191,앨리스,Alice,D,B,2,0.0,0.567471,Fire,A,B,-1,0.921796,0.783599,C,C,0,0.379963,0.352324
39,40,260,모더니아,Modernia,D,B,2,0.0,0.624993,Fire,A,B,-1,0.860395,0.768582,C,C,0,0.245522,0.22716
39,40,431,볼륨,Volume,D,D,0,0.0,0.086685,,,,0,,,C,D,-1,0.206903,0.195472
39,40,830,아스카,Asuka,D,D,0,0.0,0.001317,Fire,C,D,-1,0.208823,0.126345,D,D,0,0.057502,0.041006
39,40,831,레이,Rei,D,B,2,0.0,0.507824,Fire,A,B,-1,0.824492,0.698625,D,D,0,0.164898,0.139725
40,41,017,아니스 : 스타,Anis: Star,SS,A,-2,1.578082,1.039531,,,,0,,,SS,SS,0,1.544601,1.550455
40,41,016,라피 : 레드 후드,Rapi: Red Hood,SS,B,-3,1.575906,0.541161,,,,0,,,A,A,0,1.043907,1.025012
40,41,073,브리드 : 사일런트 트랙,Brid: Silent Track,SS,D,-5,1.569564,0.0,,,,0,,,C,C,0,0.270865,0.270865
40,41,170♥,프리바티♥,Privaty♥,SS,S,-1,1.521902,1.261083,Water,SS,S,-1,1.430515,1.327005,S,S,0,1.214822,1.19412
40,41,162,미하라 : 본딩 체인,Mihara: Bonding Chain,SS,D,-5,1.514852,0.026802,,,,0,,,B,C,-1,0.512681,0.495023
40,41,354,마스트 : 로망틱 메이드,Mast: Romantic Maid,S,A,-1,1.170324,1.003038,Water,A,A,0,0.974289,0.986114,S,S,0,1.266433,1.268798
40,41,871,유키코,Yukiko,A,D,-3,1.091173,0.0,,,,0,,,A,C,-2,1.091173,0.218235
40,41,870,퀸(마코토),Queen (Makoto),A,D,-3,1.091097,0.0,,,,0,,,A,C,-2,1.091097,0.218219
40,41,075,디젤 : 윈터 스위츠,Diesel: Winter Sweets,A,D,-3,0.965282,0.02588,,,,0,,,C,C,0,0.408647,0.362642
40,41,600,민트,Mint,B,B,0,0.796462,0.504538,,,,0,,,A,B,-1,0.818813,0.735806
40,41,601,프리카,Prika,B,C,-1,0.794571,0.225612,Water,C,C,0,0.41128,0.297852,B,B,0,0.674389,0.651704
40,41,281♥,목단♥,Moran♥,B,C,-1,0.792701,0.28802,,,,0,,,B,B,0,0.644426,0.665933
40,41,471,스노우 화이트 : 헤비암즈,Snow White: Heavy Arms,B,S,2,0.788216,1.260499,Water,S,S,0,1.364004,1.312466,B,B,0,0.797456,0.787149
40,41,074,솔린 : 프로스트 티켓,Soline: Frost Ticket,B,A,1,0.78383,1.048792,Water,S,A,-1,1.114627,1.081846,C,C,0,0.429511,0.422955
40,41,101♥,드레이크♥,Drake♥,B,D,-2,0.78383,0.002231,,,,0,,,B,C,-1,0.552878,0.469935
40,41,192♥,토브♥,Tove♥,B,A,1,0.78383,1.048792,Water,S,S,0,1.147353,1.102611,B,B,0,0.584069,0.575121
40,41,583,아르카나 : 포츈 메이트,Arcana: Fortune Mate,B,A,1,0.78383,1.030291,,,,0,,,C,C,0,0.422159,0.41023
40,41,234,도로시 : 세렌디피티,Dorothy: Serendipity,B,A,1,0.775519,1.048792,Water,S,S,0,1.147353,1.102611,B,B,0,0.520175,0.511226
40,41,082,리타,Liter,B,A,1,0.629791,0.847647,,,,0,,,B,B,0,0.731829,0.723833
40,41,260,모더니아,Modernia,B,D,-2,0.624993,0.0,,,,0,,,C,C,0,0.22716,0.218382
40,41,514,그레이브,Grave,B,D,-2,0.624001,0.0,,,,0,,,C,C,0,0.447305,0.410461
40,41,191,앨리스,Alice,B,D,-2,0.567471,0.0,,,,0,,,C,C,0,0.352324,0.319306
40,41,831,레이,Rei,B,D,-2,0.507824,0.0,,,,0,,,D,D,0,0.139725,0.139725
40,41,515,신데렐라 : 크리스탈 웨이브,Cinderella: Crystal Wave,D,C,1,0.192686,0.294131,,,,0,,,B,B,0,0.650448,0.593347
40,41,032♥,미란다♥,Miranda♥,D,A,3,0.120763,0.881574,,,,0,,,B,B,0,0.600948,0.62563
40,41,223,나유타,Nayuta,D,A,3,0.094339,0.831473,,,,0,,,B,B,0,0.771851,0.768176
40,41,411♥,플로라♥,Flora♥,D,B,2,0.081695,0.522298,,,,0,,,D,C,1,0.065356,0.241597
40,41,352♥,헬름♥,Helm♥,D,A,3,0.01909,0.927864,Water,A,A,0,1.063021,1.007426,B,B,0,0.727497,0.716378
40,41,355,앵커 : 이노센트 메이드,Anchor: Innocent Maid,D,A,3,0.009267,0.971874,Water,A,A,0,0.968262,0.969748,B,B,0,0.771999,0.772296
40,41,194,루드밀라 : 윈터 오너,Ludmilla: Winter Owner,D,A,3,0.003245,0.895236,Water,A,A,0,1.083708,1.009655,C,C,0,0.375165,0.360354
40,41,140♥,슈가♥,Sugar♥,D,A,3,0.002066,1.046561,Water,,A,0,,1.046561,D,C,1,0.00124,0.419864
40,41,182,길로틴 : 윈터 슬레이어,Guillotine: Winter Slayer,D,D,0,0.0,0.012992,Water,C,D,-1,0.283061,0.171971,D,D,0,0.056612,0.034394
40,41,270,블랑,Blanc,D,D,0,0.0,0.0,,,,0,,,C,D,-1,0.203481,0.172908
40,41,390♥,츠바이♥,Zwei♥,D,C,1,0.0,0.300724,,,,0,,,C,D,-1,0.214352,0.142726
40,41,403,퀀시 : 이스케이프 퀸,Quency: Escape Queen,D,C,1,0.0,0.455263,Water,B,B,0,0.706692,0.60587,D,D,0,0.142516,0.122352
40,41,502,일레그 : 붐 앤 쇼크,Elegg: Boom and Shock,D,A,3,0.0,0.931696,Water,A,A,0,0.98455,0.960556,D,D,0,0.196983,0.192184
40,41,520,브래디,Bready,D,B,2,0.0,0.654922,Water,A,B,-1,0.828294,0.753861,D,D,0,0.165659,0.150772
40,41,580♥,팬텀♥,Phantom♥,D,B,2,0.0,0.772339,Water,,B,0,,0.772339,D,D,0,0.0,0.154468
40,41,861,타키나,Takina,D,B,2,0.0,0.529675,,,,0,,,C,C,0,0.247133,0.311851
