season,unit_id_x,unit_id_y,name_x,name_y,together,support,pmi
1,210,392,엑시아,라이,52,0.034736,3.061565
1,180,432,길로틴,아리아,23,0.015364,2.788332
1,011,032,네온,미란다,170,0.11356,2.656754
1,011,121,네온,앤 : 미라클 페어리,146,0.097528,2.647405
1,080,171,센티,율하,117,0.078156,2.632924
1,032,121,미란다,앤 : 미라클 페어리,195,0.130261,2.60012
1,011,220,네온,스노우 화이트,170,0.11356,2.522589
1,072,431,디젤,볼륨,122,0.081496,2.517463
1,381,432,비스킷,아리아,25,0.0167,2.489542
1,032,220,미란다,스노우 화이트,226,0.150969,2.468586
1,121,220,앤 : 미라클 페어리,스노우 화이트,195,0.130261,2.465955
1,080,392,센티,라이,39,0.026052,2.385403
1,030,381,폴리,비스킷,35,0.02338,2.322892
1,121,352,앤 : 미라클 페어리,헬름,101,0.067468,2.29524
1,082,212,리타,노벨,223,0.148965,2.28705
1,212,260,노벨,모더니아,222,0.148297,2.280566
1,082,260,리타,모더니아,292,0.195057,2.280046
1,191,233,앨리스,도로시,290,0.193721,2.27978
1,101,121,드레이크,앤 : 미라클 페어리,76,0.050768,2.26538
1,082,222,리타,홍련,284,0.189713,2.249618
1,032,352,미란다,헬름,113,0.075484,2.24699
1,212,232,노벨,노아,201,0.134269,2.236737
1,032,101,미란다,드레이크,86,0.057448,2.233499
1,212,222,노벨,홍련,213,0.142285,2.23051
1,222,260,홍련,모더니아,279,0.186373,2.223993
1,170,233,프리바티,도로시,280,0.187041,2.219504
1,170,191,프리바티,앨리스,278,0.185705,2.218812
1,202,231,도라,이사벨,213,0.142285,2.216479
1,170,800,프리바티,마키마,248,0.165665,2.191087
1,032,112,미란다,바이퍼,30,0.02004,2.179789
1,190,221,루드밀라,라푼젤,136,0.090848,2.16019
1,232,260,노아,모더니아,249,0.166333,2.149759
1,082,232,리타,노아,248,0.165665,2.143953
1,011,101,네온,드레이크,58,0.038744,2.130006
1,112,121,바이퍼,앤 : 미라클 페어리,25,0.0167,2.126972
1,191,800,앨리스,마키마,235,0.156981,2.123058
1,170,172,프리바티,애드미,47,0.031396,2.118741
1,172,233,애드미,도로시,47,0.031396,2.118741
1,102,800,맥스웰,마키마,227,0.151637,2.117332
1,171,392,율하,라이,40,0.02672,2.113439
1,231,431,이사벨,볼륨,129,0.086172,2.109292
1,233,800,도로시,마키마,234,0.156313,2.107255
1,011,352,네온,헬름,74,0.049432,2.101055
1,172,191,애드미,앨리스,46,0.030728,2.097364
1,222,232,홍련,노아,238,0.158985,2.094225
1,102,191,맥스웰,앨리스,244,0.162993,2.084502
1,202,431,도라,볼륨,121,0.080828,2.083017
1,101,220,드레이크,스노우 화이트,85,0.05678,2.08246
1,102,233,맥스웰,도로시,244,0.162993,2.074851
1,080,221,센티,라푼젤,80,0.05344,2.069139
1,230,431,하란,볼륨,117,0.078156,2.057239
1,220,352,스노우 화이트,헬름,108,0.072144,2.047533
1,190,381,루드밀라,비스킷,77,0.051436,2.006938
1,102,170,맥스웰,프리바티,231,0.154309,1.995863
1,072,230,디젤,하란,126,0.084168,1.97043
1,112,220,바이퍼,스노우 화이트,28,0.018704,1.946088
1,080,210,센티,엑시아,48,0.032064,1.917136
1,181,432,메이든,아리아,20,0.01336,1.90256
1,171,190,율하,루드밀라,111,0.074148,1.882491
1,232,400,노아,길티,22,0.014696,1.878007
1,080,181,센티,메이든,52,0.034736,1.850022
1,082,400,리타,길티,23,0.015364,1.842602
1,260,400,모더니아,길티,23,0.015364,1.842602
1,171,221,율하,라푼젤,82,0.054776,1.796274
1,222,400,홍련,길티,22,0.014696,1.788122
1,100,221,라플라스,라푼젤,92,0.061456,1.760985
1,080,190,센티,루드밀라,81,0.054108,1.736414
1,072,231,디젤,이사벨,113,0.075484,1.724519
1,091,190,베스티,루드밀라,20,0.01336,1.70897
1,180,381,길로틴,비스킷,23,0.015364,1.700869
1,072,202,디젤,도라,103,0.068804,1.65693
1,100,190,라플라스,루드밀라,109,0.072812,1.654961
1,030,220,폴리,스노우 화이트,47,0.031396,1.626207
1,072,180,디젤,길로틴,35,0.02338,1.623979
1,180,210,길로틴,엑시아,23,0.015364,1.618407
1,180,181,길로틴,메이든,26,0.017368,1.612693
1,171,210,율하,엑시아,48,0.032064,1.608647
1,190,432,루드밀라,아리아,27,0.018036,1.582502
1,032,040,미란다,D,21,0.014028,1.56568
1,230,392,하란,라이,36,0.024048,1.53105
1,210,230,엑시아,하란,59,0.039412,1.475942
1,181,190,메이든,루드밀라,64,0.042752,1.475098
1,100,171,라플라스,율하,73,0.048764,1.442596
1,202,230,도라,하란,115,0.07682,1.416069
1,040,220,D,스노우 화이트,20,0.01336,1.361125
1,181,221,메이든,라푼젤,46,0.030728,1.349307
1,230,231,하란,이사벨,114,0.076152,1.337379
1,181,210,메이든,엑시아,30,0.02004,1.317598
1,180,230,길로틴,하란,37,0.024716,1.304299
1,171,181,율하,메이든,44,0.029392,1.300524
1,011,030,네온,폴리,24,0.016032,1.255537
1,030,032,폴리,미란다,33,0.022044,1.250178
1,080,100,센티,라플라스,51,0.034068,1.233686
1,030,190,폴리,루드밀라,33,0.022044,1.219932
1,100,210,라플라스,엑시아,42,0.028056,1.214703
1,171,381,율하,비스킷,34,0.022712,1.193609
1,181,381,메이든,비스킷,26,0.017368,1.193609
1,100,430,라플라스,노이즈,20,0.01336,1.0772
1,101,352,드레이크,헬름,24,0.016032,1.036435
1,180,221,길로틴,라푼젤,23,0.015364,1.033445
1,200,232,루피,노아,21,0.014028,1.003538
1,072,181,디젤,메이든,36,0.024048,0.980483
1,190,231,루드밀라,이사벨,81,0.054108,0.90873
1,082,200,리타,루피,21,0.014028,0.904002
1,100,231,라플라스,이사벨,71,0.047428,0.883324
1,190,202,루드밀라,도라,75,0.0501,0.863788
1,231,430,이사벨,노이즈,21,0.014028,0.829693
1,202,221,도라,라푼젤,56,0.037408,0.792971
1,072,210,디젤,엑시아,27,0.018036,0.748037
1,230,381,하란,비스킷,33,0.022044,0.720155
1,100,202,라플라스,도라,60,0.04008,0.706556
1,100,381,라플라스,비스킷,26,0.017368,0.605288
1,210,221,엑시아,라푼젤,24,0.016032,0.593299
1,080,230,센티,하란,38,0.025384,0.580101
1,221,231,라푼젤,이사벨,47,0.031396,0.474116
1,181,431,메이든,볼륨,22,0.014696,0.463714
1,181,231,메이든,이사벨,34,0.022712,0.409361
1,181,202,메이든,도라,31,0.020708,0.342183
1,210,231,엑시아,이사벨,28,0.018704,0.311844
1,072,221,디젤,라푼젤,27,0.018036,0.163075
1,171,230,율하,하란,34,0.022712,0.111147
1,100,230,라플라스,하란,38,0.025384,0.070313
1,231,381,이사벨,비스킷,22,0.014696,0.046383
1,202,210,도라,엑시아,20,0.01336,-0.107493
1,222,352,홍련,헬름,25,0.0167,-0.265859
1,082,352,리타,헬름,25,0.0167,-0.275509
1,260,352,모더니아,헬름,23,0.015364,-0.395803
1,221,230,라푼젤,하란,23,0.015364,-0.468102
1,190,230,루드밀라,하란,26,0.017368,-0.641871
1,190,220,루드밀라,스노우 화이트,21,0.014028,-0.989522
1,032,102,미란다,맥스웰,22,0.014696,-1.050279
1,222,800,홍련,마키마,20,0.01336,-1.431531
2,032,121,미란다,앤 : 미라클 페어리,34,0.022682,3.250577
2,381,800,비스킷,마키마,36,0.024016,2.555588
2,232,381,노아,비스킷,48,0.032021,2.36429
2,242,432,폴크방,아리아,65,0.043362,2.357075
2,270,271,블랑,누아르,299,0.199466,2.325783
2,121,220,앤 : 미라클 페어리,스노우 화이트,42,0.028019,2.292397
2,111,202,자칼,도라,106,0.070714,2.200097
2,032,220,미란다,스노우 화이트,79,0.052702,2.16204
2,170,233,프리바티,도로시,253,0.168779,2.075141
2,131,432,페퍼,아리아,189,0.126084,2.045707
2,191,270,앨리스,블랑,245,0.163442,2.033602
2,191,271,앨리스,누아르,245,0.163442,2.033602
2,101,140,드레이크,슈가,25,0.016678,1.973716
2,101,112,드레이크,바이퍼,53,0.035357,1.968513
2,230,432,하란,아리아,74,0.049366,1.858796
2,100,432,라플라스,아리아,149,0.0994,1.814961
2,100,242,라플라스,폴크방,42,0.028019,1.784281
2,131,230,페퍼,하란,73,0.048699,1.784096
2,222,260,홍련,모더니아,201,0.134089,1.767447
2,030,432,폴리,아리아,101,0.067378,1.734766
2,100,131,라플라스,페퍼,142,0.09473,1.690469
2,072,170,디젤,프리바티,174,0.116077,1.687094
2,270,430,블랑,노이즈,116,0.077385,1.683918
2,271,430,누아르,노이즈,116,0.077385,1.683918
2,111,221,자칼,라푼젤,89,0.059373,1.668172
2,030,032,폴리,미란다,39,0.026017,1.653336
2,131,242,페퍼,폴크방,41,0.027352,1.637187
2,072,233,디젤,도로시,168,0.112075,1.636468
2,030,101,폴리,드레이크,74,0.049366,1.626297
2,111,112,자칼,바이퍼,31,0.02068,1.62172
2,082,430,리타,노이즈,106,0.070714,1.549041
2,111,352,자칼,헬름,83,0.05537,1.546868
2,102,121,맥스웰,앤 : 미라클 페어리,29,0.019346,1.540583
2,082,270,리타,블랑,171,0.114076,1.514817
2,082,271,리타,누아르,171,0.114076,1.514817
2,101,432,드레이크,아리아,99,0.066044,1.508181
2,200,221,루피,라푼젤,43,0.028686,1.482069
2,191,430,앨리스,노이즈,101,0.067378,1.479332
2,202,221,도라,라푼젤,116,0.077385,1.449621
2,072,260,디젤,모더니아,147,0.098065,1.443823
2,082,191,리타,앨리스,162,0.108072,1.431997
2,101,131,드레이크,페퍼,97,0.06471,1.423666
2,190,270,루드밀라,블랑,39,0.026017,1.421361
2,190,271,루드밀라,누아르,39,0.026017,1.421361
2,220,800,스노우 화이트,마키마,30,0.020013,1.413306
2,030,230,폴리,하란,37,0.024683,1.396815
2,091,221,베스티,라푼젤,114,0.076051,1.381091
2,030,131,폴리,페퍼,82,0.054703,1.379035
2,230,381,하란,비스킷,28,0.018679,1.36429
2,212,220,노벨,스노우 화이트,45,0.03002,1.363918
2,091,431,베스티,볼륨,106,0.070714,1.361639
2,082,212,리타,노벨,52,0.03469,1.320966
2,431,800,볼륨,마키마,29,0.019346,1.308253
2,233,260,도로시,모더니아,147,0.098065,1.29182
2,070,111,브리드,자칼,38,0.02535,1.273905
2,170,191,프리바티,앨리스,144,0.096064,1.262072
2,200,431,루피,볼륨,34,0.022682,1.228785
2,222,352,홍련,헬름,130,0.086724,1.22803
2,220,431,스노우 화이트,볼륨,102,0.068045,1.211507
2,212,352,노벨,헬름,44,0.029353,1.169225
2,212,260,노벨,모더니아,46,0.030687,1.144088
2,191,233,앨리스,도로시,131,0.087392,1.12557
2,112,352,바이퍼,헬름,41,0.027352,1.123929
2,070,221,브리드,라푼젤,63,0.042028,1.122721
2,200,352,루피,헬름,34,0.022682,1.122657
2,170,260,프리바티,모더니아,130,0.086724,1.114515
2,100,381,라플라스,비스킷,48,0.032021,1.088348
2,091,202,베스티,도라,76,0.0507,1.075865
2,072,222,디젤,홍련,112,0.074716,1.075753
2,091,111,베스티,자칼,50,0.033356,1.072593
2,070,202,브리드,도라,50,0.033356,1.069035
2,212,221,노벨,라푼젤,40,0.026684,1.052332
2,260,352,모더니아,헬름,115,0.076718,1.026905
2,221,431,라푼젤,볼륨,96,0.064043,0.982383
2,212,222,노벨,홍련,40,0.026684,0.966702
2,082,260,리타,모더니아,117,0.078052,0.962512
2,100,101,라플라스,드레이크,65,0.043362,0.958449
2,030,100,폴리,라플라스,56,0.037358,0.941167
2,091,200,베스티,루피,25,0.016678,0.935958
2,131,202,페퍼,도라,78,0.052035,0.935287
2,070,431,브리드,볼륨,52,0.03469,0.931399
2,102,220,맥스웰,스노우 화이트,92,0.061374,0.90131
2,200,260,루피,모더니아,31,0.02068,0.900123
2,032,102,미란다,맥스웰,38,0.02535,0.88871
2,202,352,도라,헬름,79,0.052702,0.87481
2,200,222,루피,홍련,29,0.019346,0.828155
2,222,233,홍련,도로시,104,0.06938,0.816835
2,032,202,미란다,도라,28,0.018679,0.80369
2,100,230,라플라스,하란,34,0.022682,0.794063
2,102,242,맥스웰,폴크방,25,0.016678,0.789431
2,091,212,베스티,노벨,28,0.018679,0.774057
2,233,270,도로시,블랑,102,0.068045,0.76939
2,233,271,도로시,누아르,102,0.068045,0.76939
2,030,112,폴리,바이퍼,20,0.013342,0.760251
2,220,381,스노우 화이트,비스킷,39,0.026017,0.759875
2,072,232,디젤,노아,31,0.02068,0.75474
2,082,190,리타,루드밀라,24,0.016011,0.716104
2,190,191,루드밀라,앨리스,24,0.016011,0.716104
2,082,352,리타,헬름,92,0.061374,0.704977
2,170,232,프리바티,노아,33,0.022015,0.692935
2,082,222,리타,홍련,95,0.063376,0.68625
2,170,270,프리바티,블랑,96,0.064043,0.681927
2,170,271,프리바티,누아르,96,0.064043,0.681927
2,131,381,페퍼,비스킷,39,0.026017,0.676459
2,212,430,노벨,노이즈,20,0.013342,0.671427
2,381,432,비스킷,아리아,37,0.024683,0.655581
2,112,221,바이퍼,라푼젤,29,0.019346,0.644968
2,170,222,프리바티,홍련,91,0.060707,0.624189
2,091,220,베스티,스노우 화이트,61,0.040694,0.620599
2,102,800,맥스웰,마키마,20,0.013342,0.610867
2,072,431,디젤,볼륨,72,0.048032,0.609471
2,102,212,맥스웰,노벨,31,0.02068,0.608784
2,101,111,드레이크,자칼,31,0.02068,0.60024
2,072,102,디젤,맥스웰,80,0.053369,0.60014
2,082,200,리타,루피,25,0.016678,0.589783
2,101,230,드레이크,하란,24,0.016011,0.574593
2,102,431,맥스웰,볼륨,76,0.0507,0.569532
2,232,260,노아,모더니아,30,0.020013,0.555431
2,381,431,비스킷,볼륨,35,0.023349,0.547613
2,212,431,노벨,볼륨,26,0.017345,0.516362
2,070,091,브리드,베스티,35,0.023349,0.511022
2,232,233,노아,도로시,29,0.019346,0.506522
2,102,381,맥스웰,비스킷,38,0.02535,0.504923
2,030,220,폴리,스노우 화이트,42,0.028019,0.497217
2,232,431,노아,볼륨,25,0.016678,0.487793
2,030,111,폴리,자칼,25,0.016678,0.487631
2,220,430,스노우 화이트,노이즈,42,0.028019,0.464976
2,070,072,브리드,디젤,38,0.02535,0.435494
2,112,431,바이퍼,볼륨,23,0.015344,0.396067
2,220,232,스노우 화이트,노아,22,0.014676,0.359511
2,221,352,라푼젤,헬름,67,0.044696,0.357381
2,202,230,도라,하란,23,0.015344,0.339325
2,220,221,스노우 화이트,라푼젤,59,0.03936,0.336207
2,101,381,드레이크,비스킷,23,0.015344,0.309979
2,032,091,미란다,베스티,20,0.013342,0.274824
2,091,381,베스티,비스킷,26,0.017345,0.269549
2,100,202,라플라스,도라,45,0.03002,0.254067
2,111,222,자칼,홍련,35,0.023349,0.236092
2,221,222,라푼젤,홍련,63,0.042028,0.203552
2,202,222,도라,홍련,51,0.034023,0.178435
2,102,233,맥스웰,도로시,65,0.043362,0.148577
2,100,102,라플라스,맥스웰,53,0.035357,0.134581
2,102,131,맥스웰,페퍼,56,0.037358,0.101687
2,091,102,베스티,맥스웰,49,0.032688,0.087095
2,102,232,맥스웰,노아,21,0.014009,0.07492
2,030,352,폴리,헬름,35,0.023349,0.071911
2,030,102,폴리,맥스웰,35,0.023349,0.016705
2,212,233,노벨,도로시,21,0.014009,0.012844
2,070,100,브리드,라플라스,25,0.016678,-0.040129
2,101,352,드레이크,헬름,37,0.024683,-0.045649
2,230,431,하란,볼륨,20,0.013342,-0.056528
2,072,220,디젤,스노우 화이트,42,0.028019,-0.111993
2,070,220,브리드,스노우 화이트,24,0.016011,-0.127935
2,101,202,드레이크,도라,28,0.018679,-0.1474
2,102,170,맥스웰,프리바티,52,0.03469,-0.173351
2,352,431,헬름,볼륨,43,0.028686,-0.196925
2,030,091,폴리,베스티,24,0.016011,-0.215501
2,091,131,베스티,페퍼,36,0.024016,-0.223629
2,102,432,맥스웰,아리아,43,0.028686,-0.224332
2,102,191,맥스웰,앨리스,50,0.033356,-0.229935
2,102,202,맥스웰,도라,38,0.02535,-0.236248
2,102,221,맥스웰,라푼젤,46,0.030687,-0.240351
2,202,220,도라,스노우 화이트,32,0.021348,-0.266699
2,101,431,드레이크,볼륨,29,0.019346,-0.290993
2,072,191,디젤,앨리스,43,0.028686,-0.329585
2,100,431,라플라스,볼륨,33,0.022015,-0.387611
2,070,222,브리드,홍련,20,0.013342,-0.618261
2,091,100,베스티,라플라스,25,0.016678,-0.637369
2,100,221,라플라스,라푼젤,29,0.019346,-0.659543
2,102,430,맥스웰,노이즈,22,0.014676,-0.685386
2,202,432,도라,아리아,24,0.016011,-0.710081
2,072,091,디젤,베스티,25,0.016678,-0.765818
2,233,430,도로시,노이즈,21,0.014009,-0.786562
2,222,431,홍련,볼륨,29,0.019346,-0.830228
2,221,260,라푼젤,모더니아,31,0.02068,-0.843779
2,082,102,리타,맥스웰,30,0.020013,-0.9669
2,270,431,블랑,볼륨,26,0.017345,-1.0072
2,271,431,누아르,볼륨,26,0.017345,-1.0072
2,100,352,라플라스,헬름,23,0.015344,-1.014572
2,131,222,페퍼,홍련,26,0.017345,-1.015043
2,091,432,베스티,아리아,20,0.013342,-1.016555
2,260,432,모더니아,아리아,25,0.016678,-1.040802
2,220,270,스노우 화이트,블랑,24,0.016011,-1.066534
2,220,271,스노우 화이트,누아르,24,0.016011,-1.066534
2,220,352,스노우 화이트,헬름,22,0.014676,-1.107615
2,102,352,맥스웰,헬름,25,0.016678,-1.140667
2,091,352,베스티,헬름,20,0.013342,-1.150482
2,082,221,리타,라푼젤,25,0.016678,-1.154119
2,102,260,맥스웰,모더니아,26,0.017345,-1.173351
2,222,432,홍련,아리아,22,0.014676,-1.200979
2,131,221,페퍼,라푼젤,21,0.014009,-1.237535
2,220,233,스노우 화이트,도로시,21,0.014009,-1.263997
2,072,221,디젤,라푼젤,20,0.013342,-1.324044
3,030,432,폴리,아리아,111,0.074,2.606015
3,032,171,미란다,율하,179,0.119333,2.592332
3,070,432,브리드,아리아,62,0.041333,2.574853
3,070,132,브리드,메어리 : 베이 갓데스,112,0.074667,2.444885
3,072,180,디젤,길로틴,126,0.084,2.431723
3,070,091,브리드,베스티,95,0.063333,2.407323
3,091,132,베스티,메어리 : 베이 갓데스,200,0.133333,2.405834
3,091,112,베스티,바이퍼,81,0.054,2.381935
3,171,220,율하,스노우 화이트,194,0.129333,2.328935
3,270,271,블랑,누아르,299,0.199333,2.326745
3,112,132,바이퍼,메어리 : 베이 갓데스,89,0.059333,2.317881
3,170,233,프리바티,도로시,297,0.198,2.307429
3,171,221,율하,라푼젤,169,0.112667,2.290655
3,091,432,베스티,아리아,93,0.062,2.284262
3,170,172,프리바티,애드미,41,0.027333,2.253215
3,172,233,애드미,도로시,41,0.027333,2.253215
3,014,132,네온 : 블루 오션,메어리 : 베이 갓데스,81,0.054,2.252387
3,132,432,메어리 : 베이 갓데스,아리아,104,0.069333,2.245606
3,032,202,미란다,도라,210,0.14,2.245141
3,171,202,율하,도라,182,0.121333,2.236817
3,070,112,브리드,바이퍼,39,0.026,2.20304
3,014,112,네온 : 블루 오션,바이퍼,32,0.021333,2.192645
3,032,221,미란다,라푼젤,181,0.120667,2.191495
3,131,140,페퍼,슈가,68,0.045333,2.181149
3,032,220,미란다,스노우 화이트,200,0.133333,2.174752
3,191,270,앨리스,블랑,268,0.178667,2.164016
3,191,271,앨리스,누아르,268,0.178667,2.164016
3,220,221,스노우 화이트,라푼젤,229,0.152667,2.151359
3,100,200,라플라스,루피,26,0.017333,2.13891
3,030,070,폴리,브리드,74,0.049333,2.113416
3,100,131,라플라스,페퍼,71,0.047333,2.112189
3,014,091,네온 : 블루 오션,베스티,61,0.040667,2.043212
3,030,132,폴리,메어리 : 베이 갓데스,143,0.095333,1.988344
3,030,091,폴리,베스티,124,0.082667,1.982607
3,131,400,페퍼,길티,49,0.032667,1.977331
3,172,352,애드미,헬름,33,0.022,1.964305
3,082,260,리타,모더니아,230,0.153333,1.938599
3,212,352,노벨,헬름,212,0.141333,1.889221
3,202,221,도라,라푼젤,179,0.119333,1.795971
3,260,270,모더니아,블랑,207,0.138,1.791413
3,260,271,모더니아,누아르,207,0.138,1.791413
3,202,220,도라,스노우 화이트,198,0.132,1.780759
3,101,131,드레이크,페퍼,86,0.057333,1.777109
3,102,212,맥스웰,노벨,195,0.13,1.7492
3,172,222,애드미,홍련,28,0.018667,1.712668
3,101,140,드레이크,슈가,76,0.050667,1.656487
3,082,270,리타,블랑,181,0.120667,1.597772
3,082,271,리타,누아르,181,0.120667,1.597772
3,191,260,앨리스,모더니아,177,0.118,1.560715
3,140,400,슈가,길티,35,0.023333,1.54962
3,014,070,네온 : 블루 오션,브리드,23,0.015333,1.511589
3,082,191,리타,앨리스,169,0.112667,1.493989
3,030,112,폴리,바이퍼,40,0.026667,1.430509
3,222,352,홍련,헬름,157,0.104667,1.421628
3,132,200,메어리 : 베이 갓데스,루피,25,0.016667,1.41889
3,072,101,디젤,드레이크,95,0.063333,1.357909
3,222,400,홍련,길티,62,0.041333,1.355037
3,030,140,폴리,슈가,53,0.035333,1.351074
3,014,432,네온 : 블루 오션,아리아,21,0.014,1.287981
3,222,431,홍련,볼륨,140,0.093333,1.271037
3,030,131,폴리,페퍼,51,0.034,1.237864
3,101,180,드레이크,길로틴,57,0.038,1.164998
3,180,400,길로틴,길티,28,0.018667,1.15124
3,072,170,디젤,프리바티,100,0.066667,1.145605
3,072,233,디젤,도로시,100,0.066667,1.145605
3,014,030,네온 : 블루 오션,폴리,31,0.020667,1.133166
3,102,352,맥스웰,헬름,128,0.085333,1.122174
3,100,432,라플라스,아리아,30,0.02,1.115493
3,102,431,맥스웰,볼륨,125,0.083333,1.102705
3,072,100,디젤,라플라스,52,0.034667,1.100091
3,400,431,길티,볼륨,50,0.033333,1.074041
3,101,400,드레이크,길티,41,0.027333,1.035047
3,072,431,디젤,볼륨,88,0.058667,1.000175
3,233,352,도로시,헬름,118,0.078667,1.0
3,030,100,폴리,라플라스,45,0.03,0.983763
3,082,102,리타,맥스웰,118,0.078667,0.980569
3,170,352,프리바티,헬름,116,0.077333,0.975338
3,212,431,노벨,볼륨,110,0.073333,0.957407
3,082,212,리타,노벨,113,0.075333,0.957232
3,100,180,라플라스,길로틴,32,0.021333,0.943706
3,180,431,길로틴,볼륨,58,0.038667,0.942779
3,072,400,디젤,길티,35,0.023333,0.929114
3,100,140,라플라스,슈가,29,0.019333,0.878139
3,212,222,노벨,홍련,106,0.070667,0.874623
3,222,233,홍련,도로시,109,0.072667,0.870944
3,170,222,프리바티,홍련,108,0.072,0.857647
3,131,432,페퍼,아리아,23,0.015333,0.805694
3,170,180,프리바티,길로틴,54,0.036,0.800691
3,180,233,길로틴,도로시,54,0.036,0.800691
3,100,101,라플라스,드레이크,43,0.028667,0.70358
3,072,222,디젤,홍련,73,0.048667,0.701224
3,100,400,라플라스,길티,21,0.014,0.68141
3,180,222,길로틴,홍련,47,0.031333,0.610043
3,170,191,프리바티,앨리스,90,0.06,0.584963
3,191,233,앨리스,도로시,90,0.06,0.584963
3,100,132,라플라스,메어리 : 베이 갓데스,41,0.027333,0.583028
3,132,140,메어리 : 베이 갓데스,슈가,37,0.024667,0.566174
3,082,352,리타,헬름,87,0.058,0.5603
3,072,140,디젤,슈가,32,0.021333,0.530895
3,260,352,모더니아,헬름,83,0.055333,0.492396
3,131,202,페퍼,도라,42,0.028,0.486004
3,101,112,드레이크,바이퍼,24,0.016,0.478949
3,212,260,노벨,모더니아,80,0.053333,0.458981
3,352,431,헬름,볼륨,76,0.050667,0.404279
3,102,260,맥스웰,모더니아,79,0.052667,0.401707
3,102,221,맥스웰,라푼젤,69,0.046,0.396351
3,212,220,노벨,스노우 화이트,75,0.05,0.395018
3,102,220,맥스웰,스노우 화이트,76,0.050667,0.375
3,212,221,노벨,라푼젤,60,0.04,0.233843
3,091,140,베스티,슈가,25,0.016667,0.200515
3,102,222,맥스웰,홍련,68,0.045333,0.195039
3,101,170,드레이크,프리바티,56,0.037333,0.186769
3,072,102,디젤,맥스웰,51,0.034,0.178991
3,101,431,드레이크,볼륨,54,0.036,0.173295
3,101,233,드레이크,도로시,55,0.036667,0.160773
3,212,233,노벨,도로시,64,0.042667,0.137053
3,170,212,프리바티,노벨,62,0.041333,0.091249
3,101,202,드레이크,도라,51,0.034,0.080985
3,170,270,프리바티,블랑,63,0.042,0.075206
3,170,271,프리바티,누아르,63,0.042,0.075206
3,233,270,도로시,블랑,63,0.042,0.075206
3,233,271,도로시,누아르,63,0.042,0.075206
3,101,132,드레이크,메어리 : 베이 갓데스,44,0.029333,0.07331
3,030,101,폴리,드레이크,36,0.024,0.050237
3,140,202,슈가,도라,29,0.019333,0.009383
3,221,431,라푼젤,볼륨,51,0.034,-0.005571
3,131,222,페퍼,홍련,30,0.02,-0.018919
3,352,400,헬름,길티,23,0.015333,-0.061
3,091,101,베스티,드레이크,34,0.022667,-0.098721
3,270,431,블랑,볼륨,54,0.036,-0.108192
3,271,431,누아르,볼륨,54,0.036,-0.108192
3,140,431,슈가,볼륨,26,0.017333,-0.13831
3,100,431,라플라스,볼륨,28,0.018667,-0.16264
3,260,431,모더니아,볼륨,52,0.034667,-0.167457
3,100,202,라플라스,도라,28,0.018667,-0.172488
3,091,100,베스티,라플라스,21,0.014,-0.182269
3,072,131,디젤,페퍼,20,0.013333,-0.204892
3,170,400,프리바티,길티,20,0.013333,-0.286881
3,091,202,베스티,도라,35,0.023333,-0.314058
3,220,431,스노우 화이트,볼륨,46,0.030667,-0.315188
3,101,222,드레이크,홍련,38,0.025333,-0.363009
3,132,202,메어리 : 베이 갓데스,도라,38,0.025333,-0.395351
3,180,202,길로틴,도라,21,0.014,-0.532733
3,191,431,앨리스,볼륨,40,0.026667,-0.545968
3,032,072,미란다,디젤,23,0.015333,-0.566049
3,131,431,페퍼,볼륨,20,0.013333,-0.574538
3,102,170,맥스웰,프리바티,40,0.026667,-0.580145
3,102,233,맥스웰,도로시,40,0.026667,-0.580145
3,102,270,맥스웰,블랑,37,0.024667,-0.687803
3,102,271,맥스웰,누아르,37,0.024667,-0.687803
3,082,220,리타,스노우 화이트,36,0.024,-0.707819
3,030,202,폴리,도라,23,0.015333,-0.853284
3,082,222,리타,홍련,28,0.018667,-1.089886
3,102,191,맥스웰,앨리스,27,0.018,-1.147186
3,220,352,스노우 화이트,헬름,26,0.017333,-1.153057
4,030,381,폴리,비스킷,132,0.088,2.898771
4,131,140,페퍼,슈가,63,0.042,2.750463
4,121,171,앤 : 미라클 페어리,율하,89,0.059333,2.436595
4,120,353,N102,헬름 : 아쿠아마린,65,0.043333,2.371833
4,032,121,미란다,앤 : 미라클 페어리,90,0.06,2.331578
4,121,220,앤 : 미라클 페어리,스노우 화이트,90,0.06,2.331578
4,171,220,율하,스노우 화이트,274,0.182667,2.331578
4,270,271,블랑,누아르,300,0.2,2.321928
4,101,131,드레이크,페퍼,113,0.075333,2.31874
4,170,233,프리바티,도로시,295,0.196667,2.297681
4,032,171,미란다,율하,267,0.178,2.294242
4,121,202,앤 : 미라클 페어리,도라,87,0.058,2.287518
4,132,353,메어리 : 베이 갓데스,헬름 : 아쿠아마린,23,0.015333,2.281112
4,032,202,미란다,도라,284,0.189333,2.267006
4,131,353,페퍼,헬름 : 아쿠아마린,132,0.088,2.263979
4,032,220,미란다,스노우 화이트,284,0.189333,2.262157
4,091,353,베스티,헬름 : 아쿠아마린,25,0.016667,2.243865
4,171,202,율하,도라,256,0.170667,2.238396
4,082,260,리타,모더니아,282,0.188,2.232661
4,350,431,마스트,볼륨,183,0.122,2.230298
4,180,350,길로틴,마스트,176,0.117333,2.217973
4,202,220,도라,스노우 화이트,273,0.182,2.210016
4,140,353,슈가,헬름 : 아쿠아마린,78,0.052,2.204233
4,015,381,아니스 : 스파클링 서머,비스킷,124,0.082667,2.157183
4,170,381,프리바티,비스킷,124,0.082667,2.157183
4,233,381,도로시,비스킷,124,0.082667,2.157183
4,100,131,라플라스,페퍼,47,0.031333,2.13901
4,101,140,드레이크,슈가,60,0.04,2.104697
4,101,353,드레이크,헬름 : 아쿠아마린,173,0.115333,2.078837
4,180,430,길로틴,노이즈,196,0.130667,2.026385
4,350,430,마스트,노이즈,131,0.087333,2.022643
4,082,270,리타,블랑,241,0.160667,2.005999
4,082,271,리타,누아르,241,0.160667,2.005999
4,260,270,모더니아,블랑,237,0.158,1.981853
4,260,271,모더니아,누아르,237,0.158,1.981853
4,100,353,라플라스,헬름 : 아쿠아마린,76,0.050667,1.977997
4,101,120,드레이크,N102,40,0.026667,1.950369
4,231,353,이사벨,헬름 : 아쿠아마린,23,0.015333,1.937157
4,220,221,스노우 화이트,라푼젤,72,0.048,1.90159
4,171,221,율하,라푼젤,66,0.044,1.897196
4,180,431,길로틴,볼륨,216,0.144,1.89194
4,032,221,미란다,라푼젤,71,0.047333,1.881413
4,202,221,도라,라푼젤,68,0.045333,1.823978
4,430,431,노이즈,볼륨,161,0.107333,1.698649
4,030,233,폴리,도로시,123,0.082,1.687014
4,100,140,라플라스,슈가,21,0.014,1.675985
4,015,030,아니스 : 스파클링 서머,폴리,122,0.081333,1.675237
4,030,170,폴리,프리바티,122,0.081333,1.675237
4,100,101,라플라스,드레이크,50,0.033333,1.652901
4,015,350,아니스 : 스파클링 서머,마스트,117,0.078,1.584963
4,222,431,홍련,볼륨,173,0.115333,1.537388
4,102,212,맥스웰,노벨,161,0.107333,1.518419
4,015,233,아니스 : 스파클링 서머,도로시,166,0.110667,1.468149
4,015,170,아니스 : 스파클링 서머,프리바티,165,0.11,1.459432
4,030,140,폴리,슈가,32,0.021333,1.434159
4,082,102,리타,맥스웰,157,0.104667,1.38773
4,030,131,폴리,페퍼,49,0.032667,1.349623
4,102,260,맥스웰,모더니아,152,0.101333,1.341037
4,222,350,홍련,마스트,97,0.064667,1.324161
4,191,212,앨리스,노벨,140,0.093333,1.316785
4,191,233,앨리스,도로시,144,0.096,1.263034
4,212,233,노벨,도로시,134,0.089333,1.253591
4,170,191,프리바티,앨리스,142,0.094667,1.242857
4,170,212,프리바티,노벨,132,0.088,1.231896
4,191,270,앨리스,블랑,129,0.086,1.104337
4,191,271,앨리스,누아르,129,0.086,1.104337
4,120,430,N102,노이즈,24,0.016,1.072989
4,015,431,아니스 : 스파클링 서머,볼륨,124,0.082667,1.047306
4,180,222,길로틴,홍련,115,0.076667,0.992193
4,120,352,N102,헬름,24,0.016,0.982791
4,120,180,N102,길로틴,26,0.017333,0.957787
4,212,352,노벨,헬름,94,0.062667,0.926515
4,202,352,도라,헬름,99,0.066,0.92139
4,032,352,미란다,헬름,99,0.066,0.916541
4,015,180,아니스 : 스파클링 서머,길로틴,109,0.072667,0.905237
4,015,430,아니스 : 스파클링 서머,노이즈,90,0.06,0.859585
4,222,270,홍련,블랑,108,0.072,0.857647
4,222,271,홍련,누아르,108,0.072,0.857647
4,220,352,스노우 화이트,헬름,91,0.060667,0.794979
4,102,270,맥스웰,블랑,100,0.066667,0.736966
4,102,271,맥스웰,누아르,100,0.066667,0.736966
4,171,352,율하,헬름,80,0.053333,0.730249
4,120,191,N102,앨리스,22,0.014667,0.672835
4,222,430,홍련,노이즈,78,0.052,0.662784
4,030,101,폴리,드레이크,44,0.029333,0.618968
4,102,233,맥스웰,도로시,84,0.056,0.485427
4,102,170,맥스웰,프리바티,82,0.054667,0.450661
4,082,222,리타,홍련,79,0.052667,0.40654
4,030,353,폴리,헬름 : 아쿠아마린,45,0.03,0.372414
4,222,260,홍련,모더니아,76,0.050667,0.350687
4,102,191,맥스웰,앨리스,74,0.049333,0.302563
4,100,180,라플라스,길로틴,25,0.016667,0.281807
4,102,352,맥스웰,헬름,64,0.042667,0.277534
4,082,191,리타,앨리스,72,0.048,0.263034
4,260,352,모더니아,헬름,63,0.042,0.254814
4,353,430,헬름 : 아쿠아마린,노이즈,52,0.034667,0.204233
4,191,260,앨리스,모더니아,68,0.045333,0.180572
4,212,431,노벨,볼륨,62,0.041333,0.141698
4,222,352,홍련,헬름,56,0.037333,0.094539
4,352,353,헬름,헬름 : 아쿠아마린,51,0.034,0.086021
4,082,212,리타,노벨,59,0.039333,0.070145
4,212,260,노벨,모더니아,59,0.039333,0.070145
4,212,222,노벨,홍련,57,0.038,0.030042
4,082,352,리타,헬름,53,0.035333,0.005454
4,101,180,드레이크,길로틴,41,0.027333,-0.090358
4,180,353,길로틴,헬름 : 아쿠아마린,49,0.032667,-0.112176
4,352,431,헬름,볼륨,47,0.031333,-0.167877
4,015,222,아니스 : 스파클링 서머,홍련,53,0.035333,-0.16932
4,101,352,드레이크,헬름,33,0.022,-0.263034
4,101,191,드레이크,앨리스,36,0.024,-0.321928
4,015,212,아니스 : 스파클링 서머,노벨,43,0.028667,-0.386233
4,191,353,앨리스,헬름 : 아쿠아마린,41,0.027333,-0.413277
4,101,430,드레이크,노이즈,27,0.018,-0.462343
4,191,431,앨리스,볼륨,43,0.028667,-0.480626
4,212,430,노벨,노이즈,31,0.020667,-0.58368
4,180,212,길로틴,노벨,36,0.024,-0.59863
4,191,222,앨리스,홍련,39,0.026,-0.611838
4,191,352,앨리스,헬름,33,0.022,-0.678072
4,270,431,블랑,볼륨,37,0.024667,-0.697437
4,271,431,누아르,볼륨,37,0.024667,-0.697437
4,350,352,마스트,헬름,21,0.014,-0.70866
4,032,430,미란다,노이즈,30,0.02,-0.715727
4,202,430,도라,노이즈,29,0.019333,-0.759788
4,171,430,율하,노이즈,25,0.016667,-0.857625
4,101,212,드레이크,노벨,22,0.014667,-0.938029
4,220,430,스노우 화이트,노이즈,25,0.016667,-0.978762
4,102,431,맥스웰,볼륨,30,0.02,-1.0
4,101,102,드레이크,맥스웰,21,0.014,-1.099536
4,222,353,홍련,헬름 : 아쿠아마린,25,0.016667,-1.117323
4,101,431,드레이크,볼륨,20,0.013333,-1.169925
4,015,191,아니스 : 스파클링 서머,앨리스,26,0.017333,-1.206451
4,180,352,길로틴,헬름,20,0.013333,-1.356595
4,233,270,도로시,블랑,21,0.014,-1.514573
4,233,271,도로시,누아르,21,0.014,-1.514573
4,102,180,맥스웰,길로틴,20,0.013333,-1.541019
4,170,270,프리바티,블랑,20,0.013333,-1.584963
4,170,271,프리바티,누아르,20,0.013333,-1.584963
5,180,380,길로틴,네로,21,0.021021,2.959518
5,261,381,니힐리스타,비스킷,108,0.108108,2.754888
5,111,221,자칼,라푼젤,98,0.098098,2.691925
5,171,430,율하,노이즈,151,0.151151,2.462965
5,380,381,네로,비스킷,23,0.023023,2.459997
5,132,353,메어리 : 베이 갓데스,헬름 : 아쿠아마린,28,0.028028,2.44274
5,180,350,길로틴,마스트,57,0.057057,2.375429
5,032,171,미란다,율하,152,0.152152,2.349631
5,171,220,율하,스노우 화이트,152,0.152152,2.349631
5,170,233,프리바티,도로시,199,0.199199,2.320485
5,270,271,블랑,누아르,200,0.2002,2.320485
5,350,810,마스트,2B,118,0.118118,2.320485
5,111,353,자칼,헬름 : 아쿠아마린,80,0.08008,2.318412
5,082,270,리타,블랑,199,0.199199,2.313253
5,082,271,리타,누아르,199,0.199199,2.313253
5,015,261,아니스 : 스파클링 서머,니힐리스타,110,0.11011,2.307429
5,030,352,폴리,헬름,22,0.022022,2.30548
5,032,220,미란다,스노우 화이트,190,0.19019,2.304777
5,170,261,프리바티,니힐리스타,108,0.108108,2.288188
5,233,261,도로시,니힐리스타,108,0.108108,2.280956
5,015,381,아니스 : 스파클링 서머,비스킷,140,0.14014,2.279843
5,171,202,율하,도라,140,0.14014,2.245784
5,015,380,아니스 : 스파클링 서머,네로,27,0.027027,2.217391
5,032,202,미란다,도라,177,0.177177,2.217324
5,111,222,자칼,홍련,98,0.098098,2.196157
5,202,220,도라,스노우 화이트,174,0.174174,2.192662
5,221,810,라푼젤,2B,127,0.127127,2.190228
5,032,430,미란다,노이즈,161,0.161161,2.188695
5,220,430,스노우 화이트,노이즈,161,0.161161,2.188695
5,111,810,자칼,2B,99,0.099099,2.181657
5,030,220,폴리,스노우 화이트,23,0.023023,2.172753
5,270,811,블랑,A2,173,0.173173,2.125756
5,271,811,누아르,A2,173,0.173173,2.125756
5,082,811,리타,A2,172,0.172172,2.117393
5,030,032,폴리,미란다,22,0.022022,2.108623
5,202,430,도라,노이즈,150,0.15015,2.101394
5,221,222,라푼젤,홍련,117,0.117117,2.101055
5,102,212,맥스웰,노벨,166,0.166166,2.080814
5,101,353,드레이크,헬름 : 아쿠아마린,27,0.027027,2.060124
5,170,381,프리바티,비스킷,114,0.114114,1.990681
5,030,202,폴리,도라,20,0.02002,1.985916
5,233,381,도로시,비스킷,114,0.114114,1.98345
5,180,431,길로틴,볼륨,73,0.073073,1.978382
5,222,353,홍련,헬름 : 아쿠아마린,111,0.111111,1.944375
5,221,353,라푼젤,헬름 : 아쿠아마린,74,0.074074,1.855181
5,101,222,드레이크,홍련,30,0.03003,1.79709
5,380,431,네로,볼륨,20,0.02002,1.791663
5,350,431,마스트,볼륨,78,0.078078,1.730475
5,221,350,라푼젤,마스트,54,0.054054,1.717644
5,222,810,홍련,2B,128,0.128128,1.705775
5,180,810,길로틴,2B,60,0.06006,1.688216
5,212,352,노벨,헬름,105,0.105105,1.646024
5,015,180,아니스 : 스파클링 서머,길로틴,58,0.058058,1.639307
5,082,191,리타,앨리스,119,0.119119,1.571446
5,191,270,앨리스,블랑,118,0.118118,1.559272
5,191,271,앨리스,누아르,118,0.118118,1.559272
5,353,810,헬름 : 아쿠아마린,2B,86,0.086086,1.547077
5,132,222,메어리 : 베이 갓데스,홍련,20,0.02002,1.542276
5,352,431,헬름,볼륨,99,0.099099,1.53922
5,260,352,모더니아,헬름,99,0.099099,1.531989
5,015,170,아니스 : 스파클링 서머,프리바티,114,0.114114,1.51675
5,212,260,노벨,모더니아,112,0.112112,1.51313
5,015,233,아니스 : 스파클링 서머,도로시,114,0.114114,1.509519
5,102,260,맥스웰,모더니아,104,0.104104,1.377068
5,260,431,모더니아,볼륨,100,0.1001,1.327716
5,191,811,앨리스,A2,98,0.098098,1.305838
5,212,431,노벨,볼륨,96,0.096096,1.297969
5,102,352,맥스웰,헬름,81,0.081081,1.242482
5,102,191,맥스웰,앨리스,93,0.093093,1.215787
5,222,350,홍련,마스트,51,0.051051,1.139413
5,212,233,노벨,도로시,84,0.084084,1.098092
5,170,212,프리바티,노벨,83,0.083083,1.088046
5,260,270,모더니아,블랑,82,0.082082,1.03418
5,260,271,모더니아,누아르,82,0.082082,1.03418
5,170,191,프리바티,앨리스,81,0.081081,1.02371
5,082,260,리타,모더니아,81,0.081081,1.016478
5,191,233,앨리스,도로시,81,0.081081,1.016478
5,111,350,자칼,마스트,26,0.026026,1.013953
5,191,212,앨리스,노벨,79,0.079079,1.009556
5,431,810,볼륨,2B,80,0.08008,1.005788
5,102,431,맥스웰,볼륨,79,0.079079,0.987641
5,260,811,모더니아,A2,78,0.078078,0.97653
5,102,233,맥스웰,도로시,77,0.077077,0.943415
5,102,170,맥스웰,프리바티,76,0.076076,0.931788
5,180,381,길로틴,비스킷,21,0.021021,0.647574
5,352,353,헬름,헬름 : 아쿠아마린,36,0.036036,0.516741
5,222,352,홍련,헬름,43,0.043043,0.358043
5,015,431,아니스 : 스파클링 서머,볼륨,50,0.05005,0.327716
5,015,350,아니스 : 스파클링 서머,마스트,28,0.028028,0.245197
5,221,431,라푼젤,볼륨,32,0.032032,0.208775
5,222,431,홍련,볼륨,39,0.039039,-0.001591
5,032,352,미란다,헬름,32,0.032032,-0.068221
5,220,352,스노우 화이트,헬름,30,0.03003,-0.161331
5,202,352,도라,헬름,26,0.026026,-0.352985
5,015,810,아니스 : 스파클링 서머,2B,28,0.028028,-0.516017
5,082,102,리타,맥스웰,28,0.028028,-0.516017
5,381,431,비스킷,볼륨,20,0.02002,-0.520281
5,102,270,맥스웰,블랑,27,0.027027,-0.568484
5,102,271,맥스웰,누아르,27,0.027027,-0.568484
5,015,222,아니스 : 스파클링 서머,홍련,24,0.024024,-0.709263
6,101,140,드레이크,슈가,21,0.021,2.803513
6,082,270,리타,블랑,200,0.2,2.321928
6,082,271,리타,누아르,200,0.2,2.321928
6,270,271,블랑,누아르,200,0.2,2.321928
6,450,451,나가,티아,200,0.2,2.321928
6,350,810,마스트,2B,135,0.135,2.319366
6,171,220,율하,스노우 화이트,101,0.101,2.314946
6,171,431,율하,볼륨,101,0.101,2.307714
6,171,450,율하,나가,101,0.101,2.307714
6,171,451,율하,티아,101,0.101,2.307714
6,170,233,프리바티,도로시,194,0.194,2.277985
6,431,450,볼륨,나가,193,0.193,2.270529
6,431,451,볼륨,티아,193,0.193,2.270529
6,170,212,프리바티,노벨,180,0.18,2.243926
6,220,450,스노우 화이트,나가,186,0.186,2.224462
6,220,451,스노우 화이트,티아,186,0.186,2.224462
6,212,233,노벨,도로시,176,0.176,2.211504
6,220,431,스노우 화이트,볼륨,179,0.179,2.169119
6,082,191,리타,앨리스,174,0.174,2.121015
6,191,270,앨리스,블랑,174,0.174,2.121015
6,191,271,앨리스,누아르,174,0.174,2.121015
6,032,352,미란다,헬름,93,0.093,2.016413
6,131,811,페퍼,A2,104,0.104,2.005782
6,191,400,앨리스,길티,105,0.105,1.948711
6,082,400,리타,길티,102,0.102,1.906891
6,270,400,블랑,길티,102,0.102,1.906891
6,271,400,누아르,길티,102,0.102,1.906891
6,032,202,미란다,도라,131,0.131,1.855505
6,353,810,헬름 : 아쿠아마린,2B,116,0.116,1.82447
6,015,170,아니스 : 스파클링 서머,프리바티,139,0.139,1.797013
6,350,353,마스트,헬름 : 아쿠아마린,89,0.089,1.766112
6,101,202,드레이크,도라,43,0.043,1.748193
6,015,233,아니스 : 스파클링 서머,도로시,134,0.134,1.744161
6,131,810,페퍼,2B,101,0.101,1.725394
6,032,101,미란다,드레이크,38,0.038,1.713866
6,131,353,페퍼,헬름 : 아쿠아마린,96,0.096,1.699974
6,015,212,아니스 : 스파클링 서머,노벨,120,0.12,1.658963
6,202,352,도라,헬름,79,0.079,1.637024
6,131,350,페퍼,마스트,75,0.075,1.619891
6,170,180,프리바티,길로틴,100,0.1,1.473931
6,180,233,길로틴,도로시,100,0.1,1.473931
6,180,212,길로틴,노벨,95,0.095,1.473931
6,032,140,미란다,슈가,23,0.023,1.434912
6,353,811,헬름 : 아쿠아마린,A2,75,0.075,1.433467
6,015,222,아니스 : 스파클링 서머,홍련,103,0.103,1.371804
6,260,352,모더니아,헬름,65,0.065,1.362843
6,140,260,슈가,모더니아,24,0.024,1.359533
6,140,202,슈가,도라,24,0.024,1.352302
6,101,260,드레이크,모더니아,32,0.032,1.32916
6,015,180,아니스 : 스파클링 서머,길로틴,87,0.087,1.273018
6,102,220,맥스웰,스노우 화이트,96,0.096,1.270266
6,352,811,헬름,A2,47,0.047,1.246286
6,180,350,길로틴,마스트,61,0.061,1.204996
6,082,260,리타,모더니아,86,0.086,1.111568
6,260,270,모더니아,블랑,86,0.086,1.111568
6,260,271,모더니아,누아르,86,0.086,1.111568
6,810,811,2B,A2,62,0.062,1.111016
6,102,450,맥스웰,나가,85,0.085,1.087463
6,102,451,맥스웰,티아,85,0.085,1.087463
6,101,131,드레이크,페퍼,22,0.022,1.050176
6,202,811,도라,A2,64,0.064,1.036526
6,032,260,미란다,모더니아,72,0.072,0.999239
6,222,810,홍련,2B,72,0.072,0.975523
6,102,431,맥스웰,볼륨,78,0.078,0.963474
6,131,202,페퍼,도라,64,0.064,0.946889
6,131,222,페퍼,홍련,61,0.061,0.884858
6,101,353,드레이크,헬름 : 아쿠아마린,21,0.021,0.882368
6,222,352,홍련,헬름,46,0.046,0.864037
6,352,353,헬름,헬름 : 아쿠아마린,41,0.041,0.858918
6,202,222,도라,홍련,70,0.07,0.814586
6,202,260,도라,모더니아,70,0.07,0.814586
6,260,811,모더니아,A2,54,0.054,0.798645
6,032,222,미란다,홍련,59,0.059,0.711957
6,222,353,홍련,헬름 : 아쿠아마린,58,0.058,0.711407
6,191,260,앨리스,모더니아,64,0.064,0.685303
6,102,212,맥스웰,노벨,61,0.061,0.68281
6,180,810,길로틴,2B,53,0.053,0.67829
6,350,811,마스트,A2,35,0.035,0.609993
6,102,233,맥스웰,도로시,61,0.061,0.608809
6,222,350,홍련,마스트,44,0.044,0.588919
6,102,170,맥스웰,프리바티,57,0.057,0.510962
6,212,222,노벨,홍련,53,0.053,0.487225
6,032,353,미란다,헬름 : 아쿠아마린,44,0.044,0.449637
6,202,810,도라,2B,49,0.049,0.413076
6,170,222,프리바티,홍련,51,0.051,0.357729
6,131,352,페퍼,헬름,26,0.026,0.3025
6,032,350,미란다,마스트,32,0.032,0.266266
6,015,352,아니스 : 스파클링 서머,헬름,30,0.03,0.240134
6,202,350,도라,마스트,34,0.034,0.209719
6,222,233,홍련,도로시,46,0.046,0.208865
6,032,810,미란다,2B,37,0.037,0.15183
6,032,180,미란다,길로틴,36,0.036,0.14401
6,180,353,길로틴,헬름 : 아쿠아마린,35,0.035,0.127481
6,015,032,아니스 : 스파클링 서머,미란다,39,0.039,0.107484
6,032,102,미란다,맥스웰,39,0.039,0.107484
6,015,202,아니스 : 스파클링 서머,도라,39,0.039,-0.036526
6,180,202,길로틴,도라,35,0.035,-0.040642
6,222,811,홍련,A2,29,0.029,-0.098262
6,032,811,미란다,A2,26,0.026,-0.119024
6,131,260,페퍼,모더니아,30,0.03,-0.138989
6,102,180,맥스웰,길로틴,31,0.031,-0.215729
6,102,260,맥스웰,모더니아,33,0.033,-0.270302
6,260,353,모더니아,헬름 : 아쿠아마린,29,0.029,-0.288593
6,102,202,맥스웰,도라,30,0.03,-0.415037
6,015,431,아니스 : 스파클링 서머,볼륨,20,0.02,-1.0
7,180,311,길로틴,코코아,53,0.035452,4.163367
7,180,212,길로틴,노벨,30,0.020067,2.943788
7,212,311,노벨,코코아,29,0.019398,2.916573
7,030,381,폴리,비스킷,136,0.09097,2.838368
7,132,811,메어리 : 베이 갓데스,A2,135,0.090301,2.709482
7,311,810,코코아,2B,59,0.039465,2.538689
7,132,202,메어리 : 베이 갓데스,도라,203,0.135786,2.501536
7,202,811,도라,A2,151,0.101003,2.492013
7,100,202,라플라스,도라,78,0.052174,2.483157
7,131,202,페퍼,도라,26,0.017391,2.447088
7,180,810,길로틴,2B,54,0.03612,2.389238
7,015,381,아니스 : 스파클링 서머,비스킷,206,0.137793,2.321928
7,032,353,미란다,헬름 : 아쿠아마린,298,0.199331,2.321928
7,171,220,율하,스노우 화이트,291,0.194649,2.321928
7,233,321,도로시,마르차나,109,0.07291,2.321928
7,233,381,도로시,비스킷,206,0.137793,2.321928
7,270,271,블랑,누아르,299,0.2,2.321928
7,450,451,나가,티아,299,0.2,2.321928
7,015,233,아니스 : 스파클링 서머,도로시,298,0.199331,2.317095
7,032,352,미란다,헬름,298,0.199331,2.317095
7,170,233,프리바티,도로시,298,0.199331,2.317095
7,450,470,나가,레드 후드,298,0.199331,2.317095
7,451,470,티아,레드 후드,298,0.199331,2.317095
7,352,353,헬름,헬름 : 아쿠아마린,297,0.198662,2.317079
7,032,171,미란다,율하,290,0.19398,2.316962
7,171,352,율하,헬름,290,0.19398,2.316962
7,171,353,율하,헬름 : 아쿠아마린,289,0.193311,2.316812
7,170,381,프리바티,비스킷,205,0.137124,2.314908
7,015,170,아니스 : 스파클링 서머,프리바티,297,0.198662,2.312246
7,032,220,미란다,스노우 화이트,297,0.198662,2.312246
7,220,352,스노우 화이트,헬름,297,0.198662,2.312246
7,220,353,스노우 화이트,헬름 : 아쿠아마린,296,0.197993,2.312213
7,015,321,아니스 : 스파클링 서머,마르차나,108,0.072241,2.308631
7,170,321,프리바티,마르차나,108,0.072241,2.308631
7,015,030,아니스 : 스파클링 서머,폴리,136,0.09097,2.300866
7,030,170,폴리,프리바티,136,0.09097,2.300866
7,030,233,폴리,도로시,136,0.09097,2.300866
7,132,140,메어리 : 베이 갓데스,슈가,23,0.015385,2.274873
7,810,811,2B,A2,113,0.075585,2.272691
7,131,810,페퍼,2B,20,0.013378,2.26748
7,202,810,도라,2B,195,0.130435,2.263376
7,260,270,모더니아,블랑,285,0.190635,2.257578
7,260,271,모더니아,누아르,285,0.190635,2.257578
7,132,810,메어리 : 베이 갓데스,2B,149,0.099666,2.254272
7,100,132,라플라스,메어리 : 베이 갓데스,51,0.034114,2.249238
7,222,321,홍련,마르차나,92,0.061538,2.121398
7,082,450,리타,나가,259,0.173244,2.114735
7,082,451,리타,티아,259,0.173244,2.114735
7,270,431,블랑,볼륨,259,0.173244,2.114735
7,271,431,누아르,볼륨,259,0.173244,2.114735
7,082,470,리타,레드 후드,258,0.172575,2.109154
7,260,431,모더니아,볼륨,249,0.166555,2.062762
7,222,311,홍련,코코아,52,0.034783,2.022066
7,140,202,슈가,도라,25,0.016722,2.016109
7,180,222,길로틴,홍련,52,0.034783,2.000371
7,102,270,맥스웰,블랑,227,0.151839,1.924475
7,102,271,맥스웰,누아르,227,0.151839,1.924475
7,191,450,앨리스,나가,227,0.151839,1.924475
7,191,451,앨리스,티아,227,0.151839,1.924475
7,191,470,앨리스,레드 후드,227,0.151839,1.924475
7,350,810,마스트,2B,40,0.026756,1.893085
7,102,260,맥스웰,모더니아,216,0.144482,1.857647
7,100,810,라플라스,2B,44,0.029431,1.856091
7,222,810,홍련,2B,154,0.10301,1.787317
7,212,810,노벨,2B,46,0.030769,1.781058
7,132,222,메어리 : 베이 갓데스,홍련,135,0.090301,1.7775
7,102,431,맥스웰,볼륨,197,0.131773,1.719978
7,082,191,리타,앨리스,196,0.131104,1.712636
7,202,222,도라,홍련,162,0.108361,1.661477
7,350,381,마스트,비스킷,30,0.020067,1.637037
7,132,350,메어리 : 베이 갓데스,마스트,29,0.019398,1.609292
7,222,811,홍련,A2,89,0.059532,1.593827
7,180,202,길로틴,도라,34,0.022742,1.522909
7,100,222,라플라스,홍련,44,0.029431,1.521672
7,202,311,도라,코코아,32,0.021405,1.457142
7,132,212,메어리 : 베이 갓데스,노벨,31,0.020736,1.391847
7,202,212,도라,노벨,40,0.026756,1.38052
7,202,350,도라,마스트,32,0.021405,1.372253
7,212,222,노벨,홍련,41,0.027425,1.280629
7,212,811,노벨,A2,21,0.014047,1.247376
7,015,350,아니스 : 스파클링 서머,마스트,30,0.020067,1.099536
7,170,350,프리바티,마스트,30,0.020067,1.099536
7,233,350,도로시,마스트,30,0.020067,1.099536
7,082,102,리타,맥스웰,102,0.068227,0.770352
7,191,431,앨리스,볼륨,102,0.068227,0.770352
7,015,222,아니스 : 스파클링 서머,홍련,93,0.062207,0.681178
7,222,233,홍련,도로시,92,0.061538,0.665581
7,170,222,프리바티,홍련,91,0.06087,0.649814
7,102,450,맥스웰,나가,72,0.048161,0.267851
7,102,451,맥스웰,티아,72,0.048161,0.267851
7,191,270,앨리스,블랑,72,0.048161,0.267851
7,191,271,앨리스,누아르,72,0.048161,0.267851
7,102,470,맥스웰,레드 후드,71,0.047492,0.247674
7,191,260,앨리스,모더니아,69,0.046154,0.211284
7,431,450,볼륨,나가,40,0.026756,-0.580145
7,431,451,볼륨,티아,40,0.026756,-0.580145
7,431,470,볼륨,레드 후드,40,0.026756,-0.580145
7,082,270,리타,블랑,39,0.026087,-0.616671
7,082,271,리타,누아르,39,0.026087,-0.616671
7,082,260,리타,모더니아,36,0.02408,-0.727315
8,282,430,사쿠라,노이즈,34,0.022667,4.860954
8,062,180,미카 : 스노우 버디,길로틴,51,0.034,2.729317
8,131,222,페퍼,홍련,30,0.02,2.608232
8,212,282,노벨,사쿠라,23,0.015333,2.589234
8,131,353,페퍼,헬름 : 아쿠아마린,27,0.018,2.584963
8,171,221,율하,라푼젤,83,0.055333,2.417001
8,062,353,미카 : 스노우 버디,헬름 : 아쿠아마린,161,0.107333,2.381382
8,032,171,미란다,율하,247,0.164667,2.345245
8,171,220,율하,스노우 화이트,248,0.165333,2.336428
8,222,353,홍련,헬름 : 아쿠아마린,186,0.124,2.33361
8,282,470,사쿠라,레드 후드,39,0.026,2.326745
8,131,470,페퍼,레드 후드,30,0.02,2.326745
8,032,220,미란다,스노우 화이트,292,0.194667,2.32658
8,121,171,앤 : 미라클 페어리,율하,29,0.019333,2.325248
8,015,170,아니스 : 스파클링 서머,프리바티,300,0.2,2.321928
8,015,233,아니스 : 스파클링 서머,도로시,300,0.2,2.321928
8,170,233,프리바티,도로시,300,0.2,2.321928
8,194,450,루드밀라 : 윈터 오너,나가,300,0.2,2.321928
8,194,451,루드밀라 : 윈터 오너,티아,300,0.2,2.321928
8,270,271,블랑,누아르,300,0.2,2.321928
8,450,451,나가,티아,300,0.2,2.321928
8,015,381,아니스 : 스파클링 서머,비스킷,298,0.198667,2.317095
8,170,381,프리바티,비스킷,298,0.198667,2.317095
8,233,381,도로시,비스킷,298,0.198667,2.317095
8,032,121,미란다,앤 : 미라클 페어리,34,0.022667,2.309254
8,171,202,율하,도라,245,0.163333,2.30437
8,121,220,앤 : 미라클 페어리,스노우 화이트,34,0.022667,2.294607
8,202,220,도라,스노우 화이트,291,0.194,2.292484
8,032,202,미란다,도라,287,0.191333,2.287163
8,260,270,모더니아,블랑,291,0.194,2.282802
8,260,271,모더니아,누아르,291,0.194,2.282802
8,121,202,앤 : 미라클 페어리,도라,34,0.022667,2.280108
8,062,222,미카 : 스노우 버디,홍련,163,0.108667,2.27046
8,062,810,미카 : 스노우 버디,2B,70,0.046667,2.252062
8,202,221,도라,라푼젤,89,0.059333,2.243073
8,220,221,스노우 화이트,라푼젤,88,0.058667,2.24127
8,032,221,미란다,라푼젤,87,0.058,2.239429
8,102,194,맥스웰,루드밀라 : 윈터 오너,277,0.184667,2.206852
8,102,450,맥스웰,나가,277,0.184667,2.206852
8,102,451,맥스웰,티아,277,0.184667,2.206852
8,191,270,앨리스,블랑,277,0.184667,2.206852
8,191,271,앨리스,누아르,277,0.184667,2.206852
8,470,810,레드 후드,2B,98,0.065333,2.199988
8,191,260,앨리스,모더니아,268,0.178667,2.164016
8,222,470,홍련,레드 후드,216,0.144,2.139118
8,180,470,길로틴,레드 후드,49,0.032667,2.1341
8,222,810,홍련,2B,76,0.050667,2.114693
8,180,353,길로틴,헬름 : 아쿠아마린,36,0.024,2.099536
8,062,470,미카 : 스노우 버디,레드 후드,174,0.116,2.083188
8,353,470,헬름 : 아쿠아마린,레드 후드,189,0.126,2.075206
8,353,810,헬름 : 아쿠아마린,2B,67,0.044667,2.061588
8,430,470,노이즈,레드 후드,37,0.024667,2.044345
8,030,381,폴리,비스킷,233,0.155333,2.016006
8,015,030,아니스 : 스파클링 서머,폴리,233,0.155333,2.011189
8,030,170,폴리,프리바티,233,0.155333,2.011189
8,030,233,폴리,도로시,233,0.155333,2.011189
8,180,212,길로틴,노벨,22,0.014667,2.003151
8,222,430,홍련,노이즈,27,0.018,1.871267
8,180,222,길로틴,홍련,33,0.022,1.845271
8,082,102,리타,맥스웰,211,0.140667,1.814209
8,082,194,리타,루드밀라 : 윈터 오너,210,0.14,1.807355
8,082,450,리타,나가,210,0.14,1.807355
8,082,451,리타,티아,210,0.14,1.807355
8,270,431,블랑,볼륨,210,0.14,1.807355
8,271,431,누아르,볼륨,210,0.14,1.807355
8,260,431,모더니아,볼륨,205,0.136667,1.777407
8,191,431,앨리스,볼륨,198,0.132,1.722466
8,212,470,노벨,레드 후드,96,0.064,1.712035
8,032,352,미란다,헬름,131,0.087333,1.663398
8,220,352,스노우 화이트,헬름,132,0.088,1.659723
8,212,222,노벨,홍련,76,0.050667,1.656487
8,222,282,홍련,사쿠라,20,0.013333,1.644758
8,202,352,도라,헬름,129,0.086,1.612056
8,350,381,마스트,비스킷,27,0.018,1.58978
8,015,350,아니스 : 스파클링 서머,마스트,27,0.018,1.584963
8,170,350,프리바티,마스트,27,0.018,1.584963
8,233,350,도로시,마스트,27,0.018,1.584963
8,062,212,미카 : 스노우 버디,노벨,60,0.04,1.571465
8,171,352,율하,헬름,91,0.060667,1.383246
8,352,353,헬름,헬름 : 아쿠아마린,79,0.052667,1.319647
8,062,352,미카 : 스노우 버디,헬름,67,0.044667,1.209236
8,212,810,노벨,2B,23,0.015333,1.133169
8,212,353,노벨,헬름 : 아쿠아마린,43,0.028667,0.963558
8,222,352,홍련,헬름,67,0.044667,0.953222
8,352,470,헬름,레드 후드,69,0.046,0.71417
8,082,270,리타,블랑,90,0.06,0.584963
8,082,271,리타,누아르,90,0.06,0.584963
8,194,431,루드밀라 : 윈터 오너,볼륨,89,0.059333,0.568843
8,431,450,볼륨,나가,89,0.059333,0.568843
8,431,451,볼륨,티아,89,0.059333,0.568843
8,082,260,리타,모더니아,86,0.057333,0.524191
8,082,191,리타,앨리스,82,0.054667,0.450661
8,102,431,맥스웰,볼륨,77,0.051333,0.359896
8,212,381,노벨,비스킷,36,0.024,0.296998
8,015,212,아니스 : 스파클링 서머,노벨,36,0.024,0.292181
8,170,212,프리바티,노벨,36,0.024,0.292181
8,212,233,노벨,도로시,36,0.024,0.292181
8,030,032,폴리,미란다,55,0.036667,-0.042492
8,030,220,폴리,스노우 화이트,54,0.036,-0.083611
8,030,202,폴리,도라,52,0.034667,-0.152558
8,030,352,폴리,헬름,30,0.02,-0.438387
8,030,171,폴리,율하,23,0.015333,-1.054813
8,431,470,볼륨,레드 후드,28,0.018667,-1.094719
9,132,212,메어리 : 베이 갓데스,노벨,209,0.139426,2.384565
9,171,220,율하,스노우 화이트,285,0.190127,2.35996
9,032,171,미란다,율하,283,0.188793,2.354749
9,032,220,미란다,스노우 화이트,286,0.190794,2.334956
9,194,212,루드밀라 : 윈터 오너,노벨,211,0.140761,2.328644
9,222,321,홍련,마르차나,275,0.183456,2.324117
9,170,233,프리바티,도로시,300,0.200133,2.320966
9,170,321,프리바티,마르차나,280,0.186791,2.320966
9,191,225,앨리스,홍련 : 흑영,300,0.200133,2.320966
9,191,450,앨리스,나가,300,0.200133,2.320966
9,191,451,앨리스,티아,300,0.200133,2.320966
9,225,450,홍련 : 흑영,나가,300,0.200133,2.320966
9,225,451,홍련 : 흑영,티아,300,0.200133,2.320966
9,233,321,도로시,마르차나,280,0.186791,2.320966
9,270,271,블랑,누아르,300,0.200133,2.320966
9,450,451,나가,티아,300,0.200133,2.320966
9,082,191,리타,앨리스,299,0.199466,2.316149
9,082,225,리타,홍련 : 흑영,299,0.199466,2.316149
9,082,450,리타,나가,299,0.199466,2.316149
9,082,451,리타,티아,299,0.199466,2.316149
9,270,431,블랑,볼륨,299,0.199466,2.316149
9,271,431,누아르,볼륨,299,0.199466,2.316149
9,171,352,율하,헬름,228,0.152101,2.314967
9,032,352,미란다,헬름,232,0.15477,2.310001
9,015,170,아니스 : 스파클링 서머,프리바티,295,0.196798,2.296718
9,015,233,아니스 : 스파클링 서머,도로시,295,0.196798,2.296718
9,015,321,아니스 : 스파클링 서머,마르차나,275,0.183456,2.294971
9,220,352,스노우 화이트,헬름,228,0.152101,2.279961
9,352,353,헬름,헬름 : 아쿠아마린,229,0.152769,2.271528
9,015,381,아니스 : 스파클링 서머,비스킷,20,0.013342,2.250577
9,170,381,프리바티,비스킷,20,0.013342,2.250577
9,233,381,도로시,비스킷,20,0.013342,2.250577
9,015,222,아니스 : 스파클링 서머,홍련,279,0.186124,2.245415
9,170,222,프리바티,홍련,275,0.183456,2.224581
9,222,233,홍련,도로시,275,0.183456,2.224581
9,132,194,메어리 : 베이 갓데스,루드밀라 : 윈터 오너,261,0.174116,2.218713
9,260,270,모더니아,블랑,279,0.186124,2.216269
9,260,271,모더니아,누아르,279,0.186124,2.216269
9,260,431,모더니아,볼륨,279,0.186124,2.216269
9,220,430,스노우 화이트,노이즈,35,0.023349,2.203841
9,171,353,율하,헬름 : 아쿠아마린,256,0.170781,2.190395
9,220,353,스노우 화이트,헬름 : 아쿠아마린,260,0.173449,2.177757
9,032,353,미란다,헬름 : 아쿠아마린,259,0.172782,2.177146
9,132,202,메어리 : 베이 갓데스,도라,254,0.169446,2.174643
9,032,430,미란다,노이즈,34,0.022682,2.16697
9,202,212,도라,노벨,188,0.125417,2.157285
9,171,430,율하,노이즈,32,0.021348,2.109564
9,132,810,메어리 : 베이 갓데스,2B,39,0.026017,2.105566
9,194,202,루드밀라 : 윈터 오너,도라,248,0.165444,2.070493
9,202,810,도라,2B,39,0.026017,2.031056
9,353,430,헬름 : 아쿠아마린,노이즈,29,0.019346,1.917792
9,032,221,미란다,라푼젤,22,0.014676,1.91745
9,220,221,스노우 화이트,라푼젤,21,0.014009,1.845387
9,270,470,블랑,레드 후드,212,0.141428,1.820068
9,271,470,누아르,레드 후드,212,0.141428,1.820068
9,102,212,맥스웰,노벨,147,0.098065,1.816965
9,431,470,볼륨,레드 후드,211,0.140761,1.813246
9,171,221,율하,라푼젤,20,0.013342,1.810004
9,202,221,도라,라푼젤,20,0.013342,1.745654
9,102,132,맥스웰,메어리 : 베이 갓데스,185,0.123416,1.731937
9,260,470,모더니아,레드 후드,191,0.127418,1.669576
9,102,194,맥스웰,루드밀라 : 윈터 오너,181,0.120747,1.63074
9,102,202,맥스웰,도라,179,0.119413,1.609861
9,194,810,루드밀라 : 윈터 오너,2B,22,0.014676,1.209935
9,102,810,맥스웰,2B,20,0.013342,1.082179
9,102,260,맥스웰,모더니아,103,0.068712,0.802895
9,194,470,루드밀라 : 윈터 오너,레드 후드,103,0.068712,0.793147
9,102,270,맥스웰,블랑,94,0.062708,0.670984
9,102,271,맥스웰,누아르,94,0.062708,0.670984
9,102,431,맥스웰,볼륨,93,0.062041,0.655554
9,212,470,노벨,레드 후드,63,0.042028,0.570325
9,132,470,메어리 : 베이 갓데스,레드 후드,83,0.05537,0.551347
9,202,470,도라,레드 후드,76,0.0507,0.349725
9,212,353,노벨,헬름 : 아쿠아마린,23,0.015344,-0.859145
9,132,353,메어리 : 베이 갓데스,헬름 : 아쿠아마린,29,0.019346,-0.941464
9,032,202,미란다,도라,30,0.020013,-0.947369
9,202,220,도라,스노우 화이트,29,0.019346,-1.001227
9,194,353,루드밀라 : 윈터 오너,헬름 : 아쿠아마린,29,0.019346,-1.011125
9,171,202,율하,도라,28,0.018679,-1.016847
10,032,220,미란다,스노우 화이트,44,0.029333,3.498179
10,102,220,맥스웰,스노우 화이트,50,0.033333,3.346176
10,032,430,미란다,노이즈,95,0.063333,2.913817
10,062,810,미카 : 스노우 버디,2B,70,0.046667,2.905449
10,220,430,스노우 화이트,노이즈,54,0.036,2.845562
10,032,102,미란다,맥스웰,54,0.036,2.710493
10,192,382,토브,레오나,208,0.138667,2.703539
10,192,313,토브,프리바티 : 언카인드 메이드,227,0.151333,2.620009
10,313,382,프리바티 : 언카인드 메이드,레오나,210,0.14,2.613156
10,102,212,맥스웰,노벨,22,0.014667,2.584963
10,321,382,마르차나,레오나,164,0.109333,2.521864
10,192,321,토브,마르차나,176,0.117333,2.518294
10,313,321,프리바티 : 언카인드 메이드,마르차나,177,0.118,2.422279
10,062,180,미카 : 스노우 버디,길로틴,141,0.094,2.379117
10,015,170,아니스 : 스파클링 서머,프리바티,299,0.199333,2.321928
10,015,233,아니스 : 스파클링 서머,도로시,300,0.2,2.321928
10,015,381,아니스 : 스파클링 서머,비스킷,294,0.196,2.321928
10,170,233,프리바티,도로시,299,0.199333,2.321928
10,191,225,앨리스,홍련 : 흑영,300,0.2,2.321928
10,233,381,도로시,비스킷,294,0.196,2.321928
10,270,271,블랑,누아르,300,0.2,2.321928
10,450,451,나가,티아,300,0.2,2.321928
10,170,381,프리바티,비스킷,293,0.195333,2.32183
10,191,450,앨리스,나가,299,0.199333,2.317111
10,191,451,앨리스,티아,299,0.199333,2.317111
10,225,450,홍련 : 흑영,나가,299,0.199333,2.317111
10,225,451,홍련 : 흑영,티아,299,0.199333,2.317111
10,030,381,폴리,비스킷,79,0.052667,2.315005
10,222,270,홍련,블랑,296,0.197333,2.30738
10,222,271,홍련,누아르,296,0.197333,2.30738
10,082,191,리타,앨리스,294,0.196,2.292782
10,082,225,리타,홍련 : 흑영,294,0.196,2.292782
10,270,431,블랑,볼륨,294,0.196,2.292782
10,271,431,누아르,볼륨,294,0.196,2.292782
10,030,170,폴리,프리바티,79,0.052667,2.290676
10,082,450,리타,나가,293,0.195333,2.287866
10,082,451,리타,티아,293,0.195333,2.287866
10,015,030,아니스 : 스파클링 서머,폴리,79,0.052667,2.285859
10,030,233,폴리,도로시,79,0.052667,2.285859
10,222,431,홍련,볼륨,290,0.193333,2.277836
10,180,810,길로틴,2B,76,0.050667,2.246486
10,192,260,토브,모더니아,212,0.141333,2.242665
10,260,382,모더니아,레오나,197,0.131333,2.242246
10,260,313,모더니아,프리바티 : 언카인드 메이드,225,0.15,2.224337
10,212,430,노벨,노이즈,26,0.017333,2.214326
10,194,810,루드밀라 : 윈터 오너,2B,75,0.05,2.205682
10,102,430,맥스웰,노이즈,73,0.048667,2.197358
10,132,202,메어리 : 베이 갓데스,도라,39,0.026,2.195904
10,062,194,미카 : 스노우 버디,루드밀라 : 윈터 오너,125,0.083333,2.183655
10,132,194,메어리 : 베이 갓데스,루드밀라 : 윈터 오너,45,0.03,2.169156
10,180,194,길로틴,루드밀라 : 윈터 오너,212,0.141333,2.168184
10,260,321,모더니아,마르차나,174,0.116,2.118901
10,032,202,미란다,도라,63,0.042,2.06578
10,131,194,페퍼,루드밀라 : 윈터 오너,23,0.015333,2.054023
10,381,402,비스킷,퀀시,25,0.016667,2.040734
10,202,430,도라,노이즈,119,0.079333,2.035246
10,180,202,길로틴,도라,164,0.109333,2.031015
10,170,402,프리바티,퀀시,25,0.016667,2.016405
10,015,402,아니스 : 스파클링 서머,퀀시,25,0.016667,2.011588
10,131,180,페퍼,길로틴,22,0.014667,2.011588
10,233,402,도로시,퀀시,25,0.016667,2.011588
10,270,470,블랑,레드 후드,239,0.159333,1.993976
10,271,470,누아르,레드 후드,239,0.159333,1.993976
10,222,470,홍련,레드 후드,237,0.158,1.98667
10,431,470,볼륨,레드 후드,236,0.157333,1.975752
10,194,202,루드밀라 : 윈터 오너,도라,157,0.104667,1.946388
10,062,202,미카 : 스노우 버디,도라,89,0.059333,1.926804
10,132,180,메어리 : 베이 갓데스,길로틴,37,0.024667,1.908451
10,350,810,마스트,2B,53,0.035333,1.900508
10,192,352,토브,헬름,25,0.016667,1.876201
10,313,352,프리바티 : 언카인드 메이드,헬름,26,0.017333,1.828596
10,352,382,헬름,레오나,22,0.014667,1.797226
10,062,430,미카 : 스노우 버디,노이즈,67,0.044667,1.772621
10,260,352,모더니아,헬름,30,0.02,1.756331
10,180,430,길로틴,노이즈,113,0.075333,1.749103
10,350,381,마스트,비스킷,152,0.101333,1.728637
10,170,350,프리바티,마스트,154,0.102667,1.723167
10,015,350,아니스 : 스파클링 서머,마스트,154,0.102667,1.71835
10,233,350,도로시,마스트,154,0.102667,1.71835
10,194,430,루드밀라 : 윈터 오너,노이즈,105,0.07,1.621474
10,202,220,도라,스노우 화이트,26,0.017333,1.535653
10,102,202,맥스웰,도라,55,0.036667,1.533432
10,180,353,길로틴,헬름 : 아쿠아마린,27,0.018,1.47988
10,032,180,미란다,길로틴,48,0.032,1.461959
10,194,353,루드밀라 : 윈터 오너,헬름 : 아쿠아마린,26,0.017333,1.403738
10,032,194,미란다,루드밀라 : 윈터 오너,40,0.026667,1.177229
10,202,810,도라,2B,31,0.020667,1.164258
10,132,260,메어리 : 베이 갓데스,모더니아,22,0.014667,0.99337
10,260,353,모더니아,헬름 : 아쿠아마린,21,0.014,0.952251
10,062,350,미카 : 스노우 버디,마스트,44,0.029333,0.873027
10,194,350,루드밀라 : 윈터 오너,마스트,58,0.038667,0.472274
10,180,350,길로틴,마스트,55,0.036667,0.417348
10,102,180,맥스웰,길로틴,28,0.018667,0.347923
10,202,470,도라,레드 후드,44,0.029333,-0.05153
10,102,194,맥스웰,루드밀라 : 윈터 오너,20,0.013333,-0.159199
10,350,430,마스트,노이즈,24,0.016,-0.312084
10,180,470,길로틴,레드 후드,39,0.026,-0.437064
10,202,260,도라,모더니아,30,0.02,-0.584706
10,194,260,루드밀라 : 윈터 오너,모더니아,35,0.023333,-0.595513
10,170,321,프리바티,마르차나,25,0.016667,-0.694735
10,015,321,아니스 : 스파클링 서머,마르차나,25,0.016667,-0.699552
10,233,321,도로시,마르차나,25,0.016667,-0.699552
10,180,260,길로틴,모더니아,29,0.019333,-0.84512
10,321,381,마르차나,비스킷,22,0.014667,-0.85483
10,222,260,홍련,모더니아,32,0.021333,-0.882708
10,260,270,모더니아,블랑,32,0.021333,-0.887525
10,260,271,모더니아,누아르,32,0.021333,-0.887525
10,430,470,노이즈,레드 후드,20,0.013333,-0.933573
10,194,470,루드밀라 : 윈터 오너,레드 후드,27,0.018,-0.989274
10,260,431,모더니아,볼륨,29,0.019333,-1.029544
11,032,202,미란다,도라,90,0.06,3.42835
11,171,220,율하,스노우 화이트,24,0.016,3.374574
11,171,202,율하,도라,26,0.017333,2.92139
11,212,282,노벨,사쿠라,111,0.074,2.916672
11,282,500,사쿠라,일레그,55,0.036667,2.903615
11,032,220,미란다,스노우 화이트,38,0.025333,2.753085
11,220,430,스노우 화이트,노이즈,72,0.048,2.530693
11,202,220,도라,스노우 화이트,45,0.03,2.522472
11,282,430,사쿠라,노이즈,134,0.089333,2.451379
11,132,202,메어리 : 베이 갓데스,도라,36,0.024,2.409491
11,350,810,마스트,2B,260,0.173333,2.405657
11,261,381,니힐리스타,비스킷,244,0.162667,2.401
11,212,430,노벨,노이즈,93,0.062,2.39838
11,350,352,마스트,헬름,242,0.161333,2.39731
11,015,261,아니스 : 스파클링 서머,니힐리스타,244,0.162667,2.380822
11,015,381,아니스 : 스파클링 서머,비스킷,284,0.189333,2.380822
11,222,352,홍련,헬름,226,0.150667,2.372335
11,092,381,은화,비스킷,37,0.024667,2.362526
11,350,431,마스트,볼륨,255,0.17,2.347269
11,212,220,노벨,스노우 화이트,38,0.025333,2.345661
11,015,092,아니스 : 스파클링 서머,은화,37,0.024667,2.342348
11,101,194,드레이크,루드밀라 : 윈터 오너,28,0.018667,2.337469
11,032,430,미란다,노이즈,67,0.044667,2.332735
11,352,810,헬름,2B,250,0.166667,2.332586
11,170,261,프리바티,니힐리스타,244,0.162667,2.331578
11,222,350,홍련,마스트,217,0.144667,2.330196
11,170,381,프리바티,비스킷,283,0.188667,2.326489
11,170,233,프리바티,도로시,298,0.198667,2.321928
11,233,261,도로시,니힐리스타,244,0.162667,2.321928
11,233,381,도로시,비스킷,284,0.189333,2.321928
11,270,271,블랑,누아르,300,0.2,2.321928
11,450,451,나가,티아,300,0.2,2.321928
11,015,233,아니스 : 스파클링 서머,도로시,287,0.191333,2.31691
11,015,170,아니스 : 스파클링 서머,프리바티,285,0.19,2.316471
11,352,431,헬름,볼륨,252,0.168,2.313708
11,043,450,D : 킬러 와이프,나가,298,0.198667,2.312278
11,043,451,D : 킬러 와이프,티아,298,0.198667,2.312278
11,431,810,볼륨,2B,267,0.178,2.301966
11,092,170,은화,프리바티,37,0.024667,2.293104
11,191,450,앨리스,나가,294,0.196,2.292782
11,191,451,앨리스,티아,294,0.196,2.292782
11,260,270,모더니아,블랑,294,0.196,2.292782
11,260,271,모더니아,누아르,294,0.196,2.292782
11,222,810,홍련,2B,228,0.152,2.289889
11,092,233,은화,도로시,37,0.024667,2.283454
11,043,191,D : 킬러 와이프,앨리스,292,0.194667,2.282934
11,082,270,리타,블랑,291,0.194,2.277985
11,082,271,리타,누아르,291,0.194,2.277985
11,225,500,홍련 : 흑영,일레그,58,0.038667,2.261523
11,082,260,리타,모더니아,285,0.19,2.247928
11,222,431,홍련,볼륨,226,0.150667,2.246804
11,132,194,메어리 : 베이 갓데스,루드밀라 : 윈터 오너,65,0.043333,2.192586
11,430,500,노이즈,일레그,39,0.026,2.144624
11,194,500,루드밀라 : 윈터 오너,일레그,49,0.032667,2.074435
11,194,321,루드밀라 : 윈터 오너,마르차나,38,0.025333,2.041076
11,132,282,메어리 : 베이 갓데스,사쿠라,36,0.024,2.002674
11,202,430,도라,노이즈,71,0.047333,1.941854
11,194,282,루드밀라 : 윈터 오너,사쿠라,123,0.082,1.928308
11,225,282,홍련 : 흑영,사쿠라,123,0.082,1.872125
11,194,202,루드밀라 : 윈터 오너,도라,88,0.058667,1.852042
11,132,212,메어리 : 베이 갓데스,노벨,23,0.015333,1.830242
11,032,194,미란다,루드밀라 : 윈터 오너,59,0.039333,1.749792
11,194,212,루드밀라 : 윈터 오너,노벨,78,0.052,1.745127
11,194,430,루드밀라 : 윈터 오너,노이즈,121,0.080667,1.641622
11,220,282,스노우 화이트,사쿠라,32,0.021333,1.623802
11,225,430,홍련 : 흑영,노이즈,121,0.080667,1.58544
11,212,225,노벨,홍련 : 흑영,65,0.043333,1.42591
11,194,225,루드밀라 : 윈터 오너,홍련 : 흑영,138,0.092,1.375604
11,032,225,미란다,홍련 : 흑영,46,0.030667,1.334528
11,132,225,메어리 : 베이 갓데스,홍련 : 흑영,37,0.024667,1.323489
11,043,102,D : 킬러 와이프,맥스웰,132,0.088,1.137504
11,102,450,맥스웰,나가,131,0.087333,1.126532
11,102,451,맥스웰,티아,131,0.087333,1.126532
11,102,191,맥스웰,앨리스,128,0.085333,1.093109
11,102,260,맥스웰,모더니아,126,0.084,1.070389
11,202,225,도라,홍련 : 흑영,53,0.035333,1.064348
11,102,270,맥스웰,블랑,125,0.083333,1.058894
11,102,271,맥스웰,누아르,125,0.083333,1.058894
11,082,102,리타,맥스웰,124,0.082667,1.047306
11,260,470,모더니아,레드 후드,122,0.081333,1.023847
11,270,470,블랑,레드 후드,122,0.081333,1.023847
11,271,470,누아르,레드 후드,122,0.081333,1.023847
11,043,470,D : 킬러 와이프,레드 후드,118,0.078667,0.975752
11,450,470,나가,레드 후드,116,0.077333,0.95109
11,451,470,티아,레드 후드,116,0.077333,0.95109
11,082,470,리타,레드 후드,115,0.076667,0.938599
11,191,470,앨리스,레드 후드,110,0.073333,0.874469
11,220,225,스노우 화이트,홍련 : 흑영,24,0.016,0.490051
11,102,220,맥스웰,스노우 화이트,23,0.015333,0.369757
11,191,225,앨리스,홍련 : 흑영,62,0.041333,0.106199
11,212,470,노벨,레드 후드,27,0.018,0.099536
11,202,470,도라,레드 후드,28,0.018667,0.084889
11,032,102,미란다,맥스웰,20,0.013333,0.074001
11,194,470,루드밀라 : 윈터 오너,레드 후드,54,0.036,-0.036927
11,225,450,홍련 : 흑영,나가,56,0.037333,-0.040642
11,225,451,홍련 : 흑영,티아,56,0.037333,-0.040642
11,043,225,D : 킬러 와이프,홍련 : 흑영,54,0.036,-0.093109
11,102,212,맥스웰,노벨,23,0.015333,-0.13179
11,082,225,리타,홍련 : 흑영,51,0.034,-0.175572
11,102,430,맥스웰,노이즈,37,0.024667,-0.182864
11,225,270,홍련 : 흑영,블랑,49,0.032667,-0.233287
11,225,271,홍련 : 흑영,누아르,49,0.032667,-0.233287
11,194,431,루드밀라 : 윈터 오너,볼륨,42,0.028,-0.340603
11,225,260,홍련 : 흑영,모더니아,43,0.028667,-0.421732
11,282,470,사쿠라,레드 후드,25,0.016667,-0.485427
11,194,810,루드밀라 : 윈터 오너,2B,36,0.024,-0.532622
11,194,350,루드밀라 : 윈터 오너,마스트,33,0.022,-0.546507
11,102,282,맥스웰,사쿠라,21,0.014,-0.736966
11,430,470,노이즈,레드 후드,24,0.016,-0.807355
11,194,352,루드밀라 : 윈터 오너,헬름,25,0.016667,-0.963533
12,192,313,토브,프리바티 : 언카인드 메이드,61,0.04094,4.610359
12,192,382,토브,레오나,44,0.02953,4.610359
12,313,382,프리바티 : 언카인드 메이드,레오나,44,0.02953,4.610359
12,212,432,노벨,아리아,22,0.014765,4.520748
12,132,432,메어리 : 베이 갓데스,아리아,30,0.020134,4.124932
12,132,212,메어리 : 베이 갓데스,노벨,22,0.014765,3.982328
12,032,171,미란다,율하,92,0.061745,3.90984
12,222,311,홍련,코코아,20,0.013423,2.989196
12,222,810,홍련,2B,21,0.014094,2.814473
12,062,222,미카 : 스노우 버디,홍련,51,0.034228,2.772653
12,171,220,율하,스노우 화이트,95,0.063758,2.753194
12,171,202,율하,도라,94,0.063087,2.737927
12,032,202,미란다,도라,94,0.063087,2.72282
12,032,220,미란다,스노우 화이트,94,0.063087,2.72282
12,132,222,메어리 : 베이 갓데스,홍련,37,0.024832,2.700872
12,171,352,율하,헬름,94,0.063087,2.649313
12,032,352,미란다,헬름,94,0.063087,2.634206
12,202,311,도라,코코아,23,0.015436,2.521869
12,202,352,도라,헬름,193,0.12953,2.469134
12,311,352,코코아,헬름,23,0.015436,2.433254
12,062,202,미카 : 스노우 버디,도라,64,0.042953,2.431266
12,220,432,스노우 화이트,아리아,33,0.022148,2.405271
12,202,810,도라,2B,25,0.016779,2.39705
12,222,432,홍련,아리아,20,0.013423,2.351766
12,015,170,아니스 : 스파클링 서머,프리바티,298,0.2,2.321928
12,015,233,아니스 : 스파클링 서머,도로시,298,0.2,2.321928
12,015,381,아니스 : 스파클링 서머,비스킷,295,0.197987,2.321928
12,015,500,아니스 : 스파클링 서머,일레그,191,0.128188,2.321928
12,170,233,프리바티,도로시,298,0.2,2.321928
12,170,381,프리바티,비스킷,295,0.197987,2.321928
12,170,500,프리바티,일레그,191,0.128188,2.321928
12,233,381,도로시,비스킷,295,0.197987,2.321928
12,233,500,도로시,일레그,191,0.128188,2.321928
12,270,271,블랑,누아르,298,0.2,2.321928
12,450,451,나가,티아,298,0.2,2.321928
12,381,500,비스킷,일레그,189,0.126846,2.321339
12,352,810,헬름,2B,25,0.016779,2.308436
12,043,450,D : 킬러 와이프,나가,295,0.197987,2.307331
12,043,451,D : 킬러 와이프,티아,295,0.197987,2.307331
12,194,450,루드밀라 : 윈터 오너,나가,295,0.197987,2.307331
12,194,451,루드밀라 : 윈터 오너,티아,295,0.197987,2.307331
12,450,470,나가,레드 후드,295,0.197987,2.307331
12,451,470,티아,레드 후드,295,0.197987,2.307331
12,043,470,D : 킬러 와이프,레드 후드,293,0.196644,2.297516
12,225,820,홍련 : 흑영,렘,293,0.196644,2.297516
12,043,194,D : 킬러 와이프,루드밀라 : 윈터 오너,292,0.195973,2.292584
12,194,470,루드밀라 : 윈터 오너,레드 후드,292,0.195973,2.292584
12,270,821,블랑,에밀리아,260,0.174497,2.278207
12,271,821,누아르,에밀리아,260,0.174497,2.278207
12,030,381,폴리,비스킷,101,0.067785,2.266816
12,015,030,아니스 : 스파클링 서머,폴리,101,0.067785,2.252219
12,030,170,폴리,프리바티,101,0.067785,2.252219
12,030,233,폴리,도로시,101,0.067785,2.252219
12,212,220,노벨,스노우 화이트,24,0.016107,2.250694
12,132,220,메어리 : 베이 갓데스,스노우 화이트,42,0.028188,2.214774
12,431,821,볼륨,에밀리아,232,0.155705,2.203705
12,202,222,도라,홍련,94,0.063087,2.188842
12,191,225,앨리스,홍련 : 흑영,270,0.181208,2.179575
12,082,191,리타,앨리스,267,0.179195,2.163456
12,191,820,앨리스,렘,265,0.177852,2.152608
12,082,225,리타,홍련 : 흑영,262,0.175839,2.136183
12,270,431,블랑,볼륨,246,0.165101,2.13516
12,271,431,누아르,볼륨,246,0.165101,2.13516
12,062,352,미카 : 스노우 버디,헬름,55,0.036913,2.124011
12,082,820,리타,렘,258,0.173154,2.113987
12,352,382,헬름,레오나,30,0.020134,2.112039
12,202,220,도라,스노우 화이트,135,0.090604,2.042107
12,222,352,홍련,헬름,89,0.059732,2.021372
12,102,820,맥스웰,렘,220,0.147651,1.938381
12,102,225,맥스웰,홍련 : 흑영,218,0.146309,1.925205
12,082,102,리타,맥스웰,210,0.14094,1.871267
12,132,202,메어리 : 베이 갓데스,도라,33,0.022148,1.866851
12,192,260,토브,모더니아,44,0.02953,1.860338
12,260,313,모더니아,프리바티 : 언카인드 메이드,44,0.02953,1.860338
12,220,352,스노우 화이트,헬름,126,0.084564,1.853957
12,260,382,모더니아,레오나,30,0.020134,1.779102
12,102,191,맥스웰,앨리스,196,0.131544,1.771731
12,192,352,토브,헬름,31,0.020805,1.688039
12,313,352,프리바티 : 언카인드 메이드,헬름,31,0.020805,1.688039
12,260,270,모더니아,블랑,166,0.111409,1.487514
12,260,271,모더니아,누아르,166,0.111409,1.487514
12,260,821,모더니아,에밀리아,142,0.095302,1.415301
12,260,431,모더니아,볼륨,144,0.096644,1.372285
12,220,222,스노우 화이트,홍련,49,0.032886,1.248963
12,062,820,미카 : 스노우 버디,렘,23,0.015436,0.523562
12,062,225,미카 : 스노우 버디,홍련 : 흑영,22,0.014765,0.459432
12,260,352,모더니아,헬름,64,0.042953,0.455126
12,062,260,미카 : 스노우 버디,모더니아,21,0.014094,0.402033
12,220,431,스노우 화이트,볼륨,50,0.033557,0.267767
12,220,270,스노우 화이트,블랑,52,0.034899,0.234465
12,220,271,스노우 화이트,누아르,52,0.034899,0.234465
12,102,431,맥스웰,볼륨,60,0.040268,0.153797
12,220,821,스노우 화이트,에밀리아,44,0.02953,0.146536
12,222,260,홍련,모더니아,29,0.019463,0.070683
12,082,260,리타,모더니아,58,0.038926,-0.029544
12,102,821,맥스웰,에밀리아,47,0.031544,-0.135311
12,202,260,도라,모더니아,39,0.026174,-0.170857
12,102,270,맥스웰,블랑,49,0.032886,-0.228269
12,102,271,맥스웰,누아르,49,0.032886,-0.228269
12,225,260,홍련 : 흑영,모더니아,48,0.032215,-0.302563
12,260,820,모더니아,렘,48,0.032215,-0.302563
12,191,260,앨리스,모더니아,41,0.027517,-0.529973
12,082,821,리타,에밀리아,28,0.018792,-0.936806
12,082,270,리타,블랑,31,0.020805,-0.943044
12,082,271,리타,누아르,31,0.020805,-0.943044
12,191,821,앨리스,에밀리아,26,0.01745,-1.043721
12,431,820,볼륨,렘,27,0.018121,-1.052467
12,191,270,앨리스,블랑,27,0.018121,-1.142353
12,191,271,앨리스,누아르,27,0.018121,-1.142353
12,225,431,홍련 : 흑영,볼륨,25,0.016779,-1.163499
12,191,431,앨리스,볼륨,20,0.013423,-1.485427
13,222,321,홍련,마르차나,284,0.189333,2.346003
13,015,222,아니스 : 스파클링 서머,홍련,284,0.189333,2.336222
13,170,233,프리바티,도로시,299,0.199333,2.326745
13,270,271,블랑,누아르,299,0.199333,2.326745
13,015,321,아니스 : 스파클링 서머,마르차나,291,0.194,2.326496
13,032,171,미란다,율하,300,0.2,2.321928
13,032,220,미란다,스노우 화이트,300,0.2,2.321928
13,032,352,미란다,헬름,299,0.199333,2.321928
13,032,353,미란다,헬름 : 아쿠아마린,298,0.198667,2.321928
13,171,220,율하,스노우 화이트,300,0.2,2.321928
13,171,352,율하,헬름,299,0.199333,2.321928
13,171,353,율하,헬름 : 아쿠아마린,298,0.198667,2.321928
13,191,225,앨리스,홍련 : 흑영,300,0.2,2.321928
13,220,352,스노우 화이트,헬름,299,0.199333,2.321928
13,220,353,스노우 화이트,헬름 : 아쿠아마린,298,0.198667,2.321928
13,450,451,나가,티아,300,0.2,2.321928
13,352,353,헬름,헬름 : 아쿠아마린,297,0.198,2.321896
13,221,330,라푼젤,크라운,264,0.176,2.316474
13,043,470,D : 킬러 와이프,레드 후드,297,0.198,2.307429
13,102,270,맥스웰,블랑,291,0.194,2.282802
13,102,271,맥스웰,누아르,291,0.194,2.282802
13,260,270,모더니아,블랑,290,0.193333,2.282653
13,260,271,모더니아,누아르,290,0.193333,2.282653
13,194,470,루드밀라 : 윈터 오너,레드 후드,289,0.192667,2.282535
13,191,330,앨리스,크라운,291,0.194,2.277985
13,225,330,홍련 : 흑영,크라운,291,0.194,2.277985
13,194,450,루드밀라 : 윈터 오너,나가,288,0.192,2.277534
13,194,451,루드밀라 : 윈터 오너,티아,288,0.192,2.277534
13,043,194,D : 킬러 와이프,루드밀라 : 윈터 오너,287,0.191333,2.272516
13,191,221,앨리스,라푼젤,256,0.170667,2.27208
13,221,225,라푼젤,홍련 : 흑영,256,0.170667,2.27208
13,043,450,D : 킬러 와이프,나가,289,0.192667,2.268035
13,043,451,D : 킬러 와이프,티아,289,0.192667,2.268035
13,170,222,프리바티,홍련,272,0.181333,2.25939
13,222,233,홍련,도로시,272,0.181333,2.25939
13,450,470,나가,레드 후드,286,0.190667,2.252981
13,451,470,티아,레드 후드,286,0.190667,2.252981
13,102,260,맥스웰,모더니아,282,0.188,2.237478
13,015,170,아니스 : 스파클링 서머,프리바티,277,0.184667,2.231034
13,015,233,아니스 : 스파클링 서머,도로시,277,0.184667,2.231034
13,170,321,프리바티,마르차나,272,0.181333,2.214536
13,233,321,도로시,마르차나,272,0.181333,2.214536
13,221,431,라푼젤,볼륨,211,0.140667,2.037122
13,082,260,리타,모더니아,244,0.162667,2.028664
13,082,102,리타,맥스웰,242,0.161333,2.011973
13,082,270,리타,블랑,240,0.16,2.004817
13,082,271,리타,누아르,240,0.16,2.004817
13,191,431,앨리스,볼륨,217,0.144667,1.898604
13,225,431,홍련 : 흑영,볼륨,217,0.144667,1.898604
13,330,431,크라운,볼륨,214,0.142667,1.87852
13,102,431,맥스웰,볼륨,58,0.038667,-0.004966
13,082,191,리타,앨리스,58,0.038667,-0.04891
13,082,225,리타,홍련 : 흑영,58,0.038667,-0.04891
13,082,330,리타,크라운,58,0.038667,-0.04891
13,082,221,리타,라푼젤,49,0.032667,-0.113211
13,270,431,블랑,볼륨,53,0.035333,-0.13021
13,271,431,누아르,볼륨,53,0.035333,-0.13021
13,260,431,모더니아,볼륨,49,0.032667,-0.24342
13,170,191,프리바티,앨리스,22,0.014667,-1.442642
13,170,225,프리바티,홍련 : 흑영,22,0.014667,-1.442642
13,170,330,프리바티,크라운,22,0.014667,-1.442642
13,191,233,앨리스,도로시,22,0.014667,-1.442642
13,225,233,홍련 : 흑영,도로시,22,0.014667,-1.442642
13,233,330,도로시,크라운,22,0.014667,-1.442642
14,222,321,홍련,마르차나,77,0.051333,3.864246
14,015,321,아니스 : 스파클링 서머,마르차나,76,0.050667,2.810789
14,202,212,도라,노벨,30,0.02,2.716381
14,015,222,아니스 : 스파클링 서머,홍련,95,0.063333,2.713003
14,032,171,미란다,율하,224,0.149333,2.698663
14,171,202,율하,도라,39,0.026,2.652049
14,032,202,미란다,도라,39,0.026,2.645707
14,171,212,율하,노벨,151,0.100667,2.578899
14,313,382,프리바티 : 언카인드 메이드,레오나,204,0.136,2.569599
14,195,382,앨리스 : 원더랜드 바니,레오나,121,0.080667,2.562062
14,032,212,미란다,노벨,149,0.099333,2.553321
14,171,352,율하,헬름,44,0.029333,2.539774
14,032,352,미란다,헬름,44,0.029333,2.533432
14,171,220,율하,스노우 화이트,227,0.151333,2.421464
14,032,220,미란다,스노우 화이트,226,0.150667,2.408753
14,192,382,토브,레오나,242,0.161333,2.406089
14,192,313,토브,프리바티 : 언카인드 메이드,212,0.141333,2.399299
14,192,314,토브,소다 : 트윙클링 바니,282,0.188,2.395893
14,314,382,소다 : 트윙클링 바니,레오나,241,0.160667,2.395026
14,192,195,토브,앨리스 : 원더랜드 바니,126,0.084,2.394684
14,195,314,앨리스 : 원더랜드 바니,소다 : 트윙클링 바니,126,0.084,2.389595
14,313,314,프리바티 : 언카인드 메이드,소다 : 트윙클링 바니,211,0.140667,2.387389
14,202,220,도라,스노우 화이트,40,0.026667,2.38584
14,140,195,슈가,앨리스 : 원더랜드 바니,35,0.023333,2.333793
14,212,220,노벨,스노우 화이트,156,0.104,2.323162
14,191,225,앨리스,홍련 : 흑영,300,0.2,2.321928
14,270,271,블랑,누아르,298,0.198667,2.321928
14,043,470,D : 킬러 와이프,레드 후드,299,0.199333,2.317111
14,450,451,나가,티아,299,0.199333,2.317111
14,195,313,앨리스 : 원더랜드 바니,프리바티 : 언카인드 메이드,88,0.058667,2.286784
14,131,353,페퍼,헬름 : 아쿠아마린,22,0.014667,2.272297
14,043,450,D : 킬러 와이프,나가,289,0.192667,2.268035
14,043,451,D : 킬러 와이프,티아,288,0.192,2.263034
14,450,470,나가,레드 후드,288,0.192,2.263034
14,170,233,프리바티,도로시,218,0.145333,2.258235
14,451,470,티아,레드 후드,287,0.191333,2.258016
14,140,192,슈가,토브,73,0.048667,2.238361
14,220,352,스노우 화이트,헬름,44,0.029333,2.237039
14,140,314,슈가,소다 : 트윙클링 바니,72,0.048,2.213373
14,191,330,앨리스,크라운,274,0.182667,2.191141
14,225,330,홍련 : 흑영,크라운,274,0.182667,2.191141
14,352,353,헬름,헬름 : 아쿠아마린,43,0.028667,2.118836
14,260,270,모더니아,블랑,232,0.154667,2.070618
14,032,353,미란다,헬름 : 아쿠아마린,189,0.126,2.06578
14,170,321,프리바티,마르차나,55,0.036667,2.06532
14,260,271,모더니아,누아르,232,0.154667,2.060968
14,233,321,도로시,마르차나,57,0.038,2.056154
14,082,270,리타,블랑,247,0.164667,2.051127
14,082,271,리타,누아르,247,0.164667,2.041477
14,171,353,율하,헬름 : 아쿠아마린,185,0.123333,2.041261
14,222,431,홍련,볼륨,26,0.017333,2.025527
14,082,260,리타,모더니아,215,0.143333,1.95118
14,170,191,프리바티,앨리스,186,0.124,1.861087
14,170,225,프리바티,홍련 : 흑영,186,0.124,1.861087
14,170,330,프리바티,크라운,186,0.124,1.861087
14,212,353,노벨,헬름 : 아쿠아마린,119,0.079333,1.847541
14,191,233,앨리스,도로시,189,0.126,1.823475
14,225,233,홍련 : 흑영,도로시,189,0.126,1.823475
14,233,330,도로시,크라운,189,0.126,1.823475
14,220,353,스노우 화이트,헬름 : 아쿠아마린,191,0.127333,1.784573
14,222,233,홍련,도로시,63,0.042,1.78083
14,140,382,슈가,레오나,45,0.03,1.766185
14,170,222,프리바티,홍련,56,0.037333,1.671601
14,194,470,루드밀라 : 윈터 오너,레드 후드,165,0.11,1.579726
14,043,194,D : 킬러 와이프,루드밀라 : 윈터 오너,164,0.109333,1.570956
14,015,313,아니스 : 스파클링 서머,프리바티 : 언카인드 메이드,89,0.059333,1.570671
14,194,450,루드밀라 : 윈터 오너,나가,156,0.104,1.498806
14,194,451,루드밀라 : 윈터 오너,티아,156,0.104,1.498806
14,015,382,아니스 : 스파클링 서머,레오나,92,0.061333,1.434346
14,260,431,모더니아,볼륨,46,0.030667,1.416209
14,102,260,맥스웰,모더니아,139,0.092667,1.331578
14,102,270,맥스웰,블랑,149,0.099333,1.331578
14,102,271,맥스웰,누아르,149,0.099333,1.321928
14,015,192,아니스 : 스파클링 서머,토브,96,0.064,1.269952
14,015,314,아니스 : 스파클링 서머,소다 : 트윙클링 바니,96,0.064,1.264863
14,082,102,리타,맥스웰,137,0.091333,1.200792
14,102,450,맥스웰,나가,127,0.084667,1.091444
14,102,451,맥스웰,티아,126,0.084,1.080039
14,015,233,아니스 : 스파클링 서머,도로시,76,0.050667,1.016879
14,043,102,D : 킬러 와이프,맥스웰,118,0.078667,0.985403
14,102,470,맥스웰,레드 후드,117,0.078,0.973124
14,015,170,아니스 : 스파클링 서머,프리바티,69,0.046,0.938172
14,015,431,아니스 : 스파클링 서머,볼륨,24,0.016,0.875451
14,194,270,루드밀라 : 윈터 오너,블랑,100,0.066667,0.86691
14,194,271,루드밀라 : 윈터 오너,누아르,100,0.066667,0.85726
14,194,260,루드밀라 : 윈터 오너,모더니아,92,0.061333,0.846843
14,082,194,리타,루드밀라 : 윈터 오너,96,0.064,0.798366
14,170,431,프리바티,볼륨,27,0.018,0.766475
14,191,431,앨리스,볼륨,30,0.02,0.68966
14,225,431,홍련 : 흑영,볼륨,30,0.02,0.68966
14,330,431,크라운,볼륨,29,0.019333,0.64075
14,330,353,크라운,헬름 : 아쿠아마린,90,0.06,0.599462
14,102,431,맥스웰,볼륨,27,0.018,0.547307
14,270,431,블랑,볼륨,26,0.017333,0.492859
14,271,431,누아르,볼륨,26,0.017333,0.483209
14,191,353,앨리스,헬름 : 아쿠아마린,70,0.046667,0.236892
14,225,353,홍련 : 흑영,헬름 : 아쿠아마린,70,0.046667,0.236892
14,082,191,리타,앨리스,63,0.042,0.070389
14,082,225,리타,홍련 : 흑영,63,0.042,0.070389
14,233,353,도로시,헬름 : 아쿠아마린,43,0.028667,-0.298004
14,082,330,리타,크라운,39,0.026,-0.621488
14,220,451,스노우 화이트,티아,30,0.02,-0.900464
14,220,450,스노우 화이트,나가,29,0.019333,-0.949374
14,015,353,아니스 : 스파클링 서머,헬름 : 아쿠아마린,20,0.013333,-1.062743
14,102,220,맥스웰,스노우 화이트,25,0.016667,-1.153849
14,192,353,토브,헬름 : 아쿠아마린,23,0.015333,-1.284669
14,314,353,소다 : 트윙클링 바니,헬름 : 아쿠아마린,23,0.015333,-1.289757
14,191,270,앨리스,블랑,24,0.016,-1.312278
14,225,270,홍련 : 흑영,블랑,24,0.016,-1.312278
14,191,271,앨리스,누아르,24,0.016,-1.321928
14,225,271,홍련 : 흑영,누아르,24,0.016,-1.321928
15,015,222,아니스 : 스파클링 서머,홍련,279,0.186,2.385624
15,222,233,홍련,도로시,253,0.168667,2.365891
15,233,352,도로시,헬름,249,0.166,2.353204
15,015,233,아니스 : 스파클링 서머,도로시,254,0.169333,2.35119
15,192,314,토브,소다 : 트윙클링 바니,296,0.197333,2.336428
15,202,222,도라,홍련,275,0.183333,2.334733
15,314,400,소다 : 트윙클링 바니,길티,283,0.188667,2.331134
15,192,400,토브,길티,283,0.188667,2.326268
15,191,225,앨리스,홍련 : 흑영,300,0.2,2.321928
15,191,330,앨리스,크라운,300,0.2,2.321928
15,225,330,홍련 : 흑영,크라운,300,0.2,2.321928
15,270,271,블랑,누아르,300,0.2,2.321928
15,283,284,로산나 : 시크 오션,사쿠라 : 블룸 인 서머,299,0.199333,2.321928
15,015,202,아니스 : 스파클링 서머,도라,276,0.184,2.319578
15,202,233,도라,도로시,252,0.168,2.309728
15,431,451,볼륨,티아,290,0.193333,2.306982
15,222,352,홍련,헬름,254,0.169333,2.280884
15,202,352,도라,헬름,263,0.175333,2.280669
15,170,191,프리바티,앨리스,264,0.176,2.263034
15,170,225,프리바티,홍련 : 흑영,264,0.176,2.263034
15,170,330,프리바티,크라운,264,0.176,2.263034
15,015,352,아니스 : 스파클링 서머,헬름,253,0.168667,2.254801
15,192,270,토브,블랑,283,0.188667,2.252267
15,192,271,토브,누아르,283,0.188667,2.252267
15,270,314,블랑,소다 : 트윙클링 바니,282,0.188,2.252026
15,271,314,누아르,소다 : 트윙클링 바니,282,0.188,2.252026
15,450,451,나가,티아,280,0.186667,2.251539
15,043,170,D : 킬러 와이프,프리바티,260,0.173333,2.245825
15,270,400,블랑,길티,269,0.179333,2.238572
15,271,400,누아르,길티,269,0.179333,2.238572
15,431,450,볼륨,나가,280,0.186667,2.227209
15,431,470,볼륨,레드 후드,280,0.186667,2.227209
15,451,470,티아,레드 후드,275,0.183333,2.225544
15,043,191,D : 킬러 와이프,앨리스,277,0.184667,2.211669
15,043,225,D : 킬러 와이프,홍련 : 흑영,277,0.184667,2.211669
15,043,330,D : 킬러 와이프,크라운,277,0.184667,2.211669
15,082,284,리타,사쿠라 : 블룸 인 서머,277,0.184667,2.211669
15,082,283,리타,로산나 : 시크 오션,277,0.184667,2.206852
15,015,131,아니스 : 스파클링 서머,페퍼,21,0.014,2.203284
15,082,260,리타,모더니아,273,0.182,2.195517
15,450,470,나가,레드 후드,274,0.182667,2.191141
15,260,284,모더니아,사쿠라 : 블룸 인 서머,271,0.180667,2.189726
15,260,283,모더니아,로산나 : 시크 오션,271,0.180667,2.184909
15,102,284,맥스웰,사쿠라 : 블룸 인 서머,191,0.127333,1.680172
15,102,283,맥스웰,로산나 : 시크 오션,191,0.127333,1.675355
15,194,470,루드밀라 : 윈터 오너,레드 후드,188,0.125333,1.652515
15,194,431,루드밀라 : 윈터 오너,볼륨,187,0.124667,1.649638
15,194,451,루드밀라 : 윈터 오너,티아,181,0.120667,1.626919
15,194,450,루드밀라 : 윈터 오너,나가,181,0.120667,1.597772
15,082,102,리타,맥스웰,179,0.119333,1.581742
15,102,260,맥스웰,모더니아,174,0.116,1.55052
15,102,451,맥스웰,티아,107,0.071333,0.86854
15,102,431,맥스웰,볼륨,108,0.072,0.857631
15,194,260,루드밀라 : 윈터 오너,모더니아,100,0.066667,0.751433
15,194,284,루드밀라 : 윈터 오너,사쿠라 : 블룸 인 서머,97,0.064667,0.702656
15,082,194,리타,루드밀라 : 윈터 오너,97,0.064667,0.697839
15,194,283,루드밀라 : 윈터 오너,로산나 : 시크 오션,97,0.064667,0.697839
15,102,450,맥스웰,나가,95,0.063333,0.667782
15,102,470,맥스웰,레드 후드,93,0.062,0.637085
15,082,191,리타,앨리스,20,0.013333,-1.584963
15,082,225,리타,홍련 : 흑영,20,0.013333,-1.584963
15,082,330,리타,크라운,20,0.013333,-1.584963
15,191,450,앨리스,나가,20,0.013333,-1.584963
15,225,450,홍련 : 흑영,나가,20,0.013333,-1.584963
15,330,450,크라운,나가,20,0.013333,-1.584963
16,350,810,마스트,2B,84,0.056,3.819589
16,195,382,앨리스 : 원더랜드 바니,레오나,91,0.060667,3.63845
16,180,350,길로틴,마스트,70,0.046667,2.510261
16,180,810,길로틴,2B,66,0.044,2.501723
16,314,382,소다 : 트윙클링 바니,레오나,113,0.075333,2.447459
16,192,314,토브,소다 : 트윙클링 바니,275,0.183333,2.421464
16,192,382,토브,레오나,113,0.075333,2.421464
16,195,314,앨리스 : 원더랜드 바니,소다 : 트윙클링 바니,95,0.063333,2.417402
16,192,195,토브,앨리스 : 원더랜드 바니,95,0.063333,2.391407
16,283,352,로산나 : 시크 오션,헬름,173,0.115333,2.391284
16,192,313,토브,프리바티 : 언카인드 메이드,279,0.186,2.390767
16,313,314,프리바티 : 언카인드 메이드,소다 : 트윙클링 바니,274,0.182667,2.390673
16,313,382,프리바티 : 언카인드 메이드,레오나,112,0.074667,2.383105
16,195,313,앨리스 : 원더랜드 바니,프리바티 : 언카인드 메이드,95,0.063333,2.365871
16,170,233,프리바티,도로시,226,0.150667,2.344662
16,270,271,블랑,누아르,300,0.2,2.321928
16,450,451,나가,티아,300,0.2,2.321928
16,191,225,앨리스,홍련 : 흑영,299,0.199333,2.317111
16,431,810,볼륨,2B,84,0.056,2.316214
16,015,330,아니스 : 스파클링 서머,크라운,294,0.196,2.292782
16,170,352,프리바티,헬름,175,0.116667,2.286237
16,233,352,도로시,헬름,211,0.140667,2.282895
16,260,500,모더니아,일레그,28,0.018667,2.281954
16,470,810,레드 후드,2B,89,0.059333,2.2741
16,350,431,마스트,볼륨,86,0.057333,2.273811
16,202,210,도라,엑시아,40,0.026667,2.258425
16,330,391,크라운,아인,279,0.186,2.236596
16,015,210,아니스 : 스파클링 서머,엑시아,179,0.119333,2.235888
16,210,330,엑시아,크라운,179,0.119333,2.235888
16,350,470,마스트,레드 후드,91,0.060667,2.22981
16,191,450,앨리스,나가,281,0.187333,2.227536
16,191,451,앨리스,티아,281,0.187333,2.227536
16,015,391,아니스 : 스파클링 서머,아인,277,0.184667,2.226217
16,225,450,홍련 : 흑영,나가,280,0.186667,2.222392
16,225,451,홍련 : 흑영,티아,280,0.186667,2.222392
16,210,391,엑시아,아인,170,0.113333,2.180829
16,170,283,프리바티,로산나 : 시크 오션,152,0.101333,2.16727
16,233,283,도로시,로산나 : 시크 오션,178,0.118667,2.121846
16,102,321,맥스웰,마르차나,21,0.014,2.103073
16,082,225,리타,홍련 : 흑영,250,0.166667,2.058894
16,082,191,리타,앨리스,249,0.166,2.053111
16,352,500,헬름,일레그,43,0.028667,2.050345
16,082,450,리타,나가,244,0.162667,2.023847
16,082,451,리타,티아,244,0.162667,2.023847
16,233,500,도로시,일레그,52,0.034667,2.013977
16,170,500,프리바티,일레그,43,0.028667,2.013032
16,222,283,홍련,로산나 : 시크 오션,165,0.11,1.943013
16,222,352,홍련,헬름,169,0.112667,1.893254
16,180,470,길로틴,레드 후드,134,0.089333,1.818162
16,431,470,볼륨,레드 후드,190,0.126667,1.788496
16,043,210,D : 킬러 와이프,엑시아,127,0.084667,1.745574
16,170,222,프리바티,홍련,155,0.103333,1.731186
16,015,043,아니스 : 스파클링 서머,D : 킬러 와이프,189,0.126,1.660169
16,043,330,D : 킬러 와이프,크라운,189,0.126,1.660169
16,222,233,홍련,도로시,175,0.116667,1.633042
16,043,391,D : 킬러 와이프,아인,183,0.122,1.632992
16,180,431,길로틴,볼륨,106,0.070667,1.605524
16,192,270,토브,블랑,159,0.106,1.505528
16,192,271,토브,누아르,159,0.106,1.505528
16,270,314,블랑,소다 : 트윙클링 바니,156,0.104,1.504043
16,271,314,누아르,소다 : 트윙클링 바니,156,0.104,1.504043
16,270,313,블랑,프리바티 : 언카인드 메이드,161,0.107333,1.498027
16,271,313,누아르,프리바티 : 언카인드 메이드,161,0.107333,1.498027
16,015,202,아니스 : 스파클링 서머,도라,35,0.023333,1.406817
16,202,330,도라,크라운,35,0.023333,1.406817
16,321,470,마르차나,레드 후드,20,0.013333,1.358454
16,260,352,모더니아,헬름,48,0.032,1.307821
16,180,260,길로틴,모더니아,39,0.026,1.277609
16,194,470,루드밀라 : 윈터 오너,레드 후드,39,0.026,1.26748
16,202,391,도라,아인,29,0.019333,1.15488
16,233,260,도로시,모더니아,52,0.034667,1.112755
16,015,102,아니스 : 스파클링 서머,맥스웰,79,0.052667,1.07112
16,102,330,맥스웰,크라운,78,0.052,1.052741
16,102,391,맥스웰,아인,73,0.048667,0.976529
16,270,470,블랑,레드 후드,112,0.074667,0.900464
16,271,470,누아르,레드 후드,112,0.074667,0.900464
16,222,270,홍련,블랑,110,0.073333,0.884119
16,222,271,홍련,누아르,110,0.073333,0.884119
16,260,470,모더니아,레드 후드,45,0.03,0.825097
16,194,431,루드밀라 : 윈터 오너,볼륨,26,0.017333,0.808049
16,222,470,홍련,레드 후드,104,0.069333,0.803199
16,260,431,모더니아,볼륨,40,0.026667,0.780702
16,260,283,모더니아,로산나 : 시크 오션,29,0.019333,0.665156
16,102,382,맥스웰,레오나,20,0.013333,0.497907
16,102,431,맥스웰,볼륨,47,0.031333,0.447459
16,043,102,D : 킬러 와이프,맥스웰,48,0.032,0.357119
16,270,431,블랑,볼륨,70,0.046667,0.347923
16,271,431,누아르,볼륨,70,0.046667,0.347923
16,043,470,D : 킬러 와이프,레드 후드,76,0.050667,0.345854
16,102,233,맥스웰,도로시,42,0.028,0.238728
16,222,431,홍련,볼륨,63,0.042,0.20557
16,391,431,아인,볼륨,62,0.041333,0.192202
16,082,260,리타,모더니아,27,0.018,0.088131
16,180,283,길로틴,로산나 : 시크 오션,29,0.019333,0.083985
16,015,431,아니스 : 스파클링 서머,볼륨,57,0.038,0.05153
16,330,431,크라운,볼륨,57,0.038,0.05153
16,102,180,맥스웰,길로틴,24,0.016,0.011265
16,222,260,홍련,모더니아,22,0.014667,-0.197675
16,180,233,길로틴,도로시,30,0.02,-0.261965
16,043,270,D : 킬러 와이프,블랑,47,0.031333,-0.347485
16,043,271,D : 킬러 와이프,누아르,47,0.031333,-0.347485
16,043,450,D : 킬러 와이프,나가,45,0.03,-0.41022
16,043,451,D : 킬러 와이프,티아,45,0.03,-0.41022
16,102,313,맥스웰,프리바티 : 언카인드 메이드,26,0.017333,-0.45822
16,043,222,D : 킬러 와이프,홍련,43,0.028667,-0.466159
16,102,192,맥스웰,토브,24,0.016,-0.548163
16,102,170,맥스웰,프리바티,20,0.013333,-0.558431
16,043,191,D : 킬러 와이프,앨리스,36,0.024,-0.732149
16,043,225,D : 킬러 와이프,홍련 : 흑영,35,0.023333,-0.772791
16,102,314,맥스웰,소다 : 트윙클링 바니,20,0.013333,-0.785202
16,043,180,D : 킬러 와이프,길로틴,21,0.014,-0.850793
16,015,170,아니스 : 스파클링 서머,프리바티,26,0.017333,-0.854149
16,283,470,로산나 : 시크 오션,레드 후드,23,0.015333,-0.909397
16,170,330,프리바티,크라운,21,0.014,-1.162271
16,082,470,리타,레드 후드,24,0.016,-1.321928
16,082,270,리타,블랑,21,0.014,-1.514573
16,082,271,리타,누아르,21,0.014,-1.514573
17,313,382,프리바티 : 언카인드 메이드,레오나,61,0.040667,3.369045
17,195,382,앨리스 : 원더랜드 바니,레오나,73,0.048667,3.244217
17,350,810,마스트,2B,49,0.032667,2.686561
17,101,400,드레이크,길티,23,0.015333,2.59655
17,192,313,토브,프리바티 : 언카인드 메이드,82,0.054667,2.41632
17,192,314,토브,소다 : 트윙클링 바니,281,0.187333,2.41632
17,192,382,토브,레오나,108,0.072,2.41632
17,192,400,토브,길티,23,0.015333,2.41632
17,313,314,프리바티 : 언카인드 메이드,소다 : 트윙클링 바니,82,0.054667,2.41632
17,314,382,소다 : 트윙클링 바니,레오나,108,0.072,2.41632
17,314,400,소다 : 트윙클링 바니,길티,23,0.015333,2.41632
17,101,192,드레이크,토브,247,0.164667,2.410491
17,101,314,드레이크,소다 : 트윙클링 바니,247,0.164667,2.410491
17,192,195,토브,앨리스 : 원더랜드 바니,106,0.070667,2.402774
17,195,314,앨리스 : 원더랜드 바니,소다 : 트윙클링 바니,106,0.070667,2.402774
17,191,330,앨리스,크라운,300,0.2,2.321928
17,270,271,블랑,누아르,300,0.2,2.321928
17,450,451,나가,티아,300,0.2,2.321928
17,170,191,프리바티,앨리스,293,0.195333,2.317013
17,170,330,프리바티,크라운,293,0.195333,2.317013
17,082,260,리타,모더니아,295,0.196667,2.297681
17,170,225,프리바티,홍련 : 흑영,287,0.191333,2.287163
17,191,225,앨리스,홍련 : 흑영,289,0.192667,2.268035
17,225,330,홍련 : 흑영,크라운,289,0.192667,2.268035
17,450,830,나가,아스카,289,0.192667,2.268035
17,451,830,티아,아스카,289,0.192667,2.268035
17,282,832,사쿠라,마리,65,0.043333,2.26165
17,101,382,드레이크,레오나,82,0.054667,2.199215
17,350,431,마스트,볼륨,45,0.03,2.199071
17,043,170,D : 킬러 와이프,프리바티,268,0.178667,2.188345
17,101,195,드레이크,앨리스 : 원더랜드 바니,80,0.053333,2.177012
17,043,191,D : 킬러 와이프,앨리스,270,0.18,2.169925
17,043,330,D : 킬러 와이프,크라운,270,0.18,2.169925
17,350,470,마스트,레드 후드,44,0.029333,2.16665
17,043,225,D : 킬러 와이프,홍련 : 흑영,269,0.179333,2.164572
17,233,282,도로시,사쿠라,58,0.038667,2.161394
17,431,810,볼륨,2B,208,0.138667,2.158182
17,195,313,앨리스 : 원더랜드 바니,프리바티 : 언카인드 메이드,26,0.017333,2.152168
17,260,831,모더니아,레이,249,0.166,2.057928
17,282,470,사쿠라,레드 후드,56,0.037333,2.04182
17,082,831,리타,레이,245,0.163333,2.034564
17,470,810,레드 후드,2B,189,0.126,2.019984
17,102,283,맥스웰,로산나 : 시크 오션,46,0.030667,2.013613
17,015,830,아니스 : 스파클링 서머,아스카,131,0.087333,1.929086
17,015,450,아니스 : 스파클링 서머,나가,130,0.086667,1.918031
17,015,451,아니스 : 스파클링 서머,티아,130,0.086667,1.918031
17,194,832,루드밀라 : 윈터 오너,마리,201,0.134,1.917101
17,283,831,로산나 : 시크 오션,레이,70,0.046667,1.871066
17,101,313,드레이크,프리바티 : 언카인드 메이드,49,0.032667,1.853708
17,470,832,레드 후드,마리,215,0.143333,1.846119
17,220,233,스노우 화이트,도로시,29,0.019333,1.822592
17,202,470,도라,레드 후드,24,0.016,1.819428
17,015,233,아니스 : 스파클링 서머,도로시,112,0.074667,1.771966
17,194,470,루드밀라 : 윈터 오너,레드 후드,178,0.118667,1.736966
17,194,282,루드밀라 : 윈터 오너,사쿠라,39,0.026,1.68799
17,220,450,스노우 화이트,나가,27,0.018,1.650551
17,220,451,스노우 화이트,티아,27,0.018,1.650551
17,102,260,맥스웰,모더니아,111,0.074,1.640611
17,431,470,볼륨,레드 후드,187,0.124667,1.640004
17,233,830,도로시,아스카,178,0.118667,1.63779
17,082,270,리타,블랑,186,0.124,1.632268
17,082,271,리타,누아르,186,0.124,1.632268
17,260,270,모더니아,블랑,185,0.123333,1.624491
17,260,271,모더니아,누아르,185,0.123333,1.624491
17,233,450,도로시,나가,175,0.116667,1.613268
17,233,451,도로시,티아,175,0.116667,1.613268
17,391,830,아인,아스카,25,0.016667,1.608232
17,082,102,리타,맥스웰,108,0.072,1.601082
17,270,831,블랑,레이,177,0.118,1.565532
17,271,831,누아르,레이,177,0.118,1.565532
17,220,830,스노우 화이트,아스카,25,0.016667,1.53952
17,194,810,루드밀라 : 윈터 오너,2B,117,0.078,1.496229
17,391,450,아인,나가,23,0.015333,1.487938
17,391,451,아인,티아,23,0.015333,1.487938
17,810,832,2B,마리,128,0.085333,1.462559
17,260,283,모더니아,로산나 : 시크 오션,50,0.033333,1.380822
17,233,391,도로시,아인,20,0.013333,1.355252
17,194,431,루드밀라 : 윈터 오너,볼륨,136,0.090667,1.348695
17,082,283,리타,로산나 : 시크 오션,48,0.032,1.321928
17,102,832,맥스웰,마리,79,0.052667,1.154792
17,350,831,마스트,레이,21,0.014,1.104353
17,101,270,드레이크,블랑,105,0.07,1.081977
17,101,271,드레이크,누아르,105,0.07,1.081977
17,431,832,볼륨,마리,126,0.084,1.075206
17,192,270,토브,블랑,112,0.074667,0.994857
17,192,271,토브,누아르,112,0.074667,0.994857
17,270,314,블랑,소다 : 트윙클링 바니,112,0.074667,0.994857
17,271,314,누아르,소다 : 트윙클링 바니,112,0.074667,0.994857
17,431,830,볼륨,아스카,109,0.072667,0.861294
17,431,450,볼륨,나가,105,0.07,0.807355
17,431,451,볼륨,티아,105,0.07,0.807355
17,283,470,로산나 : 시크 오션,레드 후드,33,0.022,0.78136
17,102,831,맥스웰,레이,60,0.04,0.757902
17,102,194,맥스웰,루드밀라 : 윈터 오너,48,0.032,0.59928
17,233,470,도로시,레드 후드,78,0.052,0.447459
17,194,233,루드밀라 : 윈터 오너,도로시,69,0.046,0.438704
17,233,832,도로시,마리,73,0.048667,0.356698
17,283,431,로산나 : 시크 오션,볼륨,21,0.014,0.129283
17,015,431,아니스 : 스파클링 서머,볼륨,35,0.023333,0.024946
17,260,832,모더니아,마리,58,0.038667,-0.044093
17,082,832,리타,마리,57,0.038,-0.069184
17,194,830,루드밀라 : 윈터 오너,아스카,47,0.031333,-0.184179
17,194,450,루드밀라 : 윈터 오너,나가,46,0.030667,-0.215206
17,194,451,루드밀라 : 윈터 오너,티아,46,0.030667,-0.215206
17,015,832,아니스 : 스파클링 서머,마리,28,0.018667,-0.292165
17,810,830,2B,아스카,38,0.025333,-0.294331
17,102,431,맥스웰,볼륨,29,0.019333,-0.295824
17,450,810,나가,2B,37,0.024667,-0.332805
17,451,810,티아,2B,37,0.024667,-0.332805
17,082,194,리타,루드밀라 : 윈터 오너,42,0.028,-0.34645
17,194,260,루드밀라 : 윈터 오너,모더니아,42,0.028,-0.34645
17,470,831,레드 후드,레이,46,0.030667,-0.378512
17,810,831,2B,레이,34,0.022667,-0.449978
17,102,830,맥스웰,아스카,26,0.017333,-0.453366
17,431,831,볼륨,레이,41,0.027333,-0.544522
17,102,450,맥스웰,나가,24,0.016,-0.568843
17,102,451,맥스웰,티아,24,0.016,-0.568843
17,102,470,맥스웰,레드 후드,24,0.016,-0.568843
17,225,233,홍련 : 흑영,도로시,25,0.016667,-1.194087
17,170,233,프리바티,도로시,22,0.014667,-1.349365
17,043,470,D : 킬러 와이프,레드 후드,23,0.015333,-1.383329
17,191,233,앨리스,도로시,21,0.014,-1.445626
17,233,330,도로시,크라운,21,0.014,-1.445626
17,831,832,레이,마리,20,0.013333,-1.575328
18,202,220,도라,스노우 화이트,41,0.027333,3.762367
18,210,820,엑시아,렘,144,0.096,2.717857
18,210,391,엑시아,아인,142,0.094667,2.654052
18,195,382,앨리스 : 원더랜드 바니,레오나,21,0.014,2.576742
18,391,820,아인,렘,207,0.138,2.534827
18,313,382,프리바티 : 언카인드 메이드,레오나,188,0.125333,2.465995
18,015,210,아니스 : 스파클링 서머,엑시아,144,0.096,2.411195
18,210,272,엑시아,루주,135,0.09,2.396941
18,015,391,아니스 : 스파클링 서머,아인,228,0.152,2.367569
18,192,313,토브,프리바티 : 언카인드 메이드,232,0.154667,2.365871
18,192,382,토브,레오나,220,0.146667,2.365871
18,313,314,프리바티 : 언카인드 메이드,소다 : 트윙클링 바니,232,0.154667,2.365871
18,314,382,소다 : 트윙클링 바니,레오나,220,0.146667,2.365871
18,192,314,토브,소다 : 트윙클링 바니,291,0.194,2.365871
18,015,222,아니스 : 스파클링 서머,홍련,75,0.05,2.336233
18,450,451,나가,티아,295,0.196667,2.326745
18,222,820,홍련,렘,60,0.04,2.320967
18,191,225,앨리스,홍련 : 흑영,299,0.199333,2.317111
18,272,391,루주,아인,208,0.138667,2.313974
18,220,832,스노우 화이트,마리,100,0.066667,2.293783
18,191,330,앨리스,크라운,294,0.196,2.292782
18,015,820,아니스 : 스파클링 서머,렘,210,0.14,2.292551
18,225,330,홍련 : 흑영,크라운,293,0.195333,2.287866
18,170,191,프리바티,앨리스,290,0.193333,2.273018
18,202,832,도라,마리,42,0.028,2.269313
18,170,225,프리바티,홍련 : 흑영,289,0.192667,2.268035
18,272,820,루주,렘,194,0.129333,2.257074
18,202,233,도라,도로시,42,0.028,2.254814
18,260,830,모더니아,아스카,36,0.024,2.254595
18,170,330,프리바티,크라운,286,0.190667,2.252981
18,043,470,D : 킬러 와이프,레드 후드,285,0.19,2.252745
18,222,391,홍련,아인,57,0.038,2.203339
18,102,202,맥스웰,도라,38,0.025333,2.194584
18,222,272,홍련,루주,64,0.042667,2.18627
18,192,271,토브,누아르,206,0.137333,2.175855
18,271,314,누아르,소다 : 트윙클링 바니,206,0.137333,2.175855
18,192,195,토브,앨리스 : 원더랜드 바니,21,0.014,2.173226
18,195,314,앨리스 : 원더랜드 바니,소다 : 트윙클링 바니,21,0.014,2.173226
18,112,192,바이퍼,토브,79,0.052667,2.161858
18,112,314,바이퍼,소다 : 트윙클링 바니,79,0.052667,2.161858
18,015,272,아니스 : 스파클링 서머,루주,218,0.145333,2.118684
18,112,382,바이퍼,레오나,56,0.037333,2.068947
18,194,450,루드밀라 : 윈터 오너,나가,247,0.164667,2.046294
18,194,451,루드밀라 : 윈터 오너,티아,243,0.162,2.042169
18,271,313,누아르,프리바티 : 언카인드 메이드,149,0.099333,2.035417
18,170,233,프리바티,도로시,244,0.162667,2.023847
18,270,271,블랑,누아르,95,0.063333,2.015267
18,271,382,누아르,레오나,136,0.090667,1.980333
18,191,233,앨리스,도로시,236,0.157333,1.975752
18,225,233,홍련 : 흑영,도로시,235,0.156667,1.969626
18,082,102,리타,맥스웰,218,0.145333,1.945454
18,043,194,D : 킬러 와이프,루드밀라 : 윈터 오너,231,0.154,1.944858
18,233,330,도로시,크라운,231,0.154,1.944858
18,194,470,루드밀라 : 윈터 오너,레드 후드,228,0.152,1.930816
18,431,820,볼륨,렘,23,0.015333,1.883867
18,260,403,모더니아,퀀시 : 이스케이프 퀸,174,0.116,1.841722
18,260,832,모더니아,마리,174,0.116,1.836857
18,043,451,D : 킬러 와이프,티아,199,0.132667,1.753982
18,112,271,바이퍼,누아르,48,0.032,1.751398
18,043,450,D : 킬러 와이프,나가,199,0.132667,1.734551
18,451,470,티아,레드 후드,194,0.129333,1.722087
18,450,470,나가,레드 후드,194,0.129333,1.702656
18,102,832,맥스웰,마리,178,0.118667,1.667503
18,102,220,맥스웰,스노우 화이트,61,0.040667,1.650325
18,403,832,퀀시 : 이스케이프 퀸,마리,178,0.118667,1.602708
18,082,403,리타,퀀시 : 이스케이프 퀸,177,0.118,1.58008
18,102,403,맥스웰,퀀시 : 이스케이프 퀸,166,0.110667,1.571675
18,015,431,아니스 : 스파클링 서머,볼륨,20,0.013333,1.375572
18,082,260,리타,모더니아,127,0.084667,1.368098
18,102,260,맥스웰,모더니아,118,0.078667,1.346217
18,112,270,바이퍼,블랑,23,0.015333,1.337695
18,272,830,루주,아스카,20,0.013333,1.288417
18,192,270,토브,블랑,71,0.047333,1.2868
18,270,314,블랑,소다 : 트윙클링 바니,71,0.047333,1.2868
18,112,313,바이퍼,프리바티 : 언카인드 메이드,34,0.022667,1.272434
18,082,832,리타,마리,140,0.093333,1.236892
18,220,233,스노우 화이트,도로시,48,0.032,1.22039
18,220,403,스노우 화이트,퀀시 : 이스케이프 퀸,47,0.031333,1.209382
18,270,272,블랑,루주,59,0.039333,1.143875
18,270,403,블랑,퀀시 : 이스케이프 퀸,56,0.037333,0.91983
18,260,270,모더니아,블랑,45,0.03,0.871267
18,270,313,블랑,프리바티 : 언카인드 메이드,41,0.027333,0.821499
18,102,451,맥스웰,티아,95,0.063333,0.771373
18,220,470,스노우 화이트,레드 후드,35,0.023333,0.769528
18,102,450,맥스웰,나가,95,0.063333,0.751942
18,043,220,D : 킬러 와이프,스노우 화이트,34,0.022667,0.72289
18,470,832,레드 후드,마리,97,0.064667,0.712339
18,082,450,리타,나가,92,0.061333,0.621488
18,043,832,D : 킬러 와이프,마리,89,0.059333,0.583342
18,082,451,리타,티아,88,0.058667,0.576789
18,102,194,맥스웰,루드밀라 : 윈터 오너,67,0.044667,0.243359
18,260,470,모더니아,레드 후드,57,0.038,0.217121
18,082,194,리타,루드밀라 : 윈터 오너,68,0.045333,0.180572
18,043,260,D : 킬러 와이프,모더니아,55,0.036667,0.160773
18,082,330,리타,크라운,63,0.042,0.070389
18,403,470,퀀시 : 이스케이프 퀸,레드 후드,61,0.040667,0.048029
18,270,391,블랑,아인,24,0.016,0.030374
18,233,832,도로시,마리,58,0.038667,-0.03441
18,082,191,리타,앨리스,57,0.038,-0.074001
18,082,225,리타,홍련 : 흑영,57,0.038,-0.074001
18,403,450,퀀시 : 이스케이프 퀸,나가,56,0.037333,-0.075353
18,194,260,루드밀라 : 윈터 오너,모더니아,45,0.03,-0.128733
18,043,403,D : 킬러 와이프,퀀시 : 이스케이프 퀸,53,0.035333,-0.159605
18,403,451,퀀시 : 이스케이프 퀸,티아,52,0.034667,-0.162838
18,272,403,루주,퀀시 : 이스케이프 퀸,47,0.031333,-0.164814
18,015,270,아니스 : 스파클링 서머,블랑,25,0.016667,-0.173767
18,194,832,루드밀라 : 윈터 오너,마리,52,0.034667,-0.191951
18,260,272,모더니아,루주,38,0.025333,-0.204536
18,082,170,리타,프리바티,50,0.033333,-0.263034
18,102,233,맥스웰,도로시,45,0.03,-0.330877
18,015,382,아니스 : 스파클링 서머,레오나,30,0.02,-0.463274
18,015,313,아니스 : 스파클링 서머,프리바티 : 언카인드 메이드,31,0.020667,-0.492589
18,015,192,아니스 : 스파클링 서머,토브,31,0.020667,-0.819484
18,015,314,아니스 : 스파클링 서머,소다 : 트윙클링 바니,31,0.020667,-0.819484
18,260,271,모더니아,누아르,21,0.014,-0.875967
18,271,403,누아르,퀀시 : 이스케이프 퀸,25,0.016667,-0.891367
19,170,233,프리바티,도로시,27,0.018,4.591389
19,403,431,퀀시 : 이스케이프 퀸,볼륨,32,0.021333,2.463284
19,192,314,토브,소다 : 트윙클링 바니,297,0.198,2.336428
19,222,403,홍련,퀀시 : 이스케이프 퀸,34,0.022667,2.336428
19,270,271,블랑,누아르,291,0.194,2.336344
19,192,313,토브,프리바티 : 언카인드 메이드,297,0.198,2.331578
19,313,314,프리바티 : 언카인드 메이드,소다 : 트윙클링 바니,297,0.198,2.331578
19,015,210,아니스 : 스파클링 서머,엑시아,259,0.172667,2.321928
19,015,330,아니스 : 스파클링 서머,크라운,300,0.2,2.321928
19,191,225,앨리스,홍련 : 흑영,300,0.2,2.321928
19,210,330,엑시아,크라운,259,0.172667,2.321928
19,450,451,나가,티아,300,0.2,2.321928
19,271,403,누아르,퀀시 : 이스케이프 퀸,33,0.022,2.317854
19,222,431,홍련,볼륨,252,0.168,2.313708
19,272,511,루주,신데렐라,297,0.198,2.312246
19,270,403,블랑,퀀시 : 이스케이프 퀸,33,0.022,2.298225
19,222,352,홍련,헬름,37,0.024667,2.260479
19,194,470,루드밀라 : 윈터 오너,레드 후드,282,0.188,2.252026
19,470,514,레드 후드,그레이브,284,0.189333,2.247674
19,043,391,D : 킬러 와이프,아인,274,0.182667,2.210507
19,082,191,리타,앨리스,277,0.184667,2.206852
19,082,225,리타,홍련 : 흑영,277,0.184667,2.206852
19,271,431,누아르,볼륨,230,0.153333,2.206412
19,194,514,루드밀라 : 윈터 오너,그레이브,272,0.181333,2.204755
19,431,830,볼륨,아스카,42,0.028,2.188177
19,270,431,블랑,볼륨,230,0.153333,2.186783
19,222,271,홍련,누아르,258,0.172,2.15783
19,210,391,엑시아,아인,225,0.15,2.138266
19,222,270,홍련,블랑,258,0.172,2.138202
19,192,450,토브,나가,261,0.174,2.135515
19,192,451,토브,티아,261,0.174,2.135515
19,314,450,소다 : 트윙클링 바니,나가,261,0.174,2.135515
19,314,451,소다 : 트윙클링 바니,티아,261,0.174,2.135515
19,352,832,헬름,마리,34,0.022667,2.133639
19,313,450,프리바티 : 언카인드 메이드,나가,261,0.174,2.130666
19,313,451,프리바티 : 언카인드 메이드,티아,261,0.174,2.130666
19,271,830,누아르,아스카,46,0.030667,2.129597
19,270,830,블랑,아스카,46,0.030667,2.109968
19,222,830,홍련,아스카,46,0.030667,2.105102
19,043,210,D : 킬러 와이프,엑시아,222,0.148,2.099536
19,191,832,앨리스,마리,248,0.165333,2.056956
19,225,832,홍련 : 흑영,마리,248,0.165333,2.056956
19,260,832,모더니아,마리,233,0.155333,2.051106
19,194,511,루드밀라 : 윈터 오너,신데렐라,241,0.160667,2.025364
19,194,272,루드밀라 : 윈터 오너,루주,238,0.158667,2.01211
19,015,391,아니스 : 스파클링 서머,아인,235,0.156667,1.988992
19,330,391,크라운,아인,235,0.156667,1.988992
19,470,511,레드 후드,신데렐라,236,0.157333,1.975752
19,082,832,리타,마리,233,0.155333,1.966946
19,272,470,루주,레드 후드,233,0.155333,1.962113
19,102,431,맥스웰,볼륨,117,0.078,1.96168
19,082,260,리타,모더니아,220,0.146667,1.95863
19,015,043,아니스 : 스파클링 서머,D : 킬러 와이프,231,0.154,1.944858
19,043,330,D : 킬러 와이프,크라운,231,0.154,1.944858
19,511,514,신데렐라,그레이브,230,0.153333,1.943416
19,272,514,루주,그레이브,227,0.151333,1.929292
19,222,233,홍련,도로시,36,0.024,1.92139
19,191,260,앨리스,모더니아,203,0.135333,1.842606
19,225,260,홍련 : 흑영,모더니아,203,0.135333,1.842606
19,102,271,맥스웰,누아르,117,0.078,1.771855
19,260,352,모더니아,헬름,25,0.016667,1.764543
19,102,270,맥스웰,블랑,117,0.078,1.752227
19,102,222,맥스웰,홍련,117,0.078,1.747361
19,352,431,헬름,볼륨,22,0.014667,1.724776
19,170,832,프리바티,마리,20,0.013333,1.524223
19,233,832,도로시,마리,23,0.015333,1.270178
19,015,272,아니스 : 스파클링 서머,루주,67,0.044667,0.164016
19,272,330,루주,크라운,67,0.044667,0.164016
19,222,260,홍련,모더니아,62,0.041333,0.145966
19,015,511,아니스 : 스파클링 서머,신데렐라,65,0.043333,0.115477
19,330,511,크라운,신데렐라,65,0.043333,0.115477
19,260,431,모더니아,볼륨,51,0.034,0.078514
19,391,470,아인,레드 후드,59,0.039333,-0.004882
19,391,514,아인,그레이브,53,0.035333,-0.154788
19,102,832,맥스웰,마리,31,0.020667,-0.173657
19,043,470,D : 킬러 와이프,레드 후드,50,0.033333,-0.263034
19,043,194,D : 킬러 와이프,루드밀라 : 윈터 오너,49,0.032667,-0.272815
19,015,102,아니스 : 스파클링 서머,맥스웰,28,0.018667,-0.330149
19,102,191,맥스웰,앨리스,28,0.018667,-0.330149
19,102,225,맥스웰,홍련 : 흑영,28,0.018667,-0.330149
19,102,330,맥스웰,크라운,28,0.018667,-0.330149
19,194,391,루드밀라 : 윈터 오너,아인,45,0.03,-0.376307
19,082,102,리타,맥스웰,26,0.017333,-0.437064
19,210,272,엑시아,루주,36,0.024,-0.520138
19,260,271,모더니아,누아르,38,0.025333,-0.535809
19,043,514,D : 킬러 와이프,그레이브,41,0.027333,-0.544522
19,260,270,모더니아,블랑,38,0.025333,-0.555437
19,210,511,엑시아,신데렐라,34,0.022667,-0.607417
19,191,450,앨리스,나가,37,0.024667,-0.697437
19,191,451,앨리스,티아,37,0.024667,-0.697437
19,225,450,홍련 : 흑영,나가,37,0.024667,-0.697437
19,225,451,홍련 : 흑영,티아,37,0.024667,-0.697437
19,102,272,맥스웰,루주,21,0.014,-0.740369
19,102,511,맥스웰,신데렐라,21,0.014,-0.745186
19,271,313,누아르,프리바티 : 언카인드 메이드,33,0.022,-0.813852
19,270,313,블랑,프리바티 : 언카인드 메이드,33,0.022,-0.833481
19,192,271,토브,누아르,32,0.021333,-0.853397
19,271,314,누아르,소다 : 트윙클링 바니,32,0.021333,-0.853397
19,192,270,토브,블랑,32,0.021333,-0.873026
19,270,314,블랑,소다 : 트윙클링 바니,32,0.021333,-0.873026
19,222,832,홍련,마리,32,0.021333,-0.882741
19,082,514,리타,그레이브,31,0.020667,-0.947877
19,082,450,리타,나가,30,0.02,-1.0
19,082,451,리타,티아,30,0.02,-1.0
19,431,832,볼륨,마리,22,0.014667,-1.20899
20,192,314,토브,소다 : 트윙클링 바니,298,0.198667,2.331578
20,192,313,토브,프리바티 : 언카인드 메이드,298,0.198667,2.326745
20,270,271,블랑,누아르,299,0.199333,2.326745
20,313,314,프리바티 : 언카인드 메이드,소다 : 트윙클링 바니,298,0.198667,2.326745
20,210,330,엑시아,크라운,278,0.185333,2.321928
20,210,391,엑시아,아인,278,0.185333,2.321928
20,272,511,루주,신데렐라,300,0.2,2.321928
20,450,451,나가,티아,300,0.2,2.321928
20,015,330,아니스 : 스파클링 서머,크라운,299,0.199333,2.317111
20,183,272,메이든 : 아이스 로즈,루주,299,0.199333,2.317111
20,183,511,메이든 : 아이스 로즈,신데렐라,299,0.199333,2.317111
20,191,225,앨리스,홍련 : 흑영,299,0.199333,2.317111
20,015,210,아니스 : 스파클링 서머,엑시아,277,0.184667,2.316729
20,222,431,홍련,볼륨,275,0.183333,2.309219
20,082,191,리타,앨리스,295,0.196667,2.297681
20,222,270,홍련,블랑,284,0.189333,2.296583
20,222,271,홍련,누아르,284,0.189333,2.296583
20,082,225,리타,홍련 : 흑영,294,0.196,2.292782
20,470,514,레드 후드,그레이브,293,0.195333,2.292683
20,330,391,크라운,아인,293,0.195333,2.287866
20,015,391,아니스 : 스파클링 서머,아인,292,0.194667,2.282934
20,082,832,리타,마리,291,0.194,2.277985
20,191,832,앨리스,마리,291,0.194,2.277985
20,272,514,루주,그레이브,291,0.194,2.277985
20,511,514,신데렐라,그레이브,291,0.194,2.277985
20,183,514,메이든 : 아이스 로즈,그레이브,290,0.193333,2.273018
20,225,832,홍련 : 흑영,마리,290,0.193333,2.273018
20,043,210,D : 킬러 와이프,엑시아,267,0.178,2.263683
20,272,470,루주,레드 후드,287,0.191333,2.262833
20,470,511,레드 후드,신데렐라,287,0.191333,2.262833
20,183,470,메이든 : 아이스 로즈,레드 후드,286,0.190667,2.257798
20,192,450,토브,나가,284,0.189333,2.252507
20,192,451,토브,티아,284,0.189333,2.252507
20,314,450,소다 : 트윙클링 바니,나가,284,0.189333,2.252507
20,314,451,소다 : 트윙클링 바니,티아,284,0.189333,2.252507
20,270,431,블랑,볼륨,272,0.181333,2.249301
20,271,431,누아르,볼륨,272,0.181333,2.249301
20,313,450,프리바티 : 언카인드 메이드,나가,284,0.189333,2.247674
20,313,451,프리바티 : 언카인드 메이드,티아,284,0.189333,2.247674
20,043,391,D : 킬러 와이프,아인,284,0.189333,2.242857
20,194,832,루드밀라 : 윈터 오너,마리,271,0.180667,2.234152
20,082,194,리타,루드밀라 : 윈터 오너,270,0.18,2.228819
20,043,330,D : 킬러 와이프,크라운,281,0.187333,2.227536
20,015,043,아니스 : 스파클링 서머,D : 킬러 와이프,280,0.186667,2.222392
20,191,194,앨리스,루드밀라 : 윈터 오너,267,0.178,2.212699
20,194,225,루드밀라 : 윈터 오너,홍련 : 흑영,267,0.178,2.212699
20,222,260,홍련,모더니아,164,0.109333,2.166147
20,260,431,모더니아,볼륨,161,0.107333,2.154514
20,260,270,모더니아,블랑,164,0.109333,2.122055
20,260,271,모더니아,누아르,164,0.109333,2.122055
20,102,222,맥스웰,홍련,75,0.05,1.984947
20,102,431,맥스웰,볼륨,74,0.049333,1.980583
20,102,270,맥스웰,블랑,75,0.05,1.940854
20,102,271,맥스웰,누아르,75,0.05,1.940854
20,260,832,모더니아,마리,22,0.014667,-0.780883
21,192,314,토브,소다 : 트윙클링 바니,115,0.076667,3.680382
21,101,192,드레이크,토브,51,0.034,3.649762
21,101,314,드레이크,소다 : 트윙클링 바니,51,0.034,3.624887
21,220,233,스노우 화이트,도로시,36,0.024,2.918155
21,194,233,루드밀라 : 윈터 오너,도로시,106,0.070667,2.626046
21,233,811,도로시,A2,162,0.108,2.490518
21,220,811,스노우 화이트,A2,32,0.021333,2.457329
21,102,233,맥스웰,도로시,22,0.014667,2.411195
21,450,451,나가,티아,299,0.199333,2.326745
21,220,450,스노우 화이트,나가,38,0.025333,2.326745
21,220,451,스노우 화이트,티아,38,0.025333,2.326745
21,270,271,블랑,누아르,284,0.189333,2.326507
21,191,225,앨리스,홍련 : 흑영,300,0.2,2.321928
21,272,511,루주,신데렐라,300,0.2,2.321928
21,082,831,리타,레이,297,0.198,2.317079
21,170,191,프리바티,앨리스,294,0.196,2.317029
21,170,225,프리바티,홍련 : 흑영,294,0.196,2.317029
21,015,272,아니스 : 스파클링 서머,루주,203,0.135333,2.314839
21,015,511,아니스 : 스파클링 서머,신데렐라,203,0.135333,2.314839
21,314,450,소다 : 트윙클링 바니,나가,116,0.077333,2.314361
21,314,451,소다 : 트윙클링 바니,티아,116,0.077333,2.314361
21,192,450,토브,나가,114,0.076,2.314145
21,192,451,토브,티아,114,0.076,2.314145
21,191,330,앨리스,크라운,298,0.198667,2.312278
21,225,330,홍련 : 흑영,크라운,298,0.198667,2.312278
21,170,330,프리바티,크라운,293,0.195333,2.312114
21,183,272,메이든 : 아이스 로즈,루주,197,0.131333,2.307355
21,183,511,메이든 : 아이스 로즈,신데렐라,197,0.131333,2.307355
21,016,271,라피 : 레드 후드,누아르,282,0.188,2.306661
21,431,470,볼륨,레드 후드,292,0.194667,2.302299
21,043,191,D : 킬러 와이프,앨리스,294,0.196,2.292782
21,043,225,D : 킬러 와이프,홍련 : 흑영,294,0.196,2.292782
21,043,330,D : 킬러 와이프,크라운,294,0.196,2.292782
21,043,170,D : 킬러 와이프,프리바티,289,0.192667,2.292283
21,272,810,루주,2B,187,0.124667,2.291394
21,511,810,신데렐라,2B,187,0.124667,2.291394
21,450,811,나가,A2,223,0.148667,2.282155
21,451,811,티아,A2,223,0.148667,2.282155
21,233,450,도로시,나가,182,0.121333,2.279951
21,233,451,도로시,티아,182,0.121333,2.279951
21,810,832,2B,마리,185,0.123333,2.275881
21,194,811,루드밀라 : 윈터 오너,A2,100,0.066667,2.251081
21,101,450,드레이크,나가,50,0.033333,2.242681
21,101,451,드레이크,티아,50,0.033333,2.242681
21,016,270,라피 : 레드 후드,블랑,281,0.187333,2.237186
21,260,831,모더니아,레이,277,0.184667,2.221319
21,082,260,리타,모더니아,277,0.184667,2.211669
21,271,431,누아르,볼륨,259,0.172667,2.203284
21,271,470,누아르,레드 후드,262,0.174667,2.200533
21,082,514,리타,그레이브,275,0.183333,2.196397
21,260,514,모더니아,그레이브,274,0.182667,2.195959
21,514,831,그레이브,레이,273,0.182,2.195517
21,260,830,모더니아,아스카,264,0.176,2.147138
21,270,431,블랑,볼륨,259,0.172667,2.138933
21,272,832,루주,마리,264,0.176,2.137504
21,511,832,신데렐라,마리,264,0.176,2.137504
21,270,470,블랑,레드 후드,262,0.174667,2.136183
21,015,832,아니스 : 스파클링 서머,마리,179,0.119333,2.133319
21,830,831,아스카,레이,260,0.173333,2.129944
21,016,431,라피 : 레드 후드,볼륨,258,0.172,2.123702
21,016,470,라피 : 레드 후드,레드 후드,261,0.174,2.121015
21,082,830,리타,아스카,260,0.173333,2.120294
21,514,830,그레이브,아스카,258,0.172,2.109154
21,183,832,메이든 : 아이스 로즈,마리,164,0.109333,2.042855
21,015,810,아니스 : 스파클링 서머,2B,100,0.066667,1.944749
21,194,450,루드밀라 : 윈터 오너,나가,105,0.07,1.942959
21,194,451,루드밀라 : 윈터 오너,티아,105,0.07,1.942959
21,015,183,아니스 : 스파클링 서머,메이든 : 아이스 로즈,102,0.068,1.914122
21,102,450,맥스웰,나가,24,0.016,1.867313
21,102,451,맥스웰,티아,24,0.016,1.867313
21,314,811,소다 : 트윙클링 바니,A2,63,0.042,1.812172
21,192,811,토브,A2,61,0.040667,1.790504
21,183,810,메이든 : 아이스 로즈,2B,86,0.057333,1.762958
21,194,431,루드밀라 : 윈터 오너,볼륨,27,0.018,-0.001851
21,194,470,루드밀라 : 윈터 오너,레드 후드,27,0.018,-0.021216
21,194,832,루드밀라 : 윈터 오너,마리,25,0.016667,-0.132248
21,016,082,라피 : 레드 후드,리타,37,0.024667,-0.697437
21,016,831,라피 : 레드 후드,레이,36,0.024,-0.727315
21,183,514,메이든 : 아이스 로즈,그레이브,21,0.014,-0.922379
21,431,832,볼륨,마리,31,0.020667,-0.933329
21,470,832,레드 후드,마리,31,0.020667,-0.952694
21,015,514,아니스 : 스파클링 서머,그레이브,21,0.014,-0.95818
21,082,271,리타,누아르,22,0.014667,-1.373458
21,431,830,볼륨,아스카,22,0.014667,-1.423277
21,271,831,누아르,레이,21,0.014,-1.430922
21,470,830,레드 후드,아스카,22,0.014667,-1.442642
21,272,514,루주,그레이브,22,0.014667,-1.447459
21,511,514,신데렐라,그레이브,22,0.014667,-1.447459
21,082,270,리타,블랑,21,0.014,-1.504923
21,270,831,블랑,레이,20,0.013333,-1.565662
21,830,832,아스카,마리,20,0.013333,-1.580145
22,192,314,토브,소다 : 트윙클링 바니,25,0.016667,5.906891
22,270,271,블랑,누아르,24,0.016,5.850307
22,192,271,토브,누아르,21,0.014,5.714246
22,271,314,누아르,소다 : 트윙클링 바니,21,0.014,5.714246
22,192,270,토브,블랑,21,0.014,5.598768
22,270,314,블랑,소다 : 트윙클링 바니,21,0.014,5.598768
22,830,831,아스카,레이,157,0.104667,2.406089
22,354,355,마스트 : 로망틱 메이드,앵커 : 이노센트 메이드,291,0.194,2.365871
22,183,511,메이든 : 아이스 로즈,신데렐라,53,0.035333,2.346176
22,183,272,메이든 : 아이스 로즈,루주,53,0.035333,2.331578
22,450,451,나가,티아,287,0.191333,2.331578
22,272,511,루주,신데렐라,294,0.196,2.326679
22,191,225,앨리스,홍련 : 흑영,300,0.2,2.321928
22,514,831,그레이브,레이,156,0.104,2.31271
22,511,832,신데렐라,마리,269,0.179333,2.298697
22,015,511,아니스 : 스파클링 서머,신데렐라,54,0.036,2.293708
22,272,832,루주,마리,269,0.179333,2.2841
22,016,831,라피 : 레드 후드,레이,152,0.101333,2.275235
22,514,830,그레이브,아스카,272,0.181333,2.264733
22,195,830,앨리스 : 원더랜드 바니,아스카,76,0.050667,2.261699
22,015,272,아니스 : 스파클링 서머,루주,53,0.035333,2.252144
22,821,832,에밀리아,마리,51,0.034,2.24625
22,511,821,신데렐라,에밀리아,54,0.036,2.243082
22,272,821,루주,에밀리아,54,0.036,2.228485
22,183,832,메이든 : 아이스 로즈,마리,46,0.030667,2.227447
22,015,832,아니스 : 스파클링 서머,마리,48,0.032,2.209413
22,195,514,앨리스 : 원더랜드 바니,그레이브,77,0.051333,2.196397
22,016,830,라피 : 레드 후드,아스카,258,0.172,2.188497
22,016,514,라피 : 레드 후드,그레이브,257,0.171333,2.098734
22,403,431,퀀시 : 이스케이프 퀸,볼륨,72,0.048,2.05856
22,170,831,프리바티,레이,120,0.08,2.054492
22,431,580,볼륨,팬텀,37,0.024667,2.041132
22,272,820,루주,렘,25,0.016667,2.021238
22,511,820,신데렐라,렘,24,0.016,1.976942
22,016,195,라피 : 레드 후드,앨리스 : 원더랜드 바니,66,0.044,1.974005
22,354,431,마스트 : 로망틱 메이드,볼륨,65,0.043333,1.945296
22,355,431,앵커 : 이노센트 메이드,볼륨,65,0.043333,1.945296
22,182,403,길로틴 : 윈터 슬레이어,퀀시 : 이스케이프 퀸,137,0.091333,1.867368
22,182,233,길로틴 : 윈터 슬레이어,도로시,135,0.09,1.846151
22,082,352,리타,헬름,195,0.13,1.794011
22,511,580,신데렐라,팬텀,105,0.07,1.784297
22,191,354,앨리스,마스트 : 로망틱 메이드,200,0.133333,1.780909
22,191,355,앨리스,앵커 : 이노센트 메이드,200,0.133333,1.780909
22,225,354,홍련 : 흑영,마스트 : 로망틱 메이드,200,0.133333,1.780909
22,225,355,홍련 : 흑영,앵커 : 이노센트 메이드,200,0.133333,1.780909
22,272,580,루주,팬텀,105,0.07,1.769699
22,112,330,바이퍼,크라운,68,0.045333,1.765535
22,112,352,바이퍼,헬름,64,0.042667,1.757143
22,182,451,길로틴 : 윈터 슬레이어,티아,122,0.081333,1.754335
22,043,354,D : 킬러 와이프,마스트 : 로망틱 메이드,192,0.128,1.726832
22,043,355,D : 킬러 와이프,앵커 : 이노센트 메이드,192,0.128,1.726832
22,580,832,팬텀,마리,95,0.063333,1.725537
22,182,450,길로틴 : 윈터 슬레이어,나가,122,0.081333,1.700073
22,043,191,D : 킬러 와이프,앨리스,191,0.127333,1.675355
22,043,225,D : 킬러 와이프,홍련 : 흑영,191,0.127333,1.675355
22,195,831,앨리스 : 원더랜드 바니,레이,28,0.018667,1.671164
22,112,194,바이퍼,루드밀라 : 윈터 오너,63,0.042,1.655352
22,330,352,크라운,헬름,176,0.117333,1.631613
22,194,330,루드밀라 : 윈터 오너,크라운,180,0.12,1.584963
22,403,451,퀀시 : 이스케이프 퀸,티아,171,0.114,1.584524
22,082,112,리타,바이퍼,59,0.039333,1.575215
22,403,450,퀀시 : 이스케이프 퀸,나가,173,0.115333,1.547038
22,260,511,모더니아,신데렐라,86,0.057333,1.47782
22,194,352,루드밀라 : 윈터 오너,헬름,158,0.105333,1.475962
22,102,403,맥스웰,퀀시 : 이스케이프 퀸,22,0.014667,1.469082
22,260,272,모더니아,루주,86,0.057333,1.463222
22,233,451,도로시,티아,157,0.104667,1.461292
22,082,330,리타,크라운,158,0.105333,1.41139
22,233,450,도로시,나가,157,0.104667,1.40703
22,082,194,리타,루드밀라 : 윈터 오너,153,0.102,1.364997
22,260,832,모더니아,마리,74,0.049333,1.346638
22,170,830,프리바티,아스카,132,0.088,1.341958
22,450,470,나가,레드 후드,146,0.097333,1.326646
22,170,514,프리바티,그레이브,136,0.090667,1.300866
22,016,170,라피 : 레드 후드,프리바티,135,0.09,1.290219
22,170,233,프리바티,도로시,134,0.089333,1.289143
22,451,470,티아,레드 후드,136,0.090667,1.278546
22,194,470,루드밀라 : 윈터 오너,레드 후드,139,0.092667,1.246112
22,233,403,도로시,퀀시 : 이스케이프 퀸,137,0.091333,1.210442
22,082,195,리타,앨리스 : 원더랜드 바니,38,0.025333,1.192038
22,260,352,모더니아,헬름,67,0.044667,1.172468
22,233,330,도로시,크라운,118,0.078667,0.985403
22,170,330,프리바티,크라운,108,0.072,0.968291
22,194,450,루드밀라 : 윈터 오너,나가,115,0.076667,0.94825
22,194,451,루드밀라 : 윈터 오너,티아,105,0.07,0.871267
22,043,470,D : 킬러 와이프,레드 후드,106,0.070667,0.859909
22,260,580,모더니아,팬텀,29,0.019333,0.837983
22,470,580,레드 후드,팬텀,54,0.036,0.834753
22,082,260,리타,모더니아,55,0.036667,0.823167
22,170,191,프리바티,앨리스,96,0.064,0.798366
22,170,225,프리바티,홍련 : 흑영,96,0.064,0.798366
22,043,450,D : 킬러 와이프,나가,103,0.068667,0.794077
22,043,451,D : 킬러 와이프,티아,99,0.066,0.791195
22,082,830,리타,아스카,93,0.062,0.730928
22,191,330,앨리스,크라운,99,0.066,0.722466
22,225,330,홍련 : 흑영,크라운,99,0.066,0.722466
22,260,330,모더니아,크라운,51,0.034,0.699733
22,191,233,앨리스,도로시,95,0.063333,0.672615
22,225,233,홍련 : 흑영,도로시,95,0.063333,0.672615
22,470,832,레드 후드,마리,86,0.057333,0.663314
22,082,514,리타,그레이브,94,0.062667,0.662198
22,043,194,D : 킬러 와이프,루드밀라 : 윈터 오너,91,0.060667,0.605721
22,016,082,라피 : 레드 후드,리타,88,0.058667,0.567041
22,016,352,라피 : 레드 후드,헬름,84,0.056,0.564498
22,194,260,루드밀라 : 윈터 오너,모더니아,46,0.030667,0.550869
22,403,580,퀀시 : 이스케이프 퀸,팬텀,44,0.029333,0.514885
22,272,470,루주,레드 후드,82,0.054667,0.494373
22,470,511,레드 후드,신데렐라,81,0.054,0.491269
22,354,580,마스트 : 로망틱 메이드,팬텀,42,0.028,0.482064
22,355,580,앵커 : 이노센트 메이드,팬텀,42,0.028,0.482064
22,354,403,마스트 : 로망틱 메이드,퀀시 : 이스케이프 퀸,77,0.051333,0.413489
22,355,403,앵커 : 이노센트 메이드,퀀시 : 이스케이프 퀸,77,0.051333,0.413489
22,352,514,헬름,그레이브,75,0.05,0.401
22,112,832,바이퍼,마리,24,0.016,0.372912
22,112,511,바이퍼,신데렐라,25,0.016667,0.346176
22,112,272,바이퍼,루주,25,0.016667,0.331578
22,195,470,앨리스 : 원더랜드 바니,레드 후드,20,0.013333,0.285601
22,352,830,헬름,아스카,64,0.042667,0.256341
22,082,470,리타,레드 후드,66,0.044,0.186065
22,330,470,크라운,레드 후드,48,0.032,-0.287866
22,260,514,모더니아,그레이브,24,0.016,-0.38773
22,082,403,리타,퀀시 : 이스케이프 퀸,42,0.028,-0.490423
22,403,470,퀀시 : 이스케이프 퀸,레드 후드,39,0.026,-0.577776
22,182,194,길로틴 : 윈터 슬레이어,루드밀라 : 윈터 오너,25,0.016667,-0.596458
22,352,470,헬름,레드 후드,36,0.024,-0.623832
22,182,352,길로틴 : 윈터 슬레이어,헬름,23,0.015333,-0.637681
22,182,354,길로틴 : 윈터 슬레이어,마스트 : 로망틱 메이드,22,0.014667,-0.736939
22,182,355,길로틴 : 윈터 슬레이어,앵커 : 이노센트 메이드,22,0.014667,-0.736939
22,182,832,길로틴 : 윈터 슬레이어,마리,21,0.014,-0.738119
22,182,272,길로틴 : 윈터 슬레이어,루주,22,0.014667,-0.771233
22,352,832,헬름,마리,30,0.02,-0.811051
22,182,511,길로틴 : 윈터 슬레이어,신데렐라,21,0.014,-0.823749
22,272,403,루주,퀀시 : 이스케이프 퀸,33,0.022,-0.843196
22,182,330,길로틴 : 윈터 슬레이어,크라운,21,0.014,-0.847997
22,403,511,퀀시 : 이스케이프 퀸,신데렐라,32,0.021333,-0.872993
22,016,194,라피 : 레드 후드,루드밀라 : 윈터 오너,32,0.021333,-0.906891
22,403,832,퀀시 : 이스케이프 퀸,마리,27,0.018,-1.032475
22,194,233,루드밀라 : 윈터 오너,도로시,28,0.018667,-1.089886
22,272,352,루주,헬름,26,0.017333,-1.117729
22,352,511,헬름,신데렐라,25,0.016667,-1.159715
22,016,330,라피 : 레드 후드,크라운,26,0.017333,-1.206451
22,082,450,리타,나가,25,0.016667,-1.238885
22,082,354,리타,마스트 : 로망틱 메이드,23,0.015333,-1.324886
22,082,355,리타,앵커 : 이노센트 메이드,23,0.015333,-1.324886
22,233,352,도로시,헬름,22,0.014667,-1.358737
22,470,514,레드 후드,그레이브,22,0.014667,-1.413397
22,352,403,헬름,퀀시 : 이스케이프 퀸,21,0.014,-1.425851
22,470,830,레드 후드,아스카,20,0.013333,-1.46674
22,233,470,도로시,레드 후드,20,0.013333,-1.54125
23,043,470,D : 킬러 와이프,레드 후드,93,0.062,2.47152
23,354,355,마스트 : 로망틱 메이드,앵커 : 이노센트 메이드,296,0.197333,2.341293
23,101,192,드레이크,토브,195,0.13,2.336428
23,192,314,토브,소다 : 트윙클링 바니,280,0.186667,2.336428
23,015,183,아니스 : 스파클링 서머,메이든 : 아이스 로즈,248,0.165333,2.328828
23,183,832,메이든 : 아이스 로즈,마리,248,0.165333,2.323946
23,015,272,아니스 : 스파클링 서머,루주,295,0.196667,2.321928
23,015,511,아니스 : 스파클링 서머,신데렐라,295,0.196667,2.321928
23,101,270,드레이크,블랑,195,0.13,2.321928
23,101,271,드레이크,누아르,195,0.13,2.321928
23,183,272,메이든 : 아이스 로즈,루주,251,0.167333,2.321928
23,183,511,메이든 : 아이스 로즈,신데렐라,251,0.167333,2.321928
23,191,225,앨리스,홍련 : 흑영,300,0.2,2.321928
23,191,354,앨리스,마스트 : 로망틱 메이드,296,0.197333,2.321928
23,191,355,앨리스,앵커 : 이노센트 메이드,296,0.197333,2.321928
23,192,270,토브,블랑,297,0.198,2.321928
23,192,271,토브,누아르,297,0.198,2.321928
23,225,354,홍련 : 흑영,마스트 : 로망틱 메이드,296,0.197333,2.321928
23,225,355,홍련 : 흑영,앵커 : 이노센트 메이드,296,0.197333,2.321928
23,270,271,블랑,누아르,300,0.2,2.321928
23,270,314,블랑,소다 : 트윙클링 바니,280,0.186667,2.321928
23,271,314,누아르,소다 : 트윙클링 바니,280,0.186667,2.321928
23,272,511,루주,신데렐라,300,0.2,2.321928
23,330,352,크라운,헬름,299,0.199333,2.321928
23,330,834,크라운,레이 (가칭),298,0.198667,2.321928
23,330,835,크라운,아스카 : WILLE,300,0.2,2.321928
23,352,835,헬름,아스카 : WILLE,299,0.199333,2.321928
23,834,835,레이 (가칭),아스카 : WILLE,298,0.198667,2.321928
23,352,834,헬름,레이 (가칭),297,0.198,2.321896
23,015,832,아니스 : 스파클링 서머,마리,291,0.194,2.321598
23,272,832,루주,마리,295,0.196667,2.317046
23,511,832,신데렐라,마리,295,0.196667,2.317046
23,290,514,마나,그레이브,263,0.175333,2.315816
23,192,400,토브,길티,99,0.066,2.307573
23,470,514,레드 후드,그레이브,188,0.125333,2.296371
23,270,400,블랑,길티,99,0.066,2.293073
23,271,400,누아르,길티,99,0.066,2.293073
23,290,470,마나,레드 후드,166,0.110667,2.290975
23,101,314,드레이크,소다 : 트윙클링 바니,178,0.118667,2.289867
23,016,330,라피 : 레드 후드,크라운,292,0.194667,2.282934
23,016,835,라피 : 레드 후드,아스카 : WILLE,292,0.194667,2.282934
23,016,352,라피 : 레드 후드,헬름,291,0.194,2.282802
23,194,514,루드밀라 : 윈터 오너,그레이브,194,0.129333,2.282802
23,016,834,라피 : 레드 후드,레이 (가칭),290,0.193333,2.282669
23,194,290,루드밀라 : 윈터 오너,마나,171,0.114,2.274895
23,354,431,마스트 : 로망틱 메이드,볼륨,159,0.106,2.227912
23,355,431,앵커 : 이노센트 메이드,볼륨,159,0.106,2.227912
23,191,431,앨리스,볼륨,160,0.106667,2.217591
23,225,431,홍련 : 흑영,볼륨,160,0.106667,2.217591
23,260,290,모더니아,마나,31,0.020667,2.207167
23,314,400,소다 : 트윙클링 바니,길티,82,0.054667,2.120804
23,260,514,모더니아,그레이브,31,0.020667,2.033014
23,284,290,사쿠라 : 블룸 인 서머,마나,156,0.104,1.991885
23,194,470,루드밀라 : 윈터 오너,레드 후드,99,0.066,1.951285
23,284,514,사쿠라 : 블룸 인 서머,그레이브,171,0.114,1.950182
23,043,514,D : 킬러 와이프,그레이브,97,0.064667,1.893235
23,043,290,D : 킬러 와이프,마나,85,0.056667,1.876866
23,082,194,리타,루드밀라 : 윈터 오너,139,0.092667,1.797013
23,082,290,리타,마나,175,0.116667,1.723291
23,082,260,리타,모더니아,25,0.016667,1.717857
23,082,514,리타,그레이브,191,0.127333,1.675355
23,194,284,루드밀라 : 윈터 오너,사쿠라 : 블룸 인 서머,92,0.061333,1.636037
23,043,194,D : 킬러 와이프,루드밀라 : 윈터 오너,53,0.035333,1.601388
23,082,284,리타,사쿠라 : 블룸 인 서머,125,0.083333,1.493297
23,284,470,사쿠라 : 블룸 인 서머,레드 후드,75,0.05,1.400187
23,043,284,D : 킬러 와이프,사쿠라 : 블룸 인 서머,46,0.030667,1.24647
23,082,470,리타,레드 후드,88,0.058667,1.196397
23,082,191,리타,앨리스,102,0.068,0.765535
23,082,225,리타,홍련 : 흑영,102,0.068,0.765535
23,082,354,리타,마스트 : 로망틱 메이드,99,0.066,0.741831
23,082,355,리타,앵커 : 이노센트 메이드,99,0.066,0.741831
23,043,354,D : 킬러 와이프,마스트 : 로망틱 메이드,30,0.02,0.214761
23,043,355,D : 킬러 와이프,앵커 : 이노센트 메이드,30,0.02,0.214761
23,043,191,D : 킬러 와이프,앨리스,30,0.02,0.195396
23,043,225,D : 킬러 와이프,홍련 : 흑영,30,0.02,0.195396
23,272,284,루주,사쿠라 : 블룸 인 서머,47,0.031333,0.082101
23,284,511,사쿠라 : 블룸 인 서머,신데렐라,47,0.031333,0.082101
23,284,832,사쿠라 : 블룸 인 서머,마리,46,0.030667,0.07044
23,015,284,아니스 : 스파클링 서머,사쿠라 : 블룸 인 서머,42,0.028,-0.055923
24,450,451,나가,티아,25,0.016667,5.228819
24,834,835,레이 (가칭),아스카 : WILLE,27,0.018,3.92139
24,182,233,길로틴 : 윈터 슬레이어,도로시,48,0.032,2.902689
24,270,271,블랑,누아르,248,0.165333,2.556393
24,192,314,토브,소다 : 트윙클링 바니,258,0.172,2.495464
24,101,192,드레이크,토브,249,0.166,2.489682
24,101,314,드레이크,소다 : 트윙클링 바니,241,0.160667,2.486625
24,195,834,앨리스 : 원더랜드 바니,레이 (가칭),20,0.013333,2.389867
24,225,290,홍련 : 흑영,마나,88,0.058667,2.384698
24,191,195,앨리스,앨리스 : 원더랜드 바니,153,0.102,2.379774
24,192,271,토브,누아르,228,0.152,2.374158
24,271,314,누아르,소다 : 트윙클링 바니,220,0.146667,2.366683
24,101,271,드레이크,누아르,212,0.141333,2.358687
24,015,832,아니스 : 스파클링 서머,마리,275,0.183333,2.344469
24,290,514,마나,그레이브,89,0.059333,2.336428
24,192,270,토브,블랑,228,0.152,2.334001
24,354,355,마스트 : 로망틱 메이드,앵커 : 이노센트 메이드,298,0.198667,2.331578
24,270,314,블랑,소다 : 트윙클링 바니,220,0.146667,2.326526
24,015,183,아니스 : 스파클링 서머,메이든 : 아이스 로즈,186,0.124,2.325086
24,015,272,아니스 : 스파클링 서머,루주,287,0.191333,2.321928
24,015,511,아니스 : 스파클링 서머,신데렐라,287,0.191333,2.321928
24,183,272,메이든 : 아이스 로즈,루주,194,0.129333,2.321928
24,183,511,메이든 : 아이스 로즈,신데렐라,194,0.129333,2.321928
24,272,511,루주,신데렐라,300,0.2,2.321928
24,330,352,크라운,헬름,300,0.2,2.321928
24,101,270,드레이크,블랑,212,0.141333,2.31853
24,272,832,루주,마리,282,0.188,2.316821
24,511,832,신데렐라,마리,282,0.188,2.316821
24,354,431,마스트 : 로망틱 메이드,볼륨,180,0.12,2.307732
24,355,431,앵커 : 이노센트 메이드,볼륨,180,0.12,2.307732
24,183,832,메이든 : 아이스 로즈,마리,181,0.120667,2.306022
24,354,520,마스트 : 로망틱 메이드,브래디,256,0.170667,2.298155
24,355,520,앵커 : 이노센트 메이드,브래디,256,0.170667,2.298155
24,016,470,라피 : 레드 후드,레드 후드,171,0.114,2.288569
24,431,520,볼륨,브래디,156,0.104,2.287026
24,194,330,루드밀라 : 윈터 오너,크라운,292,0.194667,2.282934
24,194,352,루드밀라 : 윈터 오너,헬름,292,0.194667,2.282934
24,194,470,루드밀라 : 윈터 오너,레드 후드,169,0.112667,2.271596
24,330,470,크라운,레드 후드,169,0.112667,2.271596
24,352,470,헬름,레드 후드,169,0.112667,2.271596
24,290,403,마나,퀀시 : 이스케이프 퀸,81,0.054,2.244938
24,195,514,앨리스 : 원더랜드 바니,그레이브,198,0.132,2.237864
24,191,225,앨리스,홍련 : 흑영,179,0.119333,2.184376
24,170,832,프리바티,마리,33,0.022,2.16508
24,225,514,홍련 : 흑영,그레이브,249,0.166,2.146682
24,015,170,아니스 : 스파클링 서머,프리바티,33,0.022,2.144832
24,182,520,길로틴 : 윈터 슬레이어,브래디,87,0.058,2.102286
24,082,290,리타,마나,76,0.050667,2.094122
24,170,272,프리바티,루주,33,0.022,2.08092
24,170,511,프리바티,신데렐라,33,0.022,2.08092
24,016,330,라피 : 레드 후드,크라운,251,0.167333,2.064653
24,016,352,라피 : 레드 후드,헬름,251,0.167333,2.064653
24,016,194,라피 : 레드 후드,루드밀라 : 윈터 오너,250,0.166667,2.058894
24,233,520,도로시,브래디,59,0.039333,2.024927
24,195,225,앨리스 : 원더랜드 바니,홍련 : 흑영,160,0.106667,1.995007
24,082,514,리타,그레이브,236,0.157333,1.990252
24,514,834,그레이브,레이 (가칭),21,0.014,1.973858
24,233,354,도로시,마스트 : 로망틱 메이드,62,0.041333,1.910735
24,233,355,도로시,앵커 : 이노센트 메이드,62,0.041333,1.910735
24,112,330,바이퍼,크라운,123,0.082,1.906891
24,112,352,바이퍼,헬름,123,0.082,1.906891
24,191,514,앨리스,그레이브,154,0.102667,1.902774
24,182,354,길로틴 : 윈터 슬레이어,마스트 : 로망틱 메이드,86,0.057333,1.899862
24,182,355,길로틴 : 윈터 슬레이어,앵커 : 이노센트 메이드,86,0.057333,1.899862
24,082,195,리타,앨리스 : 원더랜드 바니,158,0.105333,1.897788
24,043,191,D : 킬러 와이프,앨리스,34,0.022667,1.850307
24,101,450,드레이크,나가,24,0.016,1.847997
24,112,194,바이퍼,루드밀라 : 윈터 오너,118,0.078667,1.847019
24,082,225,리타,홍련 : 흑영,204,0.136,1.844606
24,314,450,소다 : 트윙클링 바니,나가,24,0.016,1.802554
24,192,450,토브,나가,24,0.016,1.758499
24,043,354,D : 킬러 와이프,마스트 : 로망틱 메이드,44,0.029333,1.703547
24,043,355,D : 킬러 와이프,앵커 : 이노센트 메이드,44,0.029333,1.703547
24,082,191,리타,앨리스,129,0.086,1.632716
24,403,431,퀀시 : 이스케이프 퀸,볼륨,107,0.071333,1.606589
24,195,835,앨리스 : 원더랜드 바니,아스카 : WILLE,41,0.027333,1.551022
24,182,431,길로틴 : 윈터 슬레이어,볼륨,41,0.027333,1.534618
24,043,520,D : 킬러 와이프,브래디,34,0.022667,1.517324
24,354,403,마스트 : 로망틱 메이드,퀀시 : 이스케이프 퀸,142,0.094667,1.3114
24,355,403,앵커 : 이노센트 메이드,퀀시 : 이스케이프 퀸,142,0.094667,1.3114
24,403,520,퀀시 : 이스케이프 퀸,브래디,123,0.082,1.289913
24,580,832,팬텀,마리,20,0.013333,1.268585
24,016,112,라피 : 레드 후드,바이퍼,79,0.052667,1.268157
24,272,580,루주,팬텀,20,0.013333,1.184425
24,511,580,신데렐라,팬텀,20,0.013333,1.184425
24,514,835,그레이브,아스카 : WILLE,44,0.029333,1.166503
24,043,225,D : 킬러 와이프,홍련 : 흑영,25,0.016667,0.957393
24,082,835,리타,아스카 : WILLE,36,0.024,0.862496
24,403,514,퀀시 : 이스케이프 퀸,그레이브,98,0.065333,0.781213
24,403,835,퀀시 : 이스케이프 퀸,아스카 : WILLE,32,0.021333,0.751465
24,082,403,리타,퀀시 : 이스케이프 퀸,96,0.064,0.736966
24,225,403,홍련 : 흑영,퀀시 : 이스케이프 퀸,80,0.053333,0.553003
24,082,112,리타,바이퍼,45,0.03,0.456229
24,191,354,앨리스,마스트 : 로망틱 메이드,50,0.033333,0.274995
24,191,355,앨리스,앵커 : 이노센트 메이드,50,0.033333,0.274995
24,354,835,마스트 : 로망틱 메이드,아스카 : WILLE,22,0.014667,0.161653
24,355,835,앵커 : 이노센트 메이드,아스카 : WILLE,22,0.014667,0.161653
24,191,431,앨리스,볼륨,25,0.016667,-0.021537
24,112,192,바이퍼,토브,28,0.018667,-0.054733
24,101,112,드레이크,바이퍼,23,0.015333,-0.249028
24,082,330,리타,크라운,49,0.032667,-0.292181
24,082,352,리타,헬름,49,0.032667,-0.292181
24,082,194,리타,루드밀라 : 윈터 오너,47,0.031333,-0.352302
24,191,520,앨리스,브래디,28,0.018667,-0.375761
24,112,314,바이퍼,소다 : 트윙클링 바니,20,0.013333,-0.496104
24,272,403,루주,퀀시 : 이스케이프 퀸,36,0.024,-0.678072
24,403,511,퀀시 : 이스케이프 퀸,신데렐라,36,0.024,-0.678072
24,016,514,라피 : 레드 후드,그레이브,37,0.024667,-0.682938
24,016,195,라피 : 레드 후드,앨리스 : 원더랜드 바니,26,0.017333,-0.705553
24,403,832,퀀시 : 이스케이프 퀸,마리,32,0.021333,-0.763836
24,016,225,라피 : 레드 후드,홍련 : 흑영,33,0.022,-0.783425
24,015,403,아니스 : 스파클링 서머,퀀시 : 이스케이프 퀸,30,0.02,-0.877195
24,225,354,홍련 : 흑영,마스트 : 로망틱 메이드,27,0.018,-1.063281
24,225,355,홍련 : 흑영,앵커 : 이노센트 메이드,27,0.018,-1.063281
25,032,283,미란다,로산나 : 시크 오션,48,0.032215,3.518729
25,225,355,홍련 : 흑영,앵커 : 이노센트 메이드,167,0.112081,2.42371
25,015,183,아니스 : 스파클링 서머,메이든 : 아이스 로즈,183,0.122819,2.363309
25,830,831,아스카,레이,115,0.077181,2.361404
25,354,355,마스트 : 로망틱 메이드,앵커 : 이노센트 메이드,248,0.166443,2.326777
25,191,225,앨리스,홍련 : 흑영,187,0.125503,2.326777
25,260,830,모더니아,아스카,116,0.077852,2.324142
25,015,272,아니스 : 스파클링 서머,루주,288,0.193289,2.321928
25,015,511,아니스 : 스파클링 서머,신데렐라,288,0.193289,2.321928
25,015,832,아니스 : 스파클링 서머,마리,288,0.193289,2.321928
25,032,162,미란다,미하라 : 본딩 체인,130,0.087248,2.321928
25,101,192,드레이크,토브,298,0.2,2.321928
25,101,270,드레이크,블랑,298,0.2,2.321928
25,101,271,드레이크,누아르,298,0.2,2.321928
25,101,314,드레이크,소다 : 트윙클링 바니,297,0.199329,2.321928
25,162,283,미하라 : 본딩 체인,로산나 : 시크 오션,48,0.032215,2.321928
25,183,272,메이든 : 아이스 로즈,루주,184,0.12349,2.321928
25,183,511,메이든 : 아이스 로즈,신데렐라,184,0.12349,2.321928
25,183,832,메이든 : 아이스 로즈,마리,184,0.12349,2.321928
25,192,270,토브,블랑,298,0.2,2.321928
25,192,271,토브,누아르,298,0.2,2.321928
25,192,314,토브,소다 : 트윙클링 바니,297,0.199329,2.321928
25,270,271,블랑,누아르,298,0.2,2.321928
25,270,314,블랑,소다 : 트윙클링 바니,297,0.199329,2.321928
25,271,314,누아르,소다 : 트윙클링 바니,297,0.199329,2.321928
25,272,511,루주,신데렐라,298,0.2,2.321928
25,272,810,루주,2B,113,0.075839,2.321928
25,272,832,루주,마리,298,0.2,2.321928
25,511,810,신데렐라,2B,113,0.075839,2.321928
25,511,832,신데렐라,마리,298,0.2,2.321928
25,810,832,2B,마리,113,0.075839,2.321928
25,082,830,리타,아스카,116,0.077852,2.309544
25,514,830,그레이브,아스카,116,0.077852,2.309544
25,082,260,리타,모더니아,289,0.19396,2.292283
25,043,283,D : 킬러 와이프,로산나 : 시크 오션,46,0.030872,2.289872
25,032,043,미란다,D : 킬러 와이프,124,0.083221,2.283101
25,016,513,라피 : 레드 후드,리틀 머메이드,290,0.194631,2.282669
25,082,514,리타,그레이브,285,0.191275,2.257578
25,260,514,모더니아,그레이브,282,0.189262,2.256908
25,015,810,아니스 : 스파클링 서머,2B,103,0.069128,2.237493
25,514,831,그레이브,레이,260,0.174497,2.189478
25,162,352,미하라 : 본딩 체인,헬름,270,0.181208,2.179575
25,260,831,모더니아,레이,255,0.171141,2.176061
25,032,352,미란다,헬름,117,0.078523,2.169925
25,225,354,홍련 : 흑영,마스트 : 로망틱 메이드,167,0.112081,2.163587
25,082,831,리타,레이,255,0.171141,2.161463
25,043,225,D : 킬러 와이프,홍련 : 흑영,162,0.108725,2.144228
25,330,352,크라운,헬름,255,0.171141,2.097113
25,283,352,로산나 : 시크 오션,헬름,41,0.027517,2.094518
25,514,835,그레이브,아스카 : WILLE,37,0.024832,2.07195
25,260,835,모더니아,아스카 : WILLE,36,0.024161,2.047019
25,082,835,리타,아스카 : WILLE,36,0.024161,2.032421
25,016,194,라피 : 레드 후드,루드밀라 : 윈터 오너,96,0.06443,1.964376
25,194,513,루드밀라 : 윈터 오너,리틀 머메이드,96,0.06443,1.964376
25,162,330,미하라 : 본딩 체인,크라운,229,0.153691,1.941963
25,016,330,라피 : 레드 후드,크라운,223,0.149664,1.903659
25,330,513,크라운,리틀 머메이드,217,0.145638,1.864311
25,194,354,루드밀라 : 윈터 오너,마스트 : 로망틱 메이드,88,0.05906,1.843695
25,191,355,앨리스,앵커 : 이노센트 메이드,169,0.113423,1.773461
25,043,355,D : 킬러 와이프,앵커 : 이노센트 메이드,159,0.106711,1.709959
25,831,835,레이,아스카 : WILLE,27,0.018121,1.681734
25,016,352,라피 : 레드 후드,헬름,180,0.120805,1.594613
25,352,513,헬름,리틀 머메이드,174,0.116779,1.545703
25,191,354,앨리스,마스트 : 로망틱 메이드,172,0.115436,1.538723
25,032,330,미란다,크라운,75,0.050336,1.528379
25,043,191,D : 킬러 와이프,앨리스,166,0.111409,1.511992
25,043,354,D : 킬러 와이프,마스트 : 로망틱 메이드,159,0.106711,1.449836
25,162,513,미하라 : 본딩 체인,리틀 머메이드,162,0.108725,1.44261
25,194,355,루드밀라 : 윈터 오너,앵커 : 이노센트 메이드,55,0.036913,1.425746
25,016,162,라피 : 레드 후드,미하라 : 본딩 체인,154,0.103356,1.369546
25,354,513,마스트 : 로망틱 메이드,리틀 머메이드,130,0.087248,1.129977
25,043,162,D : 킬러 와이프,미하라 : 본딩 체인,124,0.083221,1.0863
25,191,514,앨리스,그레이브,125,0.083893,1.073393
25,082,191,리타,앨리스,124,0.083221,1.061805
25,016,354,라피 : 레드 후드,마스트 : 로망틱 메이드,123,0.08255,1.050123
25,191,260,앨리스,모더니아,116,0.077852,0.980187
25,043,352,D : 킬러 와이프,헬름,113,0.075839,0.952282
25,191,831,앨리스,레이,97,0.065101,0.771872
25,194,330,루드밀라 : 윈터 오너,크라운,41,0.027517,0.736966
25,355,513,앵커 : 이노센트 메이드,리틀 머메이드,81,0.054362,0.707582
25,016,355,라피 : 레드 후드,앵커 : 이노센트 메이드,74,0.049664,0.577185
25,043,330,D : 킬러 와이프,크라운,72,0.048322,0.302029
25,330,354,크라운,마스트 : 로망틱 메이드,49,0.032886,-0.277681
25,082,225,리타,홍련 : 흑영,23,0.015436,-0.701404
25,225,514,홍련 : 흑영,그레이브,20,0.013423,-0.903038
25,355,831,앵커 : 이노센트 메이드,레이,21,0.014094,-1.1756
25,513,831,리틀 머메이드,레이,25,0.016779,-1.189034
25,354,831,마스트 : 로망틱 메이드,레이,24,0.016107,-1.243078
25,162,831,미하라 : 본딩 체인,레이,20,0.013423,-1.510962
26,015,183,아니스 : 스파클링 서머,메이든 : 아이스 로즈,35,0.023333,3.906891
26,270,271,블랑,누아르,154,0.102667,3.274622
26,162,283,미하라 : 본딩 체인,로산나 : 시크 오션,152,0.101333,2.885879
26,450,451,나가,티아,280,0.186667,2.395929
26,032,220,미란다,스노우 화이트,274,0.182667,2.360922
26,015,511,아니스 : 스파클링 서머,신데렐라,100,0.066667,2.341293
26,183,511,메이든 : 아이스 로즈,신데렐라,35,0.023333,2.341293
26,015,272,아니스 : 스파클링 서머,루주,100,0.066667,2.336428
26,183,272,메이든 : 아이스 로즈,루주,35,0.023333,2.336428
26,032,353,미란다,헬름 : 아쿠아마린,292,0.194667,2.331578
26,220,353,스노우 화이트,헬름 : 아쿠아마린,274,0.182667,2.331578
26,015,832,아니스 : 스파클링 서머,마리,100,0.066667,2.331578
26,183,832,메이든 : 아이스 로즈,마리,35,0.023333,2.331578
26,272,511,루주,신데렐라,295,0.196667,2.331545
26,101,192,드레이크,토브,298,0.198667,2.326745
26,101,314,드레이크,소다 : 트윙클링 바니,298,0.198667,2.326745
26,192,314,토브,소다 : 트윙클링 바니,299,0.199333,2.326745
26,283,851,로산나 : 시크 오션,레이븐,159,0.106,2.326745
26,016,330,라피 : 레드 후드,크라운,300,0.2,2.321928
26,016,513,라피 : 레드 후드,리틀 머메이드,299,0.199333,2.317111
26,330,513,크라운,리틀 머메이드,299,0.199333,2.317111
26,220,514,스노우 화이트,그레이브,273,0.182,2.316653
26,354,850,마스트 : 로망틱 메이드,이브,294,0.196,2.312147
26,513,850,리틀 머메이드,이브,294,0.196,2.312147
26,016,850,라피 : 레드 후드,이브,293,0.195333,2.307232
26,330,850,크라운,이브,293,0.195333,2.307232
26,272,832,루주,마리,292,0.194667,2.307084
26,354,513,마스트 : 로망틱 메이드,리틀 머메이드,296,0.197333,2.302563
26,511,832,신데렐라,마리,290,0.193333,2.302034
26,016,354,라피 : 레드 후드,마스트 : 로망틱 메이드,295,0.196667,2.297681
26,330,354,크라운,마스트 : 로망틱 메이드,295,0.196667,2.297681
26,194,272,루드밀라 : 윈터 오너,루주,167,0.111333,2.293867
26,032,514,미란다,그레이브,286,0.190667,2.291975
26,194,511,루드밀라 : 윈터 오너,신데렐라,166,0.110667,2.290068
26,194,832,루드밀라 : 윈터 오너,마리,167,0.111333,2.289018
26,194,470,루드밀라 : 윈터 오너,레드 후드,168,0.112,2.287981
26,353,514,헬름 : 아쿠아마린,그레이브,291,0.194,2.287635
26,082,851,리타,레이븐,289,0.192667,2.272852
26,082,283,리타,로산나 : 시크 오션,153,0.102,2.266433
26,220,352,스노우 화이트,헬름,237,0.158,2.112639
26,470,832,레드 후드,마리,257,0.171333,2.108384
26,082,162,리타,미하라 : 본딩 체인,167,0.111333,2.10572
26,272,470,루주,레드 후드,254,0.169333,2.096294
26,470,511,레드 후드,신데렐라,253,0.168667,2.095468
26,162,851,미하라 : 본딩 체인,레이븐,163,0.108667,2.07556
26,032,352,미란다,헬름,245,0.163333,2.068741
26,082,102,리타,맥스웰,208,0.138667,2.062366
26,352,353,헬름,헬름 : 아쿠아마린,248,0.165333,2.056956
26,102,851,맥스웰,레이븐,204,0.136,2.039169
26,192,451,토브,티아,225,0.15,2.011243
26,314,451,소다 : 트윙클링 바니,티아,225,0.15,2.011243
26,101,451,드레이크,티아,224,0.149333,2.00965
26,352,514,헬름,그레이브,241,0.160667,2.005999
26,192,450,토브,나가,225,0.15,1.985708
26,314,450,소다 : 트윙클링 바니,나가,225,0.15,1.985708
26,101,450,드레이크,나가,224,0.149333,1.984115
26,102,283,맥스웰,로산나 : 시크 오션,93,0.062,1.817021
26,015,470,아니스 : 스파클링 서머,레드 후드,60,0.04,1.584963
26,102,162,맥스웰,미하라 : 본딩 체인,93,0.062,1.529991
26,102,270,맥스웰,블랑,70,0.046667,1.443903
26,102,271,맥스웰,누아르,69,0.046,1.432483
26,082,271,리타,누아르,80,0.053333,1.37707
26,270,851,블랑,레이븐,80,0.053333,1.372549
26,082,270,리타,블랑,80,0.053333,1.367732
26,271,851,누아르,레이븐,79,0.052667,1.363739
26,101,271,드레이크,누아르,74,0.049333,1.274245
26,192,271,토브,누아르,74,0.049333,1.269412
26,271,314,누아르,소다 : 트윙클링 바니,74,0.049333,1.269412
26,101,270,드레이크,블랑,74,0.049333,1.264907
26,192,270,토브,블랑,74,0.049333,1.260074
26,270,314,블랑,소다 : 트윙클링 바니,74,0.049333,1.260074
26,283,352,로산나 : 시크 오션,헬름,54,0.036,0.763933
26,162,352,미하라 : 본딩 체인,헬름,51,0.034,0.394441
26,082,451,리타,티아,53,0.035333,-0.079434
26,352,851,헬름,레이븐,56,0.037333,-0.094719
26,451,851,티아,레이븐,52,0.034667,-0.102098
26,102,450,맥스웰,나가,44,0.029333,-0.104642
26,082,450,리타,나가,53,0.035333,-0.10497
26,450,851,나가,레이븐,52,0.034667,-0.127633
26,102,451,맥스웰,티아,42,0.028,-0.146221
26,082,352,리타,헬름,51,0.034,-0.234465
26,162,470,미하라 : 본딩 체인,레드 후드,32,0.021333,-0.277985
26,102,514,맥스웰,그레이브,41,0.027333,-0.280522
26,102,353,맥스웰,헬름 : 아쿠아마린,36,0.024,-0.458499
26,102,220,맥스웰,스노우 화이트,33,0.022,-0.462893
26,032,102,미란다,맥스웰,35,0.023333,-0.469797
26,162,832,미하라 : 본딩 체인,마리,25,0.016667,-0.624478
26,162,272,미하라 : 본딩 체인,루주,24,0.016,-0.678523
26,162,511,미하라 : 본딩 체인,신데렐라,23,0.015333,-0.735057
26,470,514,레드 후드,그레이브,30,0.02,-1.0
26,353,470,헬름 : 아쿠아마린,레드 후드,21,0.014,-1.504923
26,082,470,리타,레드 후드,20,0.013333,-1.584963
27,450,451,나가,티아,34,0.022667,5.341293
27,032,220,미란다,스노우 화이트,49,0.032667,4.936037
27,032,170,미란다,프리바티,49,0.032667,3.608232
27,170,220,프리바티,스노우 화이트,49,0.032667,3.608232
27,191,225,앨리스,홍련 : 흑영,56,0.037333,3.568364
27,015,183,아니스 : 스파클링 서머,메이든 : 아이스 로즈,63,0.042,2.884171
27,015,832,아니스 : 스파클링 서머,마리,193,0.128667,2.533563
27,183,832,메이든 : 아이스 로즈,마리,61,0.040667,2.5157
27,015,511,아니스 : 스파클링 서머,신데렐라,200,0.133333,2.479284
27,183,511,메이든 : 아이스 로즈,신데렐라,64,0.042667,2.479284
27,511,832,신데렐라,마리,241,0.160667,2.426389
27,283,851,로산나 : 시크 오션,레이븐,50,0.033333,2.353825
27,043,382,D : 킬러 와이프,레오나,189,0.126,2.353101
27,101,382,드레이크,레오나,192,0.128,2.341293
27,043,101,D : 킬러 와이프,드레이크,287,0.191333,2.331275
27,015,272,아니스 : 스파클링 서머,루주,200,0.133333,2.321928
27,032,272,미란다,루주,49,0.032667,2.321928
27,101,192,드레이크,토브,296,0.197333,2.321928
27,101,234,드레이크,도로시 : 세렌디피티,296,0.197333,2.321928
27,183,272,메이든 : 아이스 로즈,루주,64,0.042667,2.321928
27,192,234,토브,도로시 : 세렌디피티,300,0.2,2.321928
27,192,382,토브,레오나,192,0.128,2.321928
27,220,272,스노우 화이트,루주,49,0.032667,2.321928
27,234,382,도로시 : 세렌디피티,레오나,192,0.128,2.321928
27,354,355,마스트 : 로망틱 메이드,앵커 : 이노센트 메이드,299,0.199333,2.321928
27,043,192,D : 킬러 와이프,토브,288,0.192,2.316927
27,043,234,D : 킬러 와이프,도로시 : 세렌디피티,288,0.192,2.316927
27,162,283,미하라 : 본딩 체인,로산나 : 시크 오션,92,0.061333,2.312965
27,194,330,루드밀라 : 윈터 오너,크라운,296,0.197333,2.302563
27,330,502,크라운,일레그 : 붐 앤 쇼크,295,0.196667,2.302498
27,194,502,루드밀라 : 윈터 오너,일레그 : 붐 앤 쇼크,292,0.194667,2.287751
27,352,502,헬름,일레그 : 붐 앤 쇼크,287,0.191333,2.262833
27,330,352,크라운,헬름,287,0.191333,2.258016
27,194,352,루드밀라 : 윈터 오너,헬름,283,0.188667,2.237768
27,170,272,프리바티,루주,116,0.077333,2.237395
27,272,511,루주,신데렐라,251,0.167333,2.222009
27,283,520,로산나 : 시크 오션,브래디,107,0.071333,2.214397
27,272,832,루주,마리,231,0.154,2.207893
27,032,514,미란다,그레이브,43,0.028667,2.20243
27,220,514,스노우 화이트,그레이브,43,0.028667,2.20243
27,195,514,앨리스 : 원더랜드 바니,그레이브,40,0.026667,2.189242
27,162,851,미하라 : 본딩 체인,레이븐,72,0.048,2.185396
27,225,355,홍련 : 흑영,앵커 : 이노센트 메이드,59,0.039333,2.019564
27,016,225,라피 : 레드 후드,홍련 : 흑영,59,0.039333,2.014747
27,225,354,홍련 : 흑영,마스트 : 로망틱 메이드,59,0.039333,2.014747
27,403,451,퀀시 : 이스케이프 퀸,티아,27,0.018,1.99417
27,016,191,라피 : 레드 후드,앨리스,77,0.051333,1.988802
27,112,283,바이퍼,로산나 : 시크 오션,52,0.034667,1.886847
27,403,450,퀀시 : 이스케이프 퀸,나가,27,0.018,1.872179
27,015,170,아니스 : 스파클링 서머,프리바티,60,0.04,1.871267
27,016,283,라피 : 레드 후드,로산나 : 시크 오션,94,0.062667,1.843094
27,191,355,앨리스,앵커 : 이노센트 메이드,66,0.044,1.771226
27,355,403,앵커 : 이노센트 메이드,퀀시 : 이스케이프 퀸,203,0.135333,1.768079
27,191,354,앨리스,마스트 : 로망틱 메이드,66,0.044,1.766409
27,082,352,리타,헬름,203,0.135333,1.763262
27,354,403,마스트 : 로망틱 메이드,퀀시 : 이스케이프 퀸,203,0.135333,1.763262
27,082,502,리타,일레그 : 붐 앤 쇼크,192,0.128,1.687706
27,112,832,바이퍼,마리,86,0.057333,1.68031
27,112,511,바이퍼,신데렐라,92,0.061333,1.67193
27,082,330,리타,크라운,190,0.126667,1.667782
27,170,832,프리바티,마리,65,0.043333,1.664816
27,082,194,리타,루드밀라 : 윈터 오너,187,0.124667,1.644821
27,082,451,리타,티아,21,0.014,1.6316
27,016,195,라피 : 레드 후드,앨리스 : 원더랜드 바니,28,0.018667,1.605721
27,170,511,프리바티,신데렐라,67,0.044667,1.602859
27,016,520,라피 : 레드 후드,브래디,157,0.104667,1.572155
27,355,520,앵커 : 이노센트 메이드,브래디,156,0.104,1.567753
27,354,520,마스트 : 로망틱 메이드,브래디,156,0.104,1.562936
27,403,513,퀀시 : 이스케이프 퀸,리틀 머메이드,172,0.114667,1.524191
27,354,513,마스트 : 로망틱 메이드,리틀 머메이드,171,0.114,1.510962
27,082,450,리타,나가,21,0.014,1.509609
27,355,513,앵커 : 이노센트 메이드,리틀 머메이드,170,0.113333,1.507317
27,112,272,바이퍼,루주,90,0.06,1.482864
27,015,112,아니스 : 스파클링 서머,바이퍼,58,0.038667,1.433955
27,182,283,길로틴 : 윈터 슬레이어,로산나 : 시크 오션,41,0.027333,1.431932
27,016,162,라피 : 레드 후드,미하라 : 본딩 체인,106,0.070667,1.321928
27,016,182,라피 : 레드 후드,길로틴 : 윈터 슬레이어,87,0.058,1.321928
27,182,580,길로틴 : 윈터 슬레이어,팬텀,26,0.017333,1.31639
27,170,514,프리바티,그레이브,57,0.038,1.281251
27,112,851,바이퍼,레이븐,27,0.018,1.167362
27,403,520,퀀시 : 이스케이프 퀸,브래디,108,0.072,1.037238
27,162,182,미하라 : 본딩 체인,길로틴 : 윈터 슬레이어,50,0.033333,1.023739
27,162,520,미하라 : 본딩 체인,브래디,74,0.049333,0.987886
27,016,355,라피 : 레드 후드,앵커 : 이노센트 메이드,118,0.078667,0.980569
27,016,354,라피 : 레드 후드,마스트 : 로망틱 메이드,118,0.078667,0.975752
27,355,580,앵커 : 이노센트 메이드,팬텀,35,0.023333,0.964175
27,403,580,퀀시 : 이스케이프 퀸,팬텀,35,0.023333,0.964175
27,354,580,마스트 : 로망틱 메이드,팬텀,35,0.023333,0.959358
27,514,580,그레이브,팬텀,33,0.022,0.943416
27,016,851,라피 : 레드 후드,레이븐,43,0.028667,0.940838
27,016,112,라피 : 레드 후드,바이퍼,60,0.04,0.897902
27,101,514,드레이크,그레이브,104,0.069333,0.881862
27,192,514,토브,그레이브,104,0.069333,0.862496
27,234,514,도로시 : 세렌디피티,그레이브,104,0.069333,0.862496
27,330,513,크라운,리틀 머메이드,109,0.072667,0.861294
27,194,513,루드밀라 : 윈터 오너,리틀 머메이드,108,0.072,0.847997
27,082,851,리타,레이븐,40,0.026667,0.841318
27,182,355,길로틴 : 윈터 슬레이어,앵커 : 이노센트 메이드,62,0.041333,0.837998
27,182,354,길로틴 : 윈터 슬레이어,마스트 : 로망틱 메이드,62,0.041333,0.833181
27,514,851,그레이브,레이븐,38,0.025333,0.831448
27,043,514,D : 킬러 와이프,그레이브,98,0.065333,0.83066
27,513,580,리틀 머메이드,팬텀,32,0.021333,0.830075
27,502,513,일레그 : 붐 앤 쇼크,리틀 머메이드,106,0.070667,0.825847
27,112,520,바이퍼,브래디,49,0.032667,0.790146
27,513,520,리틀 머메이드,브래디,89,0.059333,0.753267
27,182,403,길로틴 : 윈터 슬레이어,퀀시 : 이스케이프 퀸,58,0.038667,0.741783
27,182,520,길로틴 : 윈터 슬레이어,브래디,51,0.034,0.735835
27,112,182,바이퍼,길로틴 : 윈터 슬레이어,31,0.020667,0.731083
27,162,403,미하라 : 본딩 체인,퀀시 : 이스케이프 퀸,69,0.046,0.707349
27,112,162,바이퍼,미하라 : 본딩 체인,37,0.024667,0.701363
27,191,514,앨리스,그레이브,30,0.02,0.697853
27,352,513,헬름,리틀 머메이드,96,0.064,0.678072
27,162,514,미하라 : 본딩 체인,그레이브,64,0.042667,0.662955
27,182,513,길로틴 : 윈터 슬레이어,리틀 머메이드,55,0.036667,0.660344
27,520,851,브래디,레이븐,31,0.020667,0.653194
27,082,162,리타,미하라 : 본딩 체인,61,0.040667,0.529562
27,403,851,퀀시 : 이스케이프 퀸,레이븐,32,0.021333,0.51939
27,182,514,길로틴 : 윈터 슬레이어,그레이브,47,0.031333,0.502521
27,191,520,앨리스,브래디,23,0.015333,0.430002
27,511,580,신데렐라,팬텀,21,0.014,0.379749
27,016,580,라피 : 레드 후드,팬텀,23,0.015333,0.353637
27,272,514,루주,그레이브,65,0.043333,0.184425
27,082,403,리타,퀀시 : 이스케이프 퀸,63,0.042,0.080023
27,511,851,신데렐라,레이븐,21,0.014,0.064247
27,082,283,리타,로산나 : 시크 오션,27,0.018,0.04821
27,082,514,리타,그레이브,58,0.038667,0.024855
27,016,514,라피 : 레드 후드,그레이브,57,0.038,-0.005053
27,016,403,라피 : 레드 후드,퀀시 : 이스케이프 퀸,55,0.036667,-0.120714
27,272,851,루주,레이븐,20,0.013333,-0.163499
27,162,832,미하라 : 본딩 체인,마리,28,0.018667,-0.335603
27,162,511,미하라 : 본딩 체인,신데렐라,30,0.02,-0.341745
27,082,182,리타,길로틴 : 윈터 슬레이어,26,0.017333,-0.415759
27,403,514,퀀시 : 이스케이프 퀸,그레이브,42,0.028,-0.440809
27,112,514,바이퍼,그레이브,22,0.014667,-0.48061
27,162,513,미하라 : 본딩 체인,리틀 머메이드,26,0.017333,-0.705553
27,511,514,신데렐라,그레이브,24,0.016,-1.095624
28,225,355,홍련 : 흑영,앵커 : 이노센트 메이드,25,0.016667,4.895395
28,270,271,블랑,누아르,43,0.028667,4.360922
28,093,094,엠마 : 택티컬 업,베스티 : 택티컬 업,131,0.087333,3.420363
28,093,202,엠마 : 택티컬 업,도라,23,0.015333,3.380822
28,094,202,베스티 : 택티컬 업,도라,22,0.014667,3.369933
28,015,810,아니스 : 스파클링 서머,2B,74,0.049333,3.214753
28,093,095,엠마 : 택티컬 업,은화 : 택티컬 업,138,0.092,3.141356
28,094,095,베스티 : 택티컬 업,은화 : 택티컬 업,131,0.087333,3.119496
28,095,202,은화 : 택티컬 업,도라,23,0.015333,3.079955
28,810,832,2B,마리,89,0.059333,2.704411
28,102,283,맥스웰,로산나 : 시크 오션,38,0.025333,2.661523
28,015,832,아니스 : 스파클링 서머,마리,105,0.07,2.626896
28,314,382,소다 : 트윙클링 바니,레오나,165,0.11,2.614787
28,032,283,미란다,로산나 : 시크 오션,231,0.154,2.579203
28,032,102,미란다,맥스웰,38,0.025333,2.541729
28,830,851,아스카,레이븐,32,0.021333,2.515432
28,234,382,도로시 : 세렌디피티,레오나,178,0.118667,2.473931
28,015,272,아니스 : 스파클링 서머,루주,122,0.081333,2.336428
28,272,810,루주,2B,98,0.065333,2.336428
28,015,511,아니스 : 스파클링 서머,신데렐라,122,0.081333,2.326745
28,191,225,앨리스,홍련 : 흑영,35,0.023333,2.326745
28,192,314,토브,소다 : 트윙클링 바니,227,0.151333,2.326745
28,192,382,토브,레오나,178,0.118667,2.326745
28,354,355,마스트 : 로망틱 메이드,앵커 : 이노센트 메이드,36,0.024,2.326745
28,192,234,토브,도로시 : 세렌디피티,270,0.18,2.326745
28,101,192,드레이크,토브,299,0.199333,2.321928
28,101,234,드레이크,도로시 : 세렌디피티,270,0.18,2.321928
28,101,314,드레이크,소다 : 트윙클링 바니,227,0.151333,2.321928
28,101,382,드레이크,레오나,178,0.118667,2.321928
28,162,283,미하라 : 본딩 체인,로산나 : 시크 오션,230,0.153333,2.315669
28,511,810,신데렐라,2B,97,0.064667,2.311948
28,032,162,미란다,미하라 : 본딩 체인,249,0.166,2.310386
28,082,514,리타,그레이브,296,0.197333,2.302563
28,016,513,라피 : 레드 후드,리틀 머메이드,295,0.196667,2.297681
28,192,271,토브,누아르,42,0.028,2.292798
28,101,271,드레이크,누아르,42,0.028,2.287981
28,082,260,리타,모더니아,293,0.195333,2.287866
28,192,270,토브,블랑,71,0.047333,2.286668
28,102,162,맥스웰,미하라 : 본딩 체인,38,0.025333,2.284453
28,234,314,도로시 : 세렌디피티,소다 : 트윙클링 바니,199,0.132667,2.284007
28,101,270,드레이크,블랑,71,0.047333,2.281851
28,260,514,모더니아,그레이브,291,0.194,2.277985
28,330,513,크라운,리틀 머메이드,289,0.192667,2.268035
28,043,283,D : 킬러 와이프,로산나 : 시크 오션,220,0.146667,2.251539
28,016,330,라피 : 레드 후드,크라운,284,0.189333,2.242857
28,354,835,마스트 : 로망틱 메이드,아스카 : WILLE,50,0.033333,2.242681
28,016,835,라피 : 레드 후드,아스카 : WILLE,50,0.033333,2.237864
28,513,835,리틀 머메이드,아스카 : WILLE,50,0.033333,2.237864
28,032,043,미란다,D : 킬러 와이프,235,0.156667,2.226901
28,043,102,D : 킬러 와이프,맥스웰,36,0.024,2.206451
28,016,194,라피 : 레드 후드,루드밀라 : 윈터 오너,127,0.084667,2.202088
28,194,513,루드밀라 : 윈터 오너,리틀 머메이드,127,0.084667,2.202088
28,202,511,도라,신데렐라,22,0.014667,2.201214
28,016,354,라피 : 레드 후드,마스트 : 로망틱 메이드,274,0.182667,2.195959
28,354,513,마스트 : 로망틱 메이드,리틀 머메이드,274,0.182667,2.195959
28,832,851,마리,레이븐,46,0.030667,2.177125
28,194,330,루드밀라 : 윈터 오너,크라운,123,0.082,2.155918
28,194,354,루드밀라 : 윈터 오너,마스트 : 로망틱 메이드,122,0.081333,2.148958
28,514,831,그레이브,레이,258,0.172,2.138398
28,330,354,크라운,마스트 : 로망틱 메이드,263,0.175333,2.136845
28,082,831,리타,레이,254,0.169333,2.115856
28,260,831,모더니아,레이,254,0.169333,2.115856
28,272,511,루주,신데렐라,256,0.170667,2.112426
28,830,832,아스카,마리,69,0.046,2.106422
28,271,314,누아르,소다 : 트윙클링 바니,28,0.018667,2.105288
28,283,352,로산나 : 시크 오션,헬름,193,0.128667,2.086884
28,032,352,미란다,헬름,209,0.139333,2.081991
28,082,191,리타,앨리스,252,0.168,2.075206
28,191,514,앨리스,그레이브,250,0.166667,2.063711
28,330,835,크라운,아스카 : WILLE,44,0.029333,2.053439
28,191,260,앨리스,모더니아,246,0.164,2.040441
28,511,851,신데렐라,레이븐,59,0.039333,2.019564
28,272,832,루주,마리,166,0.110667,2.004108
28,511,832,신데렐라,마리,166,0.110667,1.994425
28,234,431,도로시 : 세렌디피티,볼륨,27,0.018,1.980891
28,272,851,루주,레이븐,57,0.038,1.979493
28,043,162,D : 킬러 와이프,미하라 : 본딩 체인,233,0.155333,1.957296
28,095,511,은화 : 택티컬 업,신데렐라,129,0.086,1.928581
28,162,352,미하라 : 본딩 체인,헬름,224,0.149333,1.924712
28,093,511,엠마 : 택티컬 업,신데렐라,103,0.068667,1.904721
28,094,511,베스티 : 택티컬 업,신데렐라,97,0.064667,1.871376
28,191,831,앨리스,레이,210,0.14,1.846234
28,225,354,홍련 : 흑영,마스트 : 로망틱 메이드,25,0.016667,1.841318
28,192,431,토브,볼륨,27,0.018,1.833705
28,101,431,드레이크,볼륨,27,0.018,1.828888
28,191,355,앨리스,앵커 : 이노센트 메이드,25,0.016667,1.800676
28,015,830,아니스 : 스파클링 서머,아스카,32,0.021333,1.774519
28,043,352,D : 킬러 와이프,헬름,196,0.130667,1.732067
28,511,830,신데렐라,아스카,76,0.050667,1.729183
28,272,830,루주,아스카,75,0.05,1.719756
28,043,225,D : 킬러 와이프,홍련 : 흑영,23,0.015333,1.716207
28,234,270,도로시 : 세렌디피티,블랑,43,0.028667,1.710371
28,043,355,D : 킬러 와이프,앵커 : 이노센트 메이드,23,0.015333,1.675565
28,095,272,은화 : 택티컬 업,루주,90,0.06,1.41889
28,270,314,블랑,소다 : 트윙클링 바니,28,0.018667,1.341729
28,093,272,엠마 : 택티컬 업,루주,64,0.042667,1.227903
28,094,272,베스티 : 택티컬 업,루주,61,0.040667,1.211883
28,270,272,블랑,루주,30,0.02,1.053494
28,082,830,리타,아스카,38,0.025333,0.724366
28,514,830,그레이브,아스카,38,0.025333,0.724366
28,260,830,모더니아,아스카,37,0.024667,0.685891
28,830,831,아스카,레이,35,0.023333,0.639783
28,043,094,D : 킬러 와이프,베스티 : 택티컬 업,41,0.027333,0.624198
28,043,093,D : 킬러 와이프,엠마 : 택티컬 업,41,0.027333,0.570956
28,330,352,크라운,헬름,72,0.048,0.287282
28,043,095,D : 킬러 와이프,은화 : 택티컬 업,41,0.027333,0.270089
28,162,330,미하라 : 본딩 체인,크라운,67,0.044667,0.159199
28,234,832,도로시 : 세렌디피티,마리,42,0.028,0.158889
28,094,831,베스티 : 택티컬 업,레이,28,0.018667,0.108062
28,352,513,헬름,리틀 머메이드,61,0.040667,0.048094
28,101,832,드레이크,마리,43,0.028667,0.040834
28,192,832,토브,마리,42,0.028,0.011703
28,093,831,엠마 : 택티컬 업,레이,27,0.018,0.002353
28,314,832,소다 : 트윙클링 바니,마리,31,0.020667,-0.028965
28,016,352,라피 : 레드 후드,헬름,56,0.037333,-0.075288
28,162,513,미하라 : 본딩 체인,리틀 머메이드,56,0.037333,-0.099536
28,016,162,라피 : 레드 후드,미하라 : 본딩 체인,51,0.034,-0.234465
28,095,831,은화 : 택티컬 업,레이,27,0.018,-0.298514
28,191,354,앨리스,마스트 : 로망틱 메이드,47,0.031333,-0.342668
28,352,354,헬름,마스트 : 로망틱 메이드,38,0.025333,-0.629899
28,234,272,도로시 : 세렌디피티,루주,30,0.02,-0.833497
28,162,354,미하라 : 본딩 체인,마스트 : 로망틱 메이드,33,0.022,-0.857679
28,043,831,D : 킬러 와이프,레이,32,0.021333,-0.872829
28,101,272,드레이크,루주,31,0.020667,-0.938195
28,192,272,토브,루주,30,0.02,-0.980683
28,082,352,리타,헬름,29,0.019333,-1.024662
28,352,514,헬름,그레이브,27,0.018,-1.127756
28,191,352,앨리스,헬름,26,0.017333,-1.177386
28,260,352,모더니아,헬름,25,0.016667,-1.238787
28,043,191,D : 킬러 와이프,앨리스,25,0.016667,-1.258217
28,043,354,D : 킬러 와이프,마스트 : 로망틱 메이드,23,0.015333,-1.378512
28,016,191,라피 : 레드 후드,앨리스,22,0.014667,-1.442642
28,191,330,앨리스,크라운,22,0.014667,-1.442642
28,191,513,앨리스,리틀 머메이드,22,0.014667,-1.442642
29,101,382,드레이크,레오나,151,0.100667,2.375821
29,272,511,루주,신데렐라,285,0.19,2.345901
29,220,353,스노우 화이트,헬름 : 아쿠아마린,295,0.196667,2.336428
29,101,450,드레이크,나가,33,0.022,2.332752
29,032,220,미란다,스노우 화이트,295,0.196667,2.331578
29,234,382,도로시 : 세렌디피티,레오나,151,0.100667,2.331578
29,032,353,미란다,헬름 : 아쿠아마린,297,0.198,2.331578
29,194,272,루드밀라 : 윈터 오너,루주,93,0.062,2.325293
29,016,330,라피 : 레드 후드,크라운,300,0.2,2.321928
29,016,513,라피 : 레드 후드,리틀 머메이드,300,0.2,2.321928
29,101,192,드레이크,토브,289,0.192667,2.321928
29,101,314,드레이크,소다 : 트윙클링 바니,289,0.192667,2.321928
29,192,234,토브,도로시 : 세렌디피티,298,0.198667,2.321928
29,192,314,토브,소다 : 트윙클링 바니,300,0.2,2.321928
29,192,382,토브,레오나,151,0.100667,2.321928
29,192,450,토브,나가,34,0.022667,2.321928
29,234,314,도로시 : 세렌디피티,소다 : 트윙클링 바니,298,0.198667,2.321928
29,314,382,소다 : 트윙클링 바니,레오나,151,0.100667,2.321928
29,314,450,소다 : 트윙클링 바니,나가,34,0.022667,2.321928
29,330,513,크라운,리틀 머메이드,300,0.2,2.321928
29,101,234,드레이크,도로시 : 세렌디피티,287,0.191333,2.32156
29,283,851,로산나 : 시크 오션,레이븐,156,0.104,2.3132
29,016,850,라피 : 레드 후드,이브,296,0.197333,2.312213
29,330,850,크라운,이브,296,0.197333,2.312213
29,513,850,리틀 머메이드,이브,296,0.197333,2.312213
29,470,511,레드 후드,신데렐라,285,0.19,2.311839
29,272,470,루주,레드 후드,288,0.192,2.297096
29,194,511,루드밀라 : 윈터 오너,신데렐라,89,0.059333,2.291718
29,082,851,리타,레이븐,290,0.193333,2.282669
29,194,470,루드밀라 : 윈터 오너,레드 후드,92,0.061333,2.275634
29,082,283,리타,로산나 : 시크 오션,153,0.102,2.275535
29,016,354,라피 : 레드 후드,마스트 : 로망틱 메이드,289,0.192667,2.268035
29,330,354,크라운,마스트 : 로망틱 메이드,289,0.192667,2.268035
29,354,513,마스트 : 로망틱 메이드,리틀 머메이드,289,0.192667,2.268035
29,102,220,맥스웰,스노우 화이트,275,0.183333,2.264588
29,354,850,마스트 : 로망틱 메이드,이브,285,0.19,2.257578
29,102,353,맥스웰,헬름 : 아쿠아마린,275,0.183333,2.25484
29,032,102,미란다,맥스웰,275,0.183333,2.249991
29,234,450,도로시 : 세렌디피티,나가,32,0.021333,2.244115
29,220,514,스노우 화이트,그레이브,279,0.186,2.241478
29,353,514,헬름 : 아쿠아마린,그레이브,280,0.186667,2.236892
29,032,514,미란다,그레이브,280,0.186667,2.232043
29,283,352,로산나 : 시크 오션,헬름,147,0.098,2.222637
29,143,851,밀크 : 블루밍 바니,레이븐,187,0.124667,2.220261
29,082,143,리타,밀크 : 블루밍 바니,188,0.125333,2.218305
29,511,832,신데렐라,마리,215,0.143333,2.197395
29,272,832,루주,마리,218,0.145333,2.187536
29,470,832,레드 후드,마리,220,0.146667,2.16665
29,102,514,맥스웰,그레이브,261,0.174,2.164959
29,082,352,리타,헬름,267,0.178,2.158622
29,352,851,헬름,레이븐,263,0.175333,2.146496
29,143,352,밀크 : 블루밍 바니,헬름,171,0.114,2.086386
29,194,832,루드밀라 : 윈터 오너,마리,57,0.038,1.877143
29,162,832,미하라 : 본딩 체인,마리,153,0.102,1.742214
29,162,511,미하라 : 본딩 체인,신데렐라,178,0.118667,1.73229
29,162,272,미하라 : 본딩 체인,루주,180,0.12,1.71856
29,143,283,밀크 : 블루밍 바니,로산나 : 시크 오션,69,0.046,1.697279
29,162,470,미하라 : 본딩 체인,레드 후드,181,0.120667,1.692491
29,162,283,미하라 : 본딩 체인,로산나 : 시크 오션,87,0.058,1.560627
29,143,315,밀크 : 블루밍 바니,에이드 : 에이전트 바니,110,0.073333,1.519077
29,082,315,리타,에이드 : 에이전트 바니,114,0.076,1.0
29,315,352,에이드 : 에이전트 바니,헬름,109,0.072667,0.940111
29,315,851,에이드 : 에이전트 바니,레이븐,108,0.072,0.931648
29,194,315,루드밀라 : 윈터 오너,에이드 : 에이전트 바니,33,0.022,0.870467
29,162,851,미하라 : 본딩 체인,레이븐,101,0.067333,0.860507
29,082,162,리타,미하라 : 본딩 체인,100,0.066667,0.836501
29,162,352,미하라 : 본딩 체인,헬름,92,0.061333,0.721024
29,101,315,드레이크,에이드 : 에이전트 바니,85,0.056667,0.630394
29,234,315,도로시 : 세렌디피티,에이드 : 에이전트 바니,86,0.057333,0.603025
29,192,315,토브,에이드 : 에이전트 바니,86,0.057333,0.593375
29,314,315,소다 : 트윙클링 바니,에이드 : 에이전트 바니,86,0.057333,0.593375
29,315,470,에이드 : 에이전트 바니,레드 후드,69,0.046,0.275634
29,272,315,루주,에이드 : 에이전트 바니,64,0.042667,0.201172
29,315,511,에이드 : 에이전트 바니,신데렐라,62,0.041333,0.185218
29,162,315,미하라 : 본딩 체인,에이드 : 에이전트 바니,34,0.022667,-0.645891
29,352,514,헬름,그레이브,25,0.016667,-1.258217
29,220,352,스노우 화이트,헬름,20,0.013333,-1.555898
29,352,353,헬름,헬름 : 아쿠아마린,20,0.013333,-1.565646
29,032,352,미란다,헬름,20,0.013333,-1.570495
30,314,382,소다 : 트윙클링 바니,레오나,25,0.016667,4.743392
30,313,382,프리바티 : 언카인드 메이드,레오나,25,0.016667,4.484658
30,313,314,프리바티 : 언카인드 메이드,소다 : 트윙클링 바니,42,0.028,4.06962
30,222,412,홍련,트리나,216,0.144,2.648707
30,202,231,도라,이사벨,244,0.162667,2.495464
30,202,581,도라,아르카나,244,0.162667,2.495464
30,231,581,이사벨,아르카나,266,0.177333,2.495464
30,032,840,미란다,에이다,236,0.157333,2.328668
30,101,192,드레이크,토브,300,0.2,2.321928
30,101,202,드레이크,도라,244,0.162667,2.321928
30,101,314,드레이크,소다 : 트윙클링 바니,56,0.037333,2.321928
30,101,382,드레이크,레오나,25,0.016667,2.321928
30,192,202,토브,도라,244,0.162667,2.321928
30,192,314,토브,소다 : 트윙클링 바니,56,0.037333,2.321928
30,192,382,토브,레오나,25,0.016667,2.321928
30,832,851,마리,레이븐,38,0.025333,2.316875
30,101,231,드레이크,이사벨,244,0.162667,2.197383
30,101,581,드레이크,아르카나,244,0.162667,2.197383
30,192,231,토브,이사벨,244,0.162667,2.197383
30,192,581,토브,아르카나,244,0.162667,2.197383
30,330,354,크라운,마스트 : 로망틱 메이드,275,0.183333,2.196397
30,032,514,미란다,그레이브,110,0.073333,2.168889
30,082,851,리타,레이븐,44,0.029333,2.16508
30,043,210,D : 킬러 와이프,엑시아,98,0.065333,2.119697
30,183,272,메이든 : 아이스 로즈,루주,256,0.170667,2.093109
30,015,210,아니스 : 스파클링 서머,엑시아,122,0.081333,2.014261
30,272,511,루주,신데렐라,241,0.160667,2.005999
30,514,840,그레이브,에이다,117,0.078,2.002798
30,210,841,엑시아,질,20,0.013333,1.990414
30,162,514,미하라 : 본딩 체인,그레이브,95,0.063333,1.773673
30,210,412,엑시아,트리나,74,0.049333,1.753611
30,352,851,헬름,레이븐,34,0.022667,1.752895
30,194,412,루드밀라 : 윈터 오너,트리나,46,0.030667,1.736269
30,043,514,D : 킬러 와이프,그레이브,75,0.05,1.733806
30,183,511,메이든 : 아이스 로즈,신데렐라,197,0.131333,1.715161
30,032,043,미란다,D : 킬러 와이프,119,0.079333,1.713397
30,016,082,라피 : 레드 후드,리타,178,0.118667,1.696947
30,354,511,마스트 : 로망틱 메이드,신데렐라,194,0.129333,1.693022
30,194,222,루드밀라 : 윈터 오너,홍련,48,0.032,1.67711
30,082,832,리타,마리,131,0.087333,1.658152
30,330,511,크라운,신데렐라,189,0.126,1.655352
30,101,313,드레이크,프리바티 : 언카인드 메이드,42,0.028,1.648156
30,192,313,토브,프리바티 : 언카인드 메이드,42,0.028,1.648156
30,210,222,엑시아,홍련,74,0.049333,1.633052
30,352,832,헬름,마리,131,0.087333,1.617935
30,082,352,리타,헬름,168,0.112,1.613531
30,391,840,아인,에이다,175,0.116667,1.598047
30,015,183,아니스 : 스파클링 서머,메이든 : 아이스 로즈,179,0.119333,1.576925
30,082,162,리타,미하라 : 본딩 체인,153,0.102,1.554952
30,082,222,리타,홍련,130,0.086667,1.539713
30,082,412,리타,트리나,118,0.078667,1.520547
30,183,315,메이든 : 아이스 로즈,에이드 : 에이전트 바니,169,0.112667,1.518236
30,832,841,마리,질,21,0.014,1.517848
30,391,513,아인,리틀 머메이드,168,0.112,1.490244
30,082,194,리타,루드밀라 : 윈터 오너,50,0.033333,1.480089
30,032,391,미란다,아인,135,0.09,1.478748
30,043,840,D : 킬러 와이프,에이다,120,0.08,1.470373
30,272,315,루주,에이드 : 에이전트 바니,162,0.108,1.457207
30,016,832,라피 : 레드 후드,마리,115,0.076667,1.430002
30,162,832,미하라 : 본딩 체인,마리,108,0.072,1.41575
30,315,391,에이드 : 에이전트 바니,아인,149,0.099333,1.341342
30,015,315,아니스 : 스파클링 서머,에이드 : 에이전트 바니,149,0.099333,1.336525
30,016,162,라피 : 레드 후드,미하라 : 본딩 체인,125,0.083333,1.223131
30,032,315,미란다,에이드 : 에이전트 바니,109,0.072667,1.189547
30,015,272,아니스 : 스파클링 서머,루주,135,0.09,1.169925
30,272,354,루주,마스트 : 로망틱 메이드,135,0.09,1.169925
30,032,162,미란다,미하라 : 본딩 체인,100,0.066667,1.161266
30,016,194,라피 : 레드 후드,루드밀라 : 윈터 오너,41,0.027333,1.153568
30,032,513,미란다,리틀 머메이드,108,0.072,1.152003
30,015,841,아니스 : 스파클링 서머,질,22,0.014667,1.137504
30,016,412,라피 : 레드 후드,트리나,92,0.061333,1.121249
30,016,222,라피 : 레드 후드,홍련,100,0.066667,1.120984
30,272,330,루주,크라운,130,0.086667,1.115477
30,330,513,크라운,리틀 머메이드,128,0.085333,1.093109
30,354,513,마스트 : 로망틱 메이드,리틀 머메이드,127,0.084667,1.081794
30,513,840,리틀 머메이드,에이다,122,0.081333,1.072756
30,330,352,크라운,헬름,117,0.078,1.007417
30,016,851,라피 : 레드 후드,레이븐,20,0.013333,0.98736
30,162,840,미하라 : 본딩 체인,에이다,105,0.07,0.976559
30,315,840,에이드 : 에이전트 바니,에이다,110,0.073333,0.947626
30,162,352,미하라 : 본딩 체인,헬름,103,0.068667,0.943848
30,016,352,라피 : 레드 후드,헬름,108,0.072,0.935884
30,315,511,에이드 : 에이전트 바니,신데렐라,109,0.072667,0.885541
30,015,043,아니스 : 스파클링 서머,D : 킬러 와이프,81,0.054,0.854423
30,210,832,엑시아,마리,40,0.026667,0.85291
30,352,354,헬름,마스트 : 로망틱 메이드,105,0.07,0.851298
30,352,511,헬름,신데렐라,105,0.07,0.851298
30,043,412,D : 킬러 와이프,트리나,58,0.038667,0.833189
30,043,162,D : 킬러 와이프,미하라 : 본딩 체인,72,0.048,0.804792
30,043,222,D : 킬러 와이프,홍련,59,0.039333,0.737292
30,082,313,리타,프리바티 : 언카인드 메이드,21,0.014,0.732317
30,330,391,크라운,아인,99,0.066,0.727283
30,183,210,메이든 : 아이스 로즈,엑시아,46,0.030667,0.607085
30,354,391,마스트 : 로망틱 메이드,아인,91,0.060667,0.605721
30,183,354,메이든 : 아이스 로즈,마스트 : 로망틱 메이드,91,0.060667,0.600904
30,194,315,루드밀라 : 윈터 오너,에이드 : 에이전트 바니,28,0.018667,0.583675
30,015,412,아니스 : 스파클링 서머,트리나,63,0.042,0.531024
30,315,513,에이드 : 에이전트 바니,리틀 머메이드,85,0.056667,0.526748
30,183,330,메이든 : 아이스 로즈,크라운,86,0.057333,0.519374
30,162,412,미하라 : 본딩 체인,트리나,56,0.037333,0.481393
30,015,222,아니스 : 스파클링 서머,홍련,64,0.042667,0.433185
30,015,391,아니스 : 스파클링 서머,아인,80,0.053333,0.419855
30,162,222,미하라 : 본딩 체인,홍련,58,0.038667,0.41146
30,015,511,아니스 : 스파클링 서머,신데렐라,76,0.050667,0.341037
30,183,194,메이든 : 아이스 로즈,루드밀라 : 윈터 오너,24,0.016,0.337035
30,194,272,루드밀라 : 윈터 오너,루주,24,0.016,0.337035
30,194,511,루드밀라 : 윈터 오너,신데렐라,24,0.016,0.337035
30,210,513,엑시아,리틀 머메이드,38,0.025333,0.331451
30,015,832,아니스 : 스파클링 서머,마리,53,0.035333,0.268489
30,043,391,D : 킬러 와이프,아인,53,0.035333,0.247311
30,015,513,아니스 : 스파클링 서머,리틀 머메이드,69,0.046,0.201634
30,043,832,D : 킬러 와이프,마리,37,0.024667,0.171486
30,016,391,라피 : 레드 후드,아인,62,0.041333,0.096066
30,016,354,라피 : 레드 후드,마스트 : 로망틱 메이드,60,0.04,0.043943
30,352,513,헬름,리틀 머메이드,57,0.038,-0.030057
30,183,832,메이든 : 아이스 로즈,마리,43,0.028667,-0.033167
30,043,315,D : 킬러 와이프,에이드 : 에이전트 바니,43,0.028667,-0.034915
30,391,514,아인,그레이브,29,0.019333,-0.053679
30,016,330,라피 : 레드 후드,크라운,53,0.035333,-0.135027
30,210,315,엑시아,에이드 : 에이전트 바니,27,0.018,-0.137342
30,222,352,홍련,헬름,41,0.027333,-0.16532
30,511,513,신데렐라,리틀 머메이드,53,0.035333,-0.17897
30,412,513,트리나,리틀 머메이드,36,0.024,-0.276331
30,222,513,홍련,리틀 머메이드,38,0.025333,-0.318888
30,272,352,루주,헬름,46,0.030667,-0.339385
30,513,514,리틀 머메이드,그레이브,23,0.015333,-0.392915
30,352,412,헬름,트리나,30,0.02,-0.495422
30,082,514,리타,그레이브,20,0.013333,-0.510388
30,183,391,메이든 : 아이스 로즈,아인,40,0.026667,-0.580145
30,354,840,마스트 : 로망틱 메이드,에이다,38,0.025333,-0.610053
30,272,391,루주,아인,37,0.024667,-0.69262
30,330,840,크라운,에이다,34,0.022667,-0.770518
30,016,513,라피 : 레드 후드,리틀 머메이드,33,0.022,-0.818553
30,015,330,아니스 : 스파클링 서머,크라운,34,0.022667,-0.819428
30,016,840,라피 : 레드 후드,에이다,31,0.020667,-0.859841
30,043,183,D : 킬러 와이프,메이든 : 아이스 로즈,24,0.016,-0.900464
30,162,513,미하라 : 본딩 체인,리틀 머메이드,24,0.016,-1.201634
30,015,354,아니스 : 스파클링 서머,마스트 : 로망틱 메이드,22,0.014667,-1.447459
31,271,314,누아르,소다 : 트윙클링 바니,21,0.014,3.264464
31,043,102,D : 킬러 와이프,맥스웰,87,0.058,2.972016
31,032,102,미란다,맥스웰,132,0.088,2.965784
31,032,043,미란다,D : 킬러 와이프,122,0.081333,2.919242
31,270,271,블랑,누아르,141,0.094,2.743209
31,270,314,블랑,소다 : 트윙클링 바니,20,0.013333,2.685323
31,194,450,루드밀라 : 윈터 오너,나가,70,0.046667,2.638114
31,101,192,드레이크,토브,270,0.18,2.360922
31,192,314,토브,소다 : 트윙클링 바니,22,0.014667,2.360922
31,192,234,토브,도로시 : 세렌디피티,288,0.192,2.355922
31,101,234,드레이크,도로시 : 세렌디피티,266,0.177333,2.354288
31,192,270,토브,블랑,208,0.138667,2.333441
31,234,270,도로시 : 세렌디피티,블랑,205,0.136667,2.327381
31,023,330,델타 : 닌자 시프,크라운,156,0.104,2.321928
31,023,513,델타 : 닌자 시프,리틀 머메이드,156,0.104,2.321928
31,032,223,미란다,나유타,192,0.128,2.321928
31,102,223,맥스웰,나유타,132,0.088,2.321928
31,225,354,홍련 : 흑영,마스트 : 로망틱 메이드,300,0.2,2.321928
31,225,355,홍련 : 흑영,앵커 : 이노센트 메이드,300,0.2,2.321928
31,330,450,크라운,나가,101,0.067333,2.321928
31,330,513,크라운,리틀 머메이드,300,0.2,2.321928
31,354,355,마스트 : 로망틱 메이드,앵커 : 이노센트 메이드,300,0.2,2.321928
31,450,513,나가,리틀 머메이드,101,0.067333,2.321928
31,225,262,홍련 : 흑영,리버렐리오,299,0.199333,2.317111
31,262,354,리버렐리오,마스트 : 로망틱 메이드,299,0.199333,2.317111
31,262,355,리버렐리오,앵커 : 이노센트 메이드,299,0.199333,2.317111
31,023,834,델타 : 닌자 시프,레이 (가칭),148,0.098667,2.314927
31,234,314,도로시 : 세렌디피티,소다 : 트윙클링 바니,21,0.014,2.308707
31,315,511,에이드 : 에이전트 바니,신데렐라,220,0.146667,2.308027
31,834,835,레이 (가칭),아스카 : WILLE,281,0.187333,2.3013
31,023,835,델타 : 닌자 시프,아스카 : WILLE,153,0.102,2.298731
31,101,270,드레이크,블랑,187,0.124667,2.292905
31,192,271,토브,누아르,142,0.094667,2.291501
31,043,223,D : 킬러 와이프,나유타,123,0.082,2.287163
31,290,511,마나,신데렐라,205,0.136667,2.277167
31,234,271,도로시 : 세렌디피티,누아르,139,0.092667,2.275594
31,223,352,나유타,헬름,279,0.186,2.222048
31,290,315,마나,에이드 : 에이전트 바니,155,0.103333,2.219483
31,043,352,D : 킬러 와이프,헬름,115,0.076667,2.194955
31,032,352,미란다,헬름,175,0.116667,2.192994
31,162,290,미하라 : 본딩 체인,마나,192,0.128,2.18265
31,162,315,미하라 : 본딩 체인,에이드 : 에이전트 바니,199,0.132667,2.163292
31,101,271,드레이크,누아르,120,0.08,2.161653
31,162,511,미하라 : 본딩 체인,신데렐라,252,0.168,2.158276
31,102,352,맥스웰,헬름,115,0.076667,2.127841
31,016,470,라피 : 레드 후드,레드 후드,20,0.013333,2.00965
31,016,450,라피 : 레드 후드,나가,78,0.052,1.958769
31,330,835,크라운,아스카 : WILLE,227,0.151333,1.924475
31,513,835,리틀 머메이드,아스카 : WILLE,227,0.151333,1.924475
31,330,834,크라운,레이 (가칭),212,0.141333,1.889977
31,513,834,리틀 머메이드,레이 (가칭),212,0.141333,1.889977
31,016,290,라피 : 레드 후드,마나,155,0.103333,1.839518
31,272,284,루주,사쿠라 : 블룸 인 서머,73,0.048667,1.83829
31,431,514,볼륨,그레이브,76,0.050667,1.815191
31,284,315,사쿠라 : 블룸 인 서머,에이드 : 에이전트 바니,61,0.040667,1.711543
31,016,162,라피 : 레드 후드,미하라 : 본딩 체인,186,0.124,1.685862
31,194,330,루드밀라 : 윈터 오너,크라운,106,0.070667,1.666144
31,194,513,루드밀라 : 윈터 오너,리틀 머메이드,106,0.070667,1.666144
31,082,262,리타,리버렐리오,171,0.114,1.652318
31,082,225,리타,홍련 : 흑영,170,0.113333,1.643856
31,082,354,리타,마스트 : 로망틱 메이드,170,0.113333,1.643856
31,082,355,리타,앵커 : 이노센트 메이드,170,0.113333,1.643856
31,032,284,미란다,사쿠라 : 블룸 인 서머,48,0.032,1.620009
31,225,431,홍련 : 흑영,볼륨,127,0.084667,1.603254
31,262,431,리버렐리오,볼륨,127,0.084667,1.603254
31,354,431,마스트 : 로망틱 메이드,볼륨,127,0.084667,1.603254
31,355,431,앵커 : 이노센트 메이드,볼륨,127,0.084667,1.603254
31,016,194,라피 : 레드 후드,루드밀라 : 윈터 오너,99,0.066,1.577231
31,016,511,라피 : 레드 후드,신데렐라,170,0.113333,1.556094
31,284,511,사쿠라 : 블룸 인 서머,신데렐라,66,0.044,1.479528
31,101,514,드레이크,그레이브,77,0.051333,1.464593
31,272,315,루주,에이드 : 에이전트 바니,105,0.07,1.454245
31,290,514,마나,그레이브,61,0.040667,1.437175
31,162,284,미하라 : 본딩 체인,사쿠라 : 블룸 인 서머,62,0.041333,1.38933
31,234,514,도로시 : 세렌디피티,그레이브,78,0.052,1.385099
31,192,514,토브,그레이브,78,0.052,1.3702
31,016,315,라피 : 레드 후드,에이드 : 에이전트 바니,114,0.076,1.325264
31,272,511,루주,신데렐라,116,0.077333,1.252309
31,511,514,신데렐라,그레이브,66,0.044,1.134141
31,016,514,라피 : 레드 후드,그레이브,67,0.044667,1.121543
31,162,514,미하라 : 본딩 체인,그레이브,62,0.041333,1.043943
31,032,272,미란다,루주,66,0.044,1.038635
31,223,284,나유타,사쿠라 : 블룸 인 서머,50,0.033333,1.035047
31,270,272,블랑,루주,72,0.048,1.021208
31,102,272,맥스웰,루주,43,0.028667,0.961074
31,101,431,드레이크,볼륨,71,0.047333,0.916319
31,162,272,미하라 : 본딩 체인,루주,90,0.06,0.886181
31,234,431,도로시 : 세렌디피티,볼륨,71,0.047333,0.818209
31,192,431,토브,볼륨,71,0.047333,0.80331
31,082,352,리타,헬름,89,0.059333,0.715016
31,272,290,루주,마나,58,0.038667,0.669
31,082,223,리타,나유타,85,0.056667,0.643856
31,450,835,나가,아스카 : WILLE,31,0.020667,0.62273
31,101,272,드레이크,루주,69,0.046,0.610912
31,352,834,헬름,레이 (가칭),83,0.055333,0.541913
31,284,352,사쿠라 : 블룸 인 서머,헬름,35,0.023333,0.525291
31,234,272,도로시 : 세렌디피티,루주,69,0.046,0.512802
31,192,272,토브,루주,69,0.046,0.497903
31,352,835,헬름,아스카 : WILLE,84,0.056,0.495061
31,194,223,루드밀라 : 윈터 오너,나유타,46,0.030667,0.461786
31,016,330,라피 : 레드 후드,크라운,82,0.054667,0.460312
31,016,513,라피 : 레드 후드,리틀 머메이드,82,0.054667,0.460312
31,223,272,나유타,루주,67,0.044667,0.416474
31,082,834,리타,레이 (가칭),69,0.046,0.411937
31,194,352,루드밀라 : 윈터 오너,헬름,44,0.029333,0.402472
31,082,835,리타,아스카 : WILLE,71,0.047333,0.389029
31,223,834,나유타,레이 (가칭),71,0.047333,0.311804
31,223,835,나유타,아스카 : WILLE,72,0.048,0.267851
31,450,834,나가,레이 (가칭),22,0.014667,0.192096
31,272,352,루주,헬름,56,0.037333,0.162556
31,032,194,미란다,루드밀라 : 윈터 오너,23,0.015333,0.105642
31,194,835,루드밀라 : 윈터 오너,아스카 : WILLE,34,0.022667,0.030504
31,016,284,라피 : 레드 후드,사쿠라 : 블룸 인 서머,23,0.015333,-0.075597
31,194,834,루드밀라 : 윈터 오너,레이 (가칭),28,0.018667,-0.185474
31,016,352,라피 : 레드 후드,헬름,32,0.021333,-0.892423
31,162,352,미하라 : 본딩 체인,헬름,28,0.018667,-1.050775
31,082,162,리타,미하라 : 본딩 체인,25,0.016667,-1.077735
31,016,223,라피 : 레드 후드,나유타,28,0.018667,-1.089886
31,162,223,미하라 : 본딩 체인,나유타,24,0.016,-1.277985
32,093,095,엠마 : 택티컬 업,은화 : 택티컬 업,44,0.029333,5.091315
32,093,094,엠마 : 택티컬 업,베스티 : 택티컬 업,34,0.022667,4.969325
32,094,095,베스티 : 택티컬 업,은화 : 택티컬 업,34,0.022667,4.969325
32,830,851,아스카,레이븐,31,0.020667,4.277929
32,315,851,에이드 : 에이전트 바니,레이븐,43,0.028667,3.778566
32,315,830,에이드 : 에이전트 바니,아스카,42,0.028,3.626783
32,511,810,신데렐라,2B,21,0.014,3.562062
32,511,851,신데렐라,레이븐,45,0.03,3.499326
32,511,830,신데렐라,아스카,47,0.031333,3.444226
32,262,431,리버렐리오,볼륨,100,0.066667,2.918769
32,315,511,에이드 : 에이전트 바니,신데렐라,62,0.041333,2.872402
32,431,470,볼륨,레드 후드,92,0.061333,2.740594
32,102,283,맥스웰,로산나 : 시크 오션,31,0.020667,2.728921
32,094,262,베스티 : 택티컬 업,리버렐리오,27,0.018,2.678328
32,262,470,리버렐리오,레드 후드,117,0.078,2.527526
32,272,810,루주,2B,21,0.014,2.522841
32,272,511,루주,신데렐라,123,0.082,2.476671
32,272,851,루주,레이븐,44,0.029333,2.427684
32,272,830,루주,아스카,47,0.031333,2.405004
32,032,283,미란다,로산나 : 시크 오션,167,0.111333,2.331578
32,074,234,솔린 : 프로스트 티켓,도로시 : 세렌디피티,228,0.152,2.331578
32,016,330,라피 : 레드 후드,크라운,300,0.2,2.321928
32,016,513,라피 : 레드 후드,리틀 머메이드,300,0.2,2.321928
32,074,101,솔린 : 프로스트 티켓,드레이크,228,0.152,2.321928
32,074,192,솔린 : 프로스트 티켓,토브,228,0.152,2.321928
32,101,192,드레이크,토브,300,0.2,2.321928
32,101,234,드레이크,도로시 : 세렌디피티,298,0.198667,2.321928
32,101,314,드레이크,소다 : 트윙클링 바니,24,0.016,2.321928
32,162,283,미하라 : 본딩 체인,로산나 : 시크 오션,167,0.111333,2.321928
32,192,234,토브,도로시 : 세렌디피티,298,0.198667,2.321928
32,192,314,토브,소다 : 트윙클링 바니,24,0.016,2.321928
32,330,513,크라운,리틀 머메이드,300,0.2,2.321928
32,093,262,엠마 : 택티컬 업,리버렐리오,25,0.016667,2.317319
32,095,262,은화 : 택티컬 업,리버렐리오,25,0.016667,2.317319
32,260,831,모더니아,레이,288,0.192,2.316528
32,032,162,미란다,미하라 : 본딩 체인,296,0.197333,2.312213
32,191,514,앨리스,그레이브,290,0.193333,2.30708
32,191,831,앨리스,레이,281,0.187333,2.300592
32,514,831,그레이브,레이,287,0.191333,2.29701
32,032,102,미란다,맥스웰,41,0.027333,2.296813
32,191,260,앨리스,모더니아,285,0.19,2.296489
32,082,191,리타,앨리스,286,0.190667,2.29186
32,075,470,디젤 : 윈터 스위츠,레드 후드,172,0.114667,2.291825
32,082,831,리타,레이,285,0.19,2.291739
32,102,162,맥스웰,미하라 : 본딩 체인,41,0.027333,2.287163
32,016,354,라피 : 레드 후드,마스트 : 로망틱 메이드,291,0.194,2.282802
32,330,354,크라운,마스트 : 로망틱 메이드,291,0.194,2.282802
32,354,513,마스트 : 로망틱 메이드,리틀 머메이드,291,0.194,2.282802
32,260,514,모더니아,그레이브,289,0.192667,2.282535
32,082,260,리타,모더니아,288,0.192,2.282351
32,043,102,D : 킬러 와이프,맥스웰,36,0.024,2.273072
32,082,514,리타,그레이브,289,0.192667,2.272852
32,234,314,도로시 : 세렌디피티,소다 : 트윙클링 바니,23,0.015333,2.270178
32,283,840,로산나 : 시크 오션,에이다,130,0.086667,2.246896
32,032,840,미란다,에이다,223,0.148667,2.189964
32,162,840,미하라 : 본딩 체인,에이다,221,0.147333,2.167316
32,016,352,라피 : 레드 후드,헬름,194,0.129333,2.057655
32,330,352,크라운,헬름,194,0.129333,2.057655
32,352,513,헬름,리틀 머메이드,194,0.129333,2.057655
32,075,431,디젤 : 윈터 스위츠,볼륨,95,0.063333,2.053168
32,352,354,헬름,마스트 : 로망틱 메이드,189,0.126,2.024801
32,272,315,루주,에이드 : 에이전트 바니,70,0.046667,2.008268
32,032,043,미란다,D : 킬러 와이프,211,0.140667,1.997395
32,043,162,D : 킬러 와이프,미하라 : 본딩 체인,212,0.141333,1.994566
32,075,262,디젤 : 윈터 스위츠,리버렐리오,128,0.085333,1.923441
32,043,283,D : 킬러 와이프,로산나 : 시크 오션,110,0.073333,1.89312
32,073,431,브리드 : 사일런트 트랙,볼륨,84,0.056,1.870764
32,043,840,D : 킬러 와이프,에이다,149,0.099333,1.772118
32,093,272,엠마 : 택티컬 업,루주,26,0.017333,1.763849
32,095,272,은화 : 택티컬 업,루주,26,0.017333,1.763849
32,073,470,브리드 : 사일런트 트랙,레드 후드,116,0.077333,1.718675
32,470,511,레드 후드,신데렐라,42,0.028,1.478646
32,073,262,브리드 : 사일런트 트랙,리버렐리오,93,0.062,1.457734
32,073,074,브리드 : 사일런트 트랙,솔린 : 프로스트 티켓,122,0.081333,1.434275
32,101,223,드레이크,나유타,142,0.094667,1.368387
32,192,223,토브,나유타,142,0.094667,1.368387
32,223,234,나유타,도로시 : 세렌디피티,141,0.094,1.367842
32,073,234,브리드 : 사일런트 트랙,도로시 : 세렌디피티,148,0.098667,1.326713
32,073,101,브리드 : 사일런트 트랙,드레이크,148,0.098667,1.317062
32,073,192,브리드 : 사일런트 트랙,토브,148,0.098667,1.317062
32,074,223,솔린 : 프로스트 티켓,나유타,100,0.066667,1.258425
32,272,840,루주,에이다,96,0.064,1.165289
32,272,470,루주,레드 후드,68,0.045333,1.13457
32,073,075,브리드 : 사일런트 트랙,디젤 : 윈터 스위츠,120,0.08,1.033865
32,272,283,루주,로산나 : 시크 오션,57,0.038,0.972027
32,075,354,디젤 : 윈터 스위츠,마스트 : 로망틱 메이드,105,0.07,0.831537
32,032,272,미란다,루주,86,0.057333,0.729937
32,016,075,라피 : 레드 후드,디젤 : 윈터 스위츠,98,0.065333,0.727185
32,075,330,디젤 : 윈터 스위츠,크라운,98,0.065333,0.727185
32,075,513,디젤 : 윈터 스위츠,리틀 머메이드,98,0.065333,0.727185
32,075,511,디젤 : 윈터 스위츠,신데렐라,41,0.027333,0.710161
32,162,272,미하라 : 본딩 체인,루주,85,0.056667,0.703413
32,315,840,에이드 : 에이전트 바니,에이다,26,0.017333,0.664816
32,223,511,나유타,신데렐라,36,0.024,0.628699
32,043,223,D : 킬러 와이프,나유타,75,0.05,0.620995
32,075,272,디젤 : 윈터 스위츠,루주,79,0.052667,0.617168
32,223,470,나유타,레드 후드,47,0.031333,0.526314
32,032,315,미란다,에이드 : 에이전트 바니,27,0.018,0.44261
32,162,315,미하라 : 본딩 체인,에이드 : 에이전트 바니,27,0.018,0.432959
32,262,272,리버렐리오,루주,40,0.026667,0.426916
32,162,223,미하라 : 본딩 체인,나유타,73,0.048667,0.408465
32,032,223,미란다,나유타,71,0.047333,0.378038
32,223,840,나유타,에이다,53,0.035333,0.232865
32,223,272,나유타,루주,55,0.036667,0.200913
32,223,431,나유타,볼륨,22,0.014667,0.04891
32,223,262,나유타,리버렐리오,31,0.020667,-0.016197
32,043,073,D : 킬러 와이프,브리드 : 사일런트 트랙,48,0.032,-0.133892
32,075,223,디젤 : 윈터 스위츠,나유타,45,0.03,-0.270141
32,043,262,D : 킬러 와이프,리버렐리오,23,0.015333,-0.398826
32,162,352,미하라 : 본딩 체인,헬름,35,0.023333,-0.412975
32,043,352,D : 킬러 와이프,헬름,31,0.020667,-0.414525
32,032,352,미란다,헬름,33,0.022,-0.488214
32,073,272,브리드 : 사일런트 트랙,루주,34,0.022667,-0.604015
32,032,073,미란다,브리드 : 사일런트 트랙,30,0.02,-0.97585
32,075,840,디젤 : 윈터 스위츠,에이다,24,0.016,-1.016259
32,073,840,브리드 : 사일런트 트랙,에이다,23,0.015333,-1.082525
32,073,162,브리드 : 사일런트 트랙,미하라 : 본딩 체인,28,0.018667,-1.085036
32,043,234,D : 킬러 와이프,도로시 : 세렌디피티,24,0.016,-1.138742
32,043,101,D : 킬러 와이프,드레이크,24,0.016,-1.148392
32,043,192,D : 킬러 와이프,토브,24,0.016,-1.148392
33,075,470,디젤 : 윈터 스위츠,레드 후드,29,0.019333,2.840772
33,162,511,미하라 : 본딩 체인,신데렐라,170,0.113333,2.455443
33,262,431,리버렐리오,볼륨,21,0.014,2.411195
33,270,272,블랑,루주,287,0.191333,2.375821
33,016,470,라피 : 레드 후드,레드 후드,92,0.061333,2.360922
33,270,840,블랑,에이다,187,0.124667,2.347772
33,272,840,루주,에이다,188,0.125333,2.345447
33,225,262,홍련 : 흑영,리버렐리오,38,0.025333,2.337195
33,403,470,퀀시 : 이스케이프 퀸,레드 후드,90,0.06,2.334163
33,032,270,미란다,블랑,287,0.191333,2.321928
33,032,471,미란다,스노우 화이트 : 헤비암즈,300,0.2,2.321928
33,032,840,미란다,에이다,192,0.128,2.321928
33,074,101,솔린 : 프로스트 티켓,드레이크,294,0.196,2.321928
33,074,192,솔린 : 프로스트 티켓,토브,294,0.196,2.321928
33,074,234,솔린 : 프로스트 티켓,도로시 : 세렌디피티,294,0.196,2.321928
33,101,192,드레이크,토브,300,0.2,2.321928
33,101,234,드레이크,도로시 : 세렌디피티,300,0.2,2.321928
33,192,234,토브,도로시 : 세렌디피티,300,0.2,2.321928
33,225,354,홍련 : 흑영,마스트 : 로망틱 메이드,40,0.026667,2.321928
33,225,355,홍련 : 흑영,앵커 : 이노센트 메이드,40,0.026667,2.321928
33,270,471,블랑,스노우 화이트 : 헤비암즈,287,0.191333,2.321928
33,354,355,마스트 : 로망틱 메이드,앵커 : 이노센트 메이드,300,0.2,2.321928
33,354,431,마스트 : 로망틱 메이드,볼륨,21,0.014,2.321928
33,355,431,앵커 : 이노센트 메이드,볼륨,21,0.014,2.321928
33,471,840,스노우 화이트 : 헤비암즈,에이다,192,0.128,2.321928
33,330,352,크라운,헬름,299,0.199333,2.317111
33,032,272,미란다,루주,288,0.192,2.316927
33,272,471,루주,스노우 화이트 : 헤비암즈,288,0.192,2.316927
33,354,520,마스트 : 로망틱 메이드,브래디,260,0.173333,2.31639
33,355,520,앵커 : 이노센트 메이드,브래디,260,0.173333,2.31639
33,352,502,헬름,일레그 : 붐 앤 쇼크,295,0.196667,2.31218
33,262,354,리버렐리오,마스트 : 로망틱 메이드,280,0.186667,2.31166
33,262,355,리버렐리오,앵커 : 이노센트 메이드,280,0.186667,2.31166
33,330,502,크라운,일레그 : 붐 앤 쇼크,294,0.196,2.307281
33,262,520,리버렐리오,브래디,242,0.161333,2.302153
33,082,502,리타,일레그 : 붐 앤 쇼크,286,0.190667,2.28198
33,082,352,리타,헬름,287,0.191333,2.272516
33,082,330,리타,크라운,286,0.190667,2.26748
33,403,511,퀀시 : 이스케이프 퀸,신데렐라,220,0.146667,2.264588
33,016,511,라피 : 레드 후드,신데렐라,219,0.146,2.253066
33,194,502,루드밀라 : 윈터 오너,일레그 : 붐 앤 쇼크,282,0.188,2.251977
33,162,403,미하라 : 본딩 체인,퀀시 : 이스케이프 퀸,181,0.120667,2.243666
33,194,330,루드밀라 : 윈터 오너,크라운,281,0.187333,2.232353
33,194,352,루드밀라 : 윈터 오너,헬름,280,0.186667,2.227209
33,016,403,라피 : 레드 후드,퀀시 : 이스케이프 퀸,262,0.174667,2.20947
33,016,162,라피 : 레드 후드,미하라 : 본딩 체인,177,0.118,2.206476
33,082,194,리타,루드밀라 : 윈터 오너,273,0.182,2.205183
33,513,520,리틀 머메이드,브래디,230,0.153333,2.139512
33,354,513,마스트 : 로망틱 메이드,리틀 머메이드,264,0.176,2.137504
33,355,513,앵커 : 이노센트 메이드,리틀 머메이드,264,0.176,2.137504
33,262,513,리버렐리오,리틀 머메이드,248,0.165333,2.136573
33,225,513,홍련 : 흑영,리틀 머메이드,34,0.022667,2.087463
33,162,514,미하라 : 본딩 체인,그레이브,153,0.102,2.051656
33,511,514,신데렐라,그레이브,175,0.116667,1.984889
33,470,511,레드 후드,신데렐라,57,0.038,1.977432
33,074,223,솔린 : 프로스트 티켓,나유타,208,0.138667,1.827512
33,101,223,드레이크,나유타,211,0.140667,1.819026
33,192,223,토브,나유타,211,0.140667,1.819026
33,223,234,나유타,도로시 : 세렌디피티,211,0.140667,1.819026
33,016,514,라피 : 레드 후드,그레이브,189,0.126,1.788738
33,032,182,미란다,길로틴 : 윈터 슬레이어,51,0.034,1.765535
33,182,471,길로틴 : 윈터 슬레이어,스노우 화이트 : 헤비암즈,51,0.034,1.765535
33,182,270,길로틴 : 윈터 슬레이어,블랑,48,0.032,1.741984
33,403,514,퀀시 : 이스케이프 퀸,그레이브,182,0.121333,1.73924
33,182,272,길로틴 : 윈터 슬레이어,루주,48,0.032,1.731965
33,223,470,나유타,레드 후드,59,0.039333,1.685826
33,016,075,라피 : 레드 후드,디젤 : 윈터 스위츠,39,0.026,1.60193
33,075,403,디젤 : 윈터 스위츠,퀀시 : 이스케이프 퀸,38,0.025333,1.569405
33,075,223,디젤 : 윈터 스위츠,나유타,31,0.020667,1.236547
33,032,075,미란다,디젤 : 윈터 스위츠,27,0.018,1.032421
33,075,471,디젤 : 윈터 스위츠,스노우 화이트 : 헤비암즈,27,0.018,1.032421
33,075,270,디젤 : 윈터 스위츠,블랑,25,0.016667,0.985302
33,075,272,디젤 : 윈터 스위츠,루주,25,0.016667,0.975283
33,470,514,레드 후드,그레이브,31,0.020667,0.846955
33,101,514,드레이크,그레이브,87,0.058,0.630445
33,192,514,토브,그레이브,87,0.058,0.630445
33,234,514,도로시 : 세렌디피티,그레이브,87,0.058,0.630445
33,074,514,솔린 : 프로스트 티켓,그레이브,84,0.056,0.608966
33,223,403,나유타,퀀시 : 이스케이프 퀸,78,0.052,0.427272
33,016,223,라피 : 레드 후드,나유타,72,0.048,0.306846
33,223,511,나유타,신데렐라,41,0.027333,-0.198346
33,162,223,미하라 : 본딩 체인,나유타,26,0.017333,-0.594867
33,162,513,미하라 : 본딩 체인,리틀 머메이드,23,0.015333,-0.776562
33,223,513,나유타,리틀 머메이드,22,0.014667,-1.442642
34,262,355,리버렐리오,앵커 : 이노센트 메이드,22,0.014716,4.390652
34,272,511,루주,신데렐라,30,0.020067,3.70044
34,860,861,치사토,타키나,236,0.15786,2.621117
34,075,861,디젤 : 윈터 스위츠,타키나,21,0.014047,2.596173
34,075,860,디젤 : 윈터 스위츠,치사토,21,0.014047,2.554003
34,102,220,맥스웰,스노우 화이트,103,0.068896,2.528959
34,283,352,로산나 : 시크 오션,헬름,46,0.030769,2.515742
34,100,861,라플라스,타키나,36,0.02408,2.511284
34,100,860,라플라스,치사토,36,0.02408,2.469114
34,100,840,라플라스,에이다,33,0.022074,2.385753
34,220,390,스노우 화이트,츠바이,20,0.013378,2.366021
34,470,511,레드 후드,신데렐라,38,0.025418,2.349101
34,283,851,로산나 : 시크 오션,레이븐,65,0.043478,2.346257
34,101,192,드레이크,토브,296,0.197993,2.336476
34,101,234,드레이크,도로시 : 세렌디피티,293,0.195987,2.336476
34,101,314,드레이크,소다 : 트윙클링 바니,296,0.197993,2.336476
34,192,234,토브,도로시 : 세렌디피티,293,0.195987,2.336476
34,192,314,토브,소다 : 트윙클링 바니,296,0.197993,2.336476
34,234,314,도로시 : 세렌디피티,소다 : 트윙클링 바니,293,0.195987,2.336476
34,220,353,스노우 화이트,헬름 : 아쿠아마린,231,0.154515,2.330244
34,016,330,라피 : 레드 후드,크라운,299,0.2,2.321928
34,354,355,마스트 : 로망틱 메이드,앵커 : 이노센트 메이드,49,0.032776,2.321928
34,016,513,라피 : 레드 후드,리틀 머메이드,298,0.199331,2.317095
34,330,513,크라운,리틀 머메이드,298,0.199331,2.317095
34,016,850,라피 : 레드 후드,이브,283,0.189298,2.266914
34,330,850,크라운,이브,283,0.189298,2.266914
34,513,850,리틀 머메이드,이브,282,0.188629,2.261807
34,032,220,미란다,스노우 화이트,214,0.143144,2.24454
34,032,353,미란다,헬름 : 아쿠아마린,273,0.182609,2.244358
34,082,283,리타,로산나 : 시크 오션,61,0.040803,2.23998
34,102,353,맥스웰,헬름 : 아쿠아마린,106,0.070903,2.218907
34,082,262,리타,리버렐리오,29,0.019398,2.189592
34,223,234,나유타,도로시 : 세렌디피티,266,0.177926,2.182454
34,101,223,드레이크,나유타,268,0.179264,2.178564
34,192,223,토브,나유타,268,0.179264,2.178564
34,223,314,나유타,소다 : 트윙클링 바니,268,0.179264,2.178564
34,143,355,밀크 : 블루밍 바니,앵커 : 이노센트 메이드,21,0.014047,2.123865
34,162,281,미하라 : 본딩 체인,목단,33,0.022074,2.078695
34,082,355,리타,앵커 : 이노센트 메이드,41,0.027425,2.074453
34,354,850,마스트 : 로망틱 메이드,이브,242,0.161873,2.041119
34,032,102,미란다,맥스웰,92,0.061538,2.039126
34,082,352,리타,헬름,151,0.101003,2.038634
34,162,470,미하라 : 본딩 체인,레드 후드,31,0.020736,2.026801
34,353,390,헬름 : 아쿠아마린,츠바이,20,0.013378,2.014548
34,354,513,마스트 : 로망틱 메이드,리틀 머메이드,241,0.161204,2.010816
34,016,354,라피 : 레드 후드,마스트 : 로망틱 메이드,240,0.160535,2.004817
34,330,354,크라운,마스트 : 로망틱 메이드,240,0.160535,2.004817
34,220,315,스노우 화이트,에이드 : 에이전트 바니,171,0.114381,1.976518
34,082,851,리타,레이븐,220,0.147157,1.913298
34,355,851,앵커 : 이노센트 메이드,레이븐,36,0.02408,1.901473
34,272,470,루주,레드 후드,38,0.025418,1.884433
34,315,353,에이드 : 에이전트 바니,헬름 : 아쿠아마린,197,0.131773,1.829245
34,032,315,미란다,에이드 : 에이전트 바니,192,0.128428,1.816734
34,352,851,헬름,레이븐,127,0.08495,1.803561
34,262,354,리버렐리오,마스트 : 로망틱 메이드,22,0.014716,1.78136
34,143,514,밀크 : 블루밍 바니,그레이브,81,0.054181,1.773218
34,082,100,리타,라플라스,27,0.01806,1.76457
34,470,514,레드 후드,그레이브,122,0.081605,1.762878
34,262,851,리버렐리오,레이븐,21,0.014047,1.738575
34,143,281,밀크 : 블루밍 바니,목단,73,0.048829,1.696878
34,102,315,맥스웰,에이드 : 에이전트 바니,69,0.046154,1.679681
34,170,281,프리바티,목단,132,0.088294,1.663657
34,352,860,헬름,치사토,93,0.062207,1.628895
34,352,861,헬름,타키나,90,0.060201,1.623758
34,220,840,스노우 화이트,에이다,111,0.074247,1.599722
34,032,840,미란다,에이다,138,0.092308,1.586936
34,840,861,에이다,타키나,108,0.072241,1.535531
34,281,470,목단,레드 후드,98,0.065552,1.520536
34,353,840,헬름 : 아쿠아마린,에이다,133,0.088963,1.509116
34,840,860,에이다,치사토,108,0.072241,1.493362
34,511,514,신데렐라,그레이브,22,0.014716,1.448616
34,143,170,밀크 : 블루밍 바니,프리바티,71,0.047492,1.408542
34,283,471,로산나 : 시크 오션,스노우 화이트 : 헤비암즈,26,0.017391,1.341359
34,281,860,목단,치사토,93,0.062207,1.321072
34,281,861,목단,타키나,90,0.060201,1.315936
34,143,851,밀크 : 블루밍 바니,레이븐,69,0.046154,1.25511
34,272,514,루주,그레이브,26,0.017391,1.224956
34,082,860,리타,치사토,112,0.074916,1.214153
34,170,272,프리바티,루주,29,0.019398,1.207923
34,082,861,리타,타키나,108,0.072241,1.203855
34,170,514,프리바티,그레이브,101,0.067559,1.203789
34,272,861,루주,타키나,25,0.016722,1.198618
34,315,840,에이드 : 에이전트 바니,에이다,101,0.067559,1.192215
34,272,860,루주,치사토,25,0.016722,1.156449
34,281,514,목단,그레이브,82,0.054849,1.151389
34,170,471,프리바티,스노우 화이트 : 헤비암즈,95,0.063545,1.145679
34,471,514,스노우 화이트 : 헤비암즈,그레이브,83,0.055518,1.125437
34,143,470,밀크 : 블루밍 바니,레드 후드,47,0.031438,1.099946
34,272,471,루주,스노우 화이트 : 헤비암즈,23,0.015385,1.078324
34,281,471,목단,스노우 화이트 : 헤비암즈,74,0.049498,1.033536
34,470,471,레드 후드,스노우 화이트 : 헤비암즈,67,0.044816,0.928476
34,170,470,프리바티,레드 후드,76,0.050836,0.905495
34,170,851,프리바티,레이븐,98,0.065552,0.873504
34,082,471,리타,스노우 화이트 : 헤비암즈,84,0.056187,0.841285
34,082,143,리타,밀크 : 블루밍 바니,50,0.033445,0.775794
34,315,470,에이드 : 에이전트 바니,레드 후드,71,0.047492,0.765494
34,471,851,스노우 화이트 : 헤비암즈,레이븐,77,0.051505,0.730401
34,032,514,미란다,그레이브,77,0.051505,0.714952
34,102,514,맥스웰,그레이브,30,0.020067,0.694441
34,353,514,헬름 : 아쿠아마린,그레이브,76,0.050836,0.671515
34,851,860,레이븐,치사토,70,0.046823,0.550728
34,851,861,레이븐,타키나,65,0.043478,0.485982
34,281,840,목단,에이다,50,0.033445,0.467939
34,143,352,밀크 : 블루밍 바니,헬름,25,0.016722,0.458732
34,032,471,미란다,스노우 화이트 : 헤비암즈,62,0.041472,0.432608
34,220,514,스노우 화이트,그레이브,49,0.032776,0.389769
34,143,471,밀크 : 블루밍 바니,스노우 화이트 : 헤비암즈,29,0.019398,0.321595
34,170,861,프리바티,타키나,53,0.035452,0.303744
34,352,470,헬름,레드 후드,34,0.022742,0.301111
34,470,851,레드 후드,레이븐,54,0.03612,0.300245
34,170,860,프리바티,치사토,53,0.035452,0.261575
34,353,471,헬름 : 아쿠아마린,스노우 화이트 : 헤비암즈,53,0.035452,0.181754
34,281,851,목단,레이븐,51,0.034114,0.179479
34,471,861,스노우 화이트 : 헤비암즈,타키나,42,0.028094,0.172961
34,471,860,스노우 화이트 : 헤비암즈,치사토,43,0.028763,0.164739
34,315,471,에이드 : 에이전트 바니,스노우 화이트 : 헤비암즈,49,0.032776,0.148714
34,281,315,목단,에이드 : 에이전트 바니,45,0.0301,0.069296
34,082,170,리타,프리바티,55,0.036789,0.025508
34,016,170,라피 : 레드 후드,프리바티,55,0.036789,0.015825
34,170,330,프리바티,크라운,55,0.036789,0.015825
34,170,513,프리바티,리틀 머메이드,55,0.036789,0.015825
34,082,470,리타,레드 후드,44,0.029431,-0.009858
34,082,840,리타,에이다,43,0.028763,-0.124768
34,514,851,그레이브,레이븐,43,0.028763,-0.140367
34,352,471,헬름,스노우 화이트 : 헤비암즈,26,0.017391,-0.167655
34,353,470,헬름 : 아쿠아마린,레드 후드,38,0.025418,-0.216496
34,082,514,리타,그레이브,41,0.027425,-0.223727
34,032,470,미란다,레드 후드,37,0.024749,-0.230392
34,315,851,에이드 : 에이전트 바니,레이븐,44,0.029431,-0.323594
34,170,850,프리바티,이브,41,0.027425,-0.383653
34,143,354,밀크 : 블루밍 바니,마스트 : 로망틱 메이드,22,0.014716,-0.418313
34,082,354,리타,마스트 : 로망틱 메이드,41,0.027425,-0.534839
34,352,840,헬름,에이다,20,0.013378,-0.546167
34,514,840,그레이브,에이다,26,0.017391,-0.549163
34,471,840,스노우 화이트 : 헤비암즈,에이다,24,0.016054,-0.634394
34,354,851,마스트 : 로망틱 메이드,레이븐,36,0.02408,-0.707819
34,170,840,프리바티,에이다,22,0.014716,-0.964745
34,223,851,나유타,레이븐,30,0.020067,-0.970854
34,223,471,나유타,스노우 화이트 : 헤비암즈,24,0.016054,-0.975752
34,170,315,프리바티,에이드 : 에이전트 바니,25,0.016722,-1.02696
34,170,223,프리바티,나유타,24,0.016054,-1.180572
34,082,223,리타,나유타,26,0.017391,-1.191951
35,102,831,맥스웰,레이,24,0.016,2.58978
35,074,234,솔린 : 프로스트 티켓,도로시 : 세렌디피티,294,0.196,2.331529
35,272,840,루주,에이다,250,0.166667,2.328174
35,016,330,라피 : 레드 후드,크라운,300,0.2,2.321928
35,032,162,미란다,미하라 : 본딩 체인,300,0.2,2.321928
35,032,223,미란다,나유타,300,0.2,2.321928
35,032,272,미란다,루주,254,0.169333,2.321928
35,075,281,디젤 : 윈터 스위츠,목단,297,0.198,2.321928
35,101,192,드레이크,토브,300,0.2,2.321928
35,101,234,드레이크,도로시 : 세렌디피티,297,0.198,2.321928
35,101,583,드레이크,아르카나 : 포츈 메이트,300,0.2,2.321928
35,162,223,미하라 : 본딩 체인,나유타,300,0.2,2.321928
35,162,272,미하라 : 본딩 체인,루주,254,0.169333,2.321928
35,192,234,토브,도로시 : 세렌디피티,297,0.198,2.321928
35,192,583,토브,아르카나 : 포츈 메이트,300,0.2,2.321928
35,223,272,나유타,루주,254,0.169333,2.321928
35,234,583,도로시 : 세렌디피티,아르카나 : 포츈 메이트,297,0.198,2.321928
35,074,101,솔린 : 프로스트 티켓,드레이크,294,0.196,2.317029
35,074,192,솔린 : 프로스트 티켓,토브,294,0.196,2.317029
35,074,583,솔린 : 프로스트 티켓,아르카나 : 포츈 메이트,294,0.196,2.317029
35,032,840,미란다,에이다,293,0.195333,2.317013
35,162,840,미하라 : 본딩 체인,에이다,293,0.195333,2.317013
35,223,840,나유타,에이다,293,0.195333,2.317013
35,016,513,라피 : 레드 후드,리틀 머메이드,297,0.198,2.307429
35,330,513,크라운,리틀 머메이드,297,0.198,2.307429
35,082,514,리타,그레이브,295,0.196667,2.307315
35,082,511,리타,신데렐라,70,0.046667,2.306281
35,511,514,신데렐라,그레이브,70,0.046667,2.306281
35,073,075,브리드 : 사일런트 트랙,디젤 : 윈터 스위츠,296,0.197333,2.302563
35,073,281,브리드 : 사일런트 트랙,목단,293,0.195333,2.302366
35,082,260,리타,모더니아,283,0.188667,2.296478
35,260,514,모더니아,그레이브,283,0.188667,2.296478
35,260,511,모더니아,신데렐라,67,0.044667,2.292163
35,075,471,디젤 : 윈터 스위츠,스노우 화이트 : 헤비암즈,268,0.178667,2.284729
35,281,471,목단,스노우 화이트 : 헤비암즈,265,0.176667,2.282988
35,073,471,브리드 : 사일런트 트랙,스노우 화이트 : 헤비암즈,264,0.176,2.263034
35,191,514,앨리스,그레이브,263,0.175333,2.231238
35,016,352,라피 : 레드 후드,헬름,277,0.184667,2.221351
35,330,352,크라운,헬름,277,0.184667,2.221351
35,102,281,맥스웰,목단,24,0.016,2.22095
35,082,191,리타,앨리스,260,0.173333,2.214687
35,073,102,브리드 : 사일런트 트랙,맥스웰,24,0.016,2.206451
35,075,102,디젤 : 윈터 스위츠,맥스웰,24,0.016,2.206451
35,352,513,헬름,리틀 머메이드,274,0.182667,2.205641
35,191,260,앨리스,모더니아,248,0.165333,2.195591
35,514,831,그레이브,레이,204,0.136,2.15368
35,260,831,모더니아,레이,197,0.131333,2.152383
35,191,831,앨리스,레이,191,0.127333,2.148259
35,082,831,리타,레이,201,0.134,2.132307
35,032,043,미란다,D : 킬러 와이프,42,0.028,2.129283
35,043,162,D : 킬러 와이프,미하라 : 본딩 체인,42,0.028,2.129283
35,043,223,D : 킬러 와이프,나유타,42,0.028,2.129283
35,043,840,D : 킬러 와이프,에이다,39,0.026,2.051514
35,354,471,마스트 : 로망틱 메이드,스노우 화이트 : 헤비암즈,200,0.133333,1.862496
35,075,354,디젤 : 윈터 스위츠,마스트 : 로망틱 메이드,201,0.134,1.744161
35,281,354,목단,마스트 : 로망틱 메이드,198,0.132,1.736966
35,073,354,브리드 : 사일런트 트랙,마스트 : 로망틱 메이드,197,0.131333,1.715161
35,016,170,라피 : 레드 후드,프리바티,194,0.129333,1.693022
35,170,330,프리바티,크라운,194,0.129333,1.693022
35,170,513,프리바티,리틀 머메이드,192,0.128,1.678072
35,191,511,앨리스,신데렐라,41,0.027333,1.624125
35,170,352,프리바티,헬름,171,0.114,1.525461
35,352,354,헬름,마스트 : 로망틱 메이드,99,0.066,0.736966
35,016,354,라피 : 레드 후드,마스트 : 로망틱 메이드,99,0.066,0.722466
35,330,354,크라운,마스트 : 로망틱 메이드,99,0.066,0.722466
35,354,513,마스트 : 로망틱 메이드,리틀 머메이드,99,0.066,0.722466
35,170,471,프리바티,스노우 화이트 : 헤비암즈,73,0.048667,0.408465
35,170,281,프리바티,목단,66,0.044,0.152003
35,073,170,브리드 : 사일런트 트랙,프리바티,66,0.044,0.137504
35,075,170,디젤 : 윈터 스위츠,프리바티,66,0.044,0.137504
35,170,191,프리바티,앨리스,55,0.036667,-0.031139
35,082,170,리타,프리바티,41,0.027333,-0.544522
35,170,514,프리바티,그레이브,40,0.026667,-0.580145
35,281,831,목단,레이,25,0.016667,-0.865206
35,073,831,브리드 : 사일런트 트랙,레이,25,0.016667,-0.879706
35,075,831,디젤 : 윈터 스위츠,레이,25,0.016667,-0.879706
35,170,260,프리바티,모더니아,27,0.018,-1.09811
35,260,352,모더니아,헬름,20,0.013333,-1.51657
36,222,412,홍련,트리나,69,0.046309,3.27431
36,162,841,미하라 : 본딩 체인,질,48,0.032215,2.526262
36,032,861,미란다,타키나,237,0.15906,2.375744
36,354,355,마스트 : 로망틱 메이드,앵커 : 이노센트 메이드,265,0.177852,2.356221
36,391,861,아인,타키나,243,0.163087,2.351272
36,840,861,에이다,타키나,243,0.163087,2.34634
36,231,581,이사벨,아르카나,295,0.197987,2.336525
36,017,231,아니스 : 스타,이사벨,295,0.197987,2.321928
36,017,511,아니스 : 스타,신데렐라,298,0.2,2.321928
36,017,581,아니스 : 스타,아르카나,295,0.197987,2.321928
36,018,262,네온 : 비전 아이,리버렐리오,298,0.2,2.321928
36,231,511,이사벨,신데렐라,295,0.197987,2.321928
36,511,581,신데렐라,아르카나,295,0.197987,2.321928
36,015,183,아니스 : 스파클링 서머,메이든 : 아이스 로즈,297,0.199329,2.317079
36,016,222,라피 : 레드 후드,홍련,146,0.097987,2.314388
36,018,355,네온 : 비전 아이,앵커 : 이노센트 메이드,263,0.17651,2.310999
36,262,355,리버렐리오,앵커 : 이노센트 메이드,263,0.17651,2.310999
36,032,840,미란다,에이다,272,0.18255,2.30452
36,222,471,홍련,스노우 화이트 : 헤비암즈,149,0.1,2.288907
36,412,471,트리나,스노우 화이트 : 헤비암즈,66,0.044295,2.272395
36,183,315,메이든 : 아이스 로즈,에이드 : 에이전트 바니,259,0.173826,2.267274
36,018,354,네온 : 비전 아이,마스트 : 로망틱 메이드,280,0.187919,2.266336
36,262,354,리버렐리오,마스트 : 로망틱 메이드,280,0.187919,2.266336
36,223,841,나유타,질,60,0.040268,2.265748
36,015,315,아니스 : 스파클링 서머,에이드 : 에이전트 바니,258,0.173154,2.261693
36,017,330,아니스 : 스타,크라운,285,0.191275,2.257578
36,330,511,크라운,신데렐라,285,0.191275,2.257578
36,231,330,이사벨,크라운,282,0.189262,2.256908
36,330,581,크라운,아르카나,282,0.189262,2.256908
36,016,841,라피 : 레드 후드,질,59,0.039597,2.251625
36,075,223,디젤 : 윈터 스위츠,나유타,53,0.03557,2.251165
36,082,355,리타,앵커 : 이노센트 메이드,81,0.054362,2.246136
36,391,840,아인,에이다,271,0.181879,2.238664
36,016,412,라피 : 레드 후드,트리나,62,0.041611,2.237021
36,032,391,미란다,아인,254,0.17047,2.210674
36,471,841,스노우 화이트 : 헤비암즈,질,59,0.039597,2.196801
36,015,281,아니스 : 스파클링 서머,목단,270,0.181208,2.179575
36,183,281,메이든 : 아이스 로즈,목단,269,0.180537,2.174222
36,016,471,라피 : 레드 후드,스노우 화이트 : 헤비암즈,253,0.169799,2.169772
36,170,315,프리바티,에이드 : 에이전트 바니,239,0.160403,2.151333
36,281,315,목단,에이드 : 에이전트 바니,235,0.157718,2.126983
36,016,162,라피 : 레드 후드,미하라 : 본딩 체인,159,0.106711,2.126804
36,514,840,그레이브,에이다,24,0.016107,2.123947
36,082,354,리타,마스트 : 로망틱 메이드,81,0.054362,2.111109
36,015,170,아니스 : 스파클링 서머,프리바티,252,0.169128,2.080039
36,018,082,네온 : 비전 아이,리타,81,0.054362,2.076816
36,082,262,리타,리버렐리오,81,0.054362,2.076816
36,170,183,프리바티,메이든 : 아이스 로즈,251,0.168456,2.074303
36,032,514,미란다,그레이브,22,0.014765,2.06389
36,162,471,미하라 : 본딩 체인,스노우 화이트 : 헤비암즈,158,0.10604,2.062877
36,075,471,디젤 : 윈터 스위츠,스노우 화이트 : 헤비암즈,47,0.031544,2.033133
36,170,281,프리바티,목단,239,0.160403,2.003626
36,272,861,루주,타키나,145,0.097315,2.001777
36,075,222,디젤 : 윈터 스위츠,홍련,24,0.016107,2.001292
36,162,223,미하라 : 본딩 체인,나유타,146,0.097987,1.993621
36,032,272,미란다,루주,165,0.110738,1.98372
36,016,223,라피 : 레드 후드,나유타,200,0.134228,1.875334
36,272,840,루주,에이다,160,0.107383,1.873852
36,016,075,라피 : 레드 후드,디젤 : 윈터 스위츠,40,0.026846,1.855297
36,272,391,루주,아인,156,0.104698,1.842258
36,223,471,나유타,스노우 화이트 : 헤비암즈,198,0.132886,1.806011
36,355,513,앵커 : 이노센트 메이드,리틀 머메이드,178,0.119463,1.747813
36,018,513,네온 : 비전 아이,리틀 머메이드,200,0.134228,1.746616
36,262,513,리버렐리오,리틀 머메이드,200,0.134228,1.746616
36,162,222,미하라 : 본딩 체인,홍련,65,0.043624,1.719249
36,354,513,마스트 : 로망틱 메이드,리틀 머메이드,182,0.122148,1.644847
36,222,223,홍련,나유타,83,0.055705,1.489478
36,223,352,나유타,헬름,44,0.02953,1.465617
36,075,162,디젤 : 윈터 스위츠,미하라 : 본딩 체인,20,0.013423,1.427615
36,016,352,라피 : 레드 후드,헬름,39,0.026174,1.301712
36,170,412,프리바티,트리나,33,0.022148,1.257798
36,162,412,미하라 : 본딩 체인,트리나,21,0.014094,1.247461
36,352,471,헬름,스노우 화이트 : 헤비암즈,35,0.02349,1.090769
36,183,352,메이든 : 아이스 로즈,헬름,34,0.022819,1.034352
36,015,352,아니스 : 스파클링 서머,헬름,33,0.022148,0.991283
36,032,513,미란다,리틀 머메이드,93,0.062416,0.731804
36,513,861,리틀 머메이드,타키나,80,0.053691,0.719044
36,513,840,리틀 머메이드,에이다,94,0.063087,0.68176
36,281,352,목단,헬름,26,0.01745,0.647328
36,391,513,아인,리틀 머메이드,86,0.057718,0.558368
36,162,272,미하라 : 본딩 체인,루주,31,0.020805,0.123448
36,170,222,프리바티,홍련,33,0.022148,0.099536
36,272,471,루주,스노우 화이트 : 헤비암즈,38,0.025503,-0.209963
36,223,272,나유타,루주,33,0.022148,-0.368796
36,016,170,라피 : 레드 후드,프리바티,43,0.028859,-0.401554
36,272,315,루주,에이드 : 에이전트 바니,30,0.020134,-0.417891
36,170,471,프리바티,스노우 화이트 : 헤비암즈,43,0.028859,-0.456378
36,223,281,나유타,목단,35,0.02349,-0.70866
36,015,272,아니스 : 스파클링 서머,루주,25,0.016779,-0.828632
36,183,272,메이든 : 아이스 로즈,루주,25,0.016779,-0.828632
36,223,391,나유타,아인,30,0.020134,-0.901709
36,162,391,미하라 : 본딩 체인,아인,20,0.013423,-0.904229
36,016,391,라피 : 레드 후드,아인,27,0.018121,-1.043588
36,170,272,프리바티,루주,20,0.013423,-1.15056
36,015,223,아니스 : 스파클링 서머,나유타,25,0.016779,-1.194087
36,223,513,나유타,리틀 머메이드,25,0.016779,-1.194087
36,183,223,메이든 : 아이스 로즈,나유타,24,0.016107,-1.252981
36,018,223,네온 : 비전 아이,나유타,22,0.014765,-1.378512
36,223,262,나유타,리버렐리오,22,0.014765,-1.378512
37,018,262,네온 : 비전 아이,리버렐리오,21,0.014,3.442222
37,162,403,미하라 : 본딩 체인,퀀시 : 이스케이프 퀸,25,0.016667,2.655929
37,316,403,벨벳,퀀시 : 이스케이프 퀸,28,0.018667,2.655929
37,162,470,미하라 : 본딩 체인,레드 후드,25,0.016667,2.484658
37,316,470,벨벳,레드 후드,28,0.018667,2.484658
37,075,520,디젤 : 윈터 스위츠,브래디,166,0.110667,2.332395
37,262,355,리버렐리오,앵커 : 이노센트 메이드,42,0.028,2.326745
37,600,601,민트,프리카,185,0.123333,2.323801
37,032,471,미란다,스노우 화이트 : 헤비암즈,132,0.088,2.321928
37,032,513,미란다,리틀 머메이드,132,0.088,2.321928
37,101,192,드레이크,토브,300,0.2,2.321928
37,101,234,드레이크,도로시 : 세렌디피티,300,0.2,2.321928
37,101,583,드레이크,아르카나 : 포츈 메이트,299,0.199333,2.321928
37,192,234,토브,도로시 : 세렌디피티,300,0.2,2.321928
37,192,583,토브,아르카나 : 포츈 메이트,299,0.199333,2.321928
37,234,583,도로시 : 세렌디피티,아르카나 : 포츈 메이트,299,0.199333,2.321928
37,262,354,리버렐리오,마스트 : 로망틱 메이드,42,0.028,2.321928
37,354,355,마스트 : 로망틱 메이드,앵커 : 이노센트 메이드,299,0.199333,2.321928
37,355,520,앵커 : 이노센트 메이드,브래디,239,0.159333,2.320721
37,082,502,리타,일레그 : 붐 앤 쇼크,254,0.169333,2.320263
37,074,101,솔린 : 프로스트 티켓,드레이크,299,0.199333,2.317111
37,074,192,솔린 : 프로스트 티켓,토브,299,0.199333,2.317111
37,074,234,솔린 : 프로스트 티켓,도로시 : 세렌디피티,299,0.199333,2.317111
37,074,583,솔린 : 프로스트 티켓,아르카나 : 포츈 메이트,298,0.198667,2.317095
37,082,352,리타,헬름,255,0.17,2.316282
37,354,520,마스트 : 로망틱 메이드,브래디,239,0.159333,2.315904
37,390,471,츠바이,스노우 화이트 : 헤비암즈,165,0.11,2.313211
37,390,513,츠바이,리틀 머메이드,165,0.11,2.313211
37,471,513,스노우 화이트 : 헤비암즈,리틀 머메이드,298,0.198667,2.312278
37,352,502,헬름,일레그 : 붐 앤 쇼크,295,0.196667,2.307331
37,032,170,미란다,프리바티,130,0.086667,2.299902
37,191,601,앨리스,프리카,86,0.057333,2.298301
37,016,470,라피 : 레드 후드,레드 후드,256,0.170667,2.284985
37,082,194,리타,루드밀라 : 윈터 오너,248,0.165333,2.280941
37,223,316,나유타,벨벳,27,0.018,2.269461
37,470,601,레드 후드,프리카,160,0.106667,2.267427
37,162,223,미하라 : 본딩 체인,나유타,24,0.016,2.263034
37,194,502,루드밀라 : 윈터 오너,일레그 : 붐 앤 쇼크,284,0.189333,2.257324
37,017,355,아니스 : 스타,앵커 : 이노센트 메이드,284,0.189333,2.247674
37,017,354,아니스 : 스타,마스트 : 로망틱 메이드,284,0.189333,2.242857
37,170,471,프리바티,스노우 화이트 : 헤비암즈,284,0.189333,2.242857
37,194,352,루드밀라 : 윈터 오너,헬름,282,0.188,2.237478
37,017,520,아니스 : 스타,브래디,226,0.150667,2.235216
37,170,513,프리바티,리틀 머메이드,282,0.188,2.232661
37,403,470,퀀시 : 이스케이프 퀸,레드 후드,195,0.13,2.19717
37,016,601,라피 : 레드 후드,프리카,167,0.111333,2.19562
37,170,390,프리바티,츠바이,152,0.101333,2.194816
37,016,316,라피 : 레드 후드,벨벳,25,0.016667,2.187576
37,016,162,라피 : 레드 후드,미하라 : 본딩 체인,22,0.014667,2.16665
37,017,262,아니스 : 스타,리버렐리오,37,0.024667,2.139064
37,075,355,디젤 : 윈터 스위츠,앵커 : 이노센트 메이드,180,0.12,2.132098
37,075,354,디젤 : 윈터 스위츠,마스트 : 로망틱 메이드,180,0.12,2.127281
37,017,018,아니스 : 스타,네온 : 비전 아이,60,0.04,2.120294
37,016,403,라피 : 레드 후드,퀀시 : 이스케이프 퀸,202,0.134667,2.114468
37,018,191,네온 : 비전 아이,앨리스,28,0.018667,2.110026
37,017,075,아니스 : 스타,디젤 : 윈터 스위츠,176,0.117333,2.094859
37,018,355,네온 : 비전 아이,앵커 : 이노센트 메이드,50,0.033333,1.862077
37,018,354,네온 : 비전 아이,마스트 : 로망틱 메이드,50,0.033333,1.85726
37,032,330,미란다,크라운,87,0.058,1.720477
37,403,601,퀀시 : 이스케이프 퀸,프리카,96,0.064,1.701733
37,390,600,츠바이,민트,104,0.069333,1.656979
37,281,352,목단,헬름,31,0.020667,1.632268
37,191,600,앨리스,민트,86,0.057333,1.618292
37,016,191,라피 : 레드 후드,앨리스,84,0.056,1.603841
37,470,600,레드 후드,민트,160,0.106667,1.587417
37,281,502,목단,일레그 : 붐 앤 쇼크,29,0.019333,1.545703
37,016,600,라피 : 레드 후드,민트,167,0.111333,1.51561
37,082,330,리타,크라운,140,0.093333,1.451211
37,191,470,앨리스,레드 후드,68,0.045333,1.432569
37,330,502,크라운,일레그 : 붐 앤 쇼크,160,0.106667,1.424688
37,330,352,크라운,헬름,159,0.106,1.405992
37,194,281,루드밀라 : 윈터 오너,목단,26,0.017333,1.383329
37,194,330,루드밀라 : 윈터 오너,크라운,154,0.102667,1.364713
37,223,281,나유타,목단,25,0.016667,1.321928
37,223,352,나유타,헬름,139,0.092667,1.21205
37,223,502,나유타,일레그 : 붐 앤 쇼크,138,0.092,1.211284
37,223,403,나유타,퀀시 : 이스케이프 퀸,108,0.072,1.181998
37,170,330,프리바티,크라운,136,0.090667,1.180572
37,194,223,루드밀라 : 윈터 오너,나유타,135,0.09,1.174742
37,082,223,리타,나유타,114,0.076,1.154818
37,330,471,크라운,스노우 화이트 : 헤비암즈,126,0.084,1.070389
37,330,513,크라운,리틀 머메이드,126,0.084,1.070389
37,403,600,퀀시 : 이스케이프 퀸,민트,97,0.064667,1.036673
37,471,600,스노우 화이트 : 헤비암즈,민트,114,0.076,0.93565
37,513,600,리틀 머메이드,민트,112,0.074667,0.910114
37,223,470,나유타,레드 후드,99,0.066,0.885196
37,017,191,아니스 : 스타,앨리스,51,0.034,0.854802
37,170,600,프리바티,민트,104,0.069333,0.803199
37,016,223,라피 : 레드 후드,나유타,99,0.066,0.751612
37,191,354,앨리스,마스트 : 로망틱 메이드,44,0.029333,0.641808
37,191,355,앨리스,앵커 : 이노센트 메이드,43,0.028667,0.613459
37,032,223,미란다,나유타,37,0.024667,0.486987
37,191,520,앨리스,브래디,27,0.018,0.259192
37,330,390,크라운,츠바이,39,0.026,0.232291
37,223,513,나유타,리틀 머메이드,61,0.040667,0.023847
37,223,471,나유타,스노우 화이트 : 헤비암즈,60,0.04,-0.0
37,075,403,디젤 : 윈터 스위츠,퀀시 : 이스케이프 퀸,30,0.02,-0.123681
37,170,223,프리바티,나유타,55,0.036667,-0.125531
37,075,470,디젤 : 윈터 스위츠,레드 후드,26,0.017333,-0.501403
37,016,075,라피 : 레드 후드,디젤 : 윈터 스위츠,28,0.018667,-0.528071
37,223,390,나유타,츠바이,23,0.015333,-0.529549
37,075,223,디젤 : 윈터 스위츠,나유타,26,0.017333,-0.664133
37,355,403,앵커 : 이노센트 메이드,퀀시 : 이스케이프 퀸,21,0.014,-1.175755
37,354,403,마스트 : 로망틱 메이드,퀀시 : 이스케이프 퀸,21,0.014,-1.180572
38,271,583,누아르,아르카나 : 포츈 메이트,49,0.032667,4.765111
38,101,192,드레이크,토브,26,0.017333,4.550747
38,192,234,토브,도로시 : 세렌디피티,52,0.034667,4.550747
38,192,583,토브,아르카나 : 포츈 메이트,51,0.034,4.550747
38,192,271,토브,누아르,50,0.033333,4.466683
38,234,583,도로시 : 세렌디피티,아르카나 : 포츈 메이트,39,0.026,4.463284
38,234,271,도로시 : 세렌디피티,누아르,38,0.025333,4.370314
38,074,583,솔린 : 프로스트 티켓,아르카나 : 포츈 메이트,47,0.031333,3.989967
38,074,271,솔린 : 프로스트 티켓,누아르,48,0.032,3.964845
38,032,272,미란다,루주,42,0.028,3.92139
38,074,192,솔린 : 프로스트 티켓,토브,52,0.034667,3.808243
38,074,234,솔린 : 프로스트 티켓,도로시 : 세렌디피티,42,0.028,3.799681
38,431,511,볼륨,신데렐라,93,0.062,3.4402
38,290,514,마나,그레이브,21,0.014,3.40439
38,032,102,미란다,맥스웰,22,0.014667,3.158429
38,162,514,미하라 : 본딩 체인,그레이브,30,0.02,3.024574
38,102,283,맥스웰,로산나 : 시크 오션,26,0.017333,2.89804
38,032,074,미란다,솔린 : 프로스트 티켓,33,0.022,2.885411
38,082,290,리타,마나,28,0.018667,2.882622
38,018,514,네온 : 비전 아이,그레이브,21,0.014,2.825097
38,162,315,미하라 : 본딩 체인,에이드 : 에이전트 바니,65,0.043333,2.761539
38,102,284,맥스웰,사쿠라 : 블룸 인 서머,25,0.016667,2.690777
38,018,290,네온 : 비전 아이,마나,46,0.030667,2.676233
38,032,075,미란다,디젤 : 윈터 스위츠,40,0.026667,2.640104
38,290,315,마나,에이드 : 에이전트 바니,29,0.019333,2.491542
38,082,162,리타,미하라 : 본딩 체인,39,0.026,2.466279
38,431,601,볼륨,프리카,119,0.079333,2.380822
38,431,600,볼륨,민트,119,0.079333,2.365871
38,600,601,민트,프리카,288,0.192,2.365871
38,283,284,로산나 : 시크 오션,사쿠라 : 블룸 인 서머,45,0.03,2.355552
38,017,225,아니스 : 스타,홍련 : 흑영,300,0.2,2.321928
38,017,262,아니스 : 스타,리버렐리오,300,0.2,2.321928
38,017,354,아니스 : 스타,마스트 : 로망틱 메이드,300,0.2,2.321928
38,017,355,아니스 : 스타,앵커 : 이노센트 메이드,300,0.2,2.321928
38,225,262,홍련 : 흑영,리버렐리오,300,0.2,2.321928
38,225,354,홍련 : 흑영,마스트 : 로망틱 메이드,300,0.2,2.321928
38,225,355,홍련 : 흑영,앵커 : 이노센트 메이드,300,0.2,2.321928
38,262,354,리버렐리오,마스트 : 로망틱 메이드,300,0.2,2.321928
38,262,355,리버렐리오,앵커 : 이노센트 메이드,300,0.2,2.321928
38,354,355,마스트 : 로망틱 메이드,앵커 : 이노센트 메이드,300,0.2,2.321928
38,834,835,레이 (가칭),아스카 : WILLE,253,0.168667,2.315385
38,075,272,디젤 : 윈터 스위츠,루주,22,0.014667,2.289507
38,162,290,미하라 : 본딩 체인,마나,43,0.028667,2.26384
38,018,315,네온 : 비전 아이,에이드 : 에이전트 바니,37,0.024667,2.263721
38,511,601,신데렐라,프리카,99,0.066,2.255291
38,018,082,네온 : 비전 아이,리타,27,0.018,2.25086
38,511,600,신데렐라,민트,99,0.066,2.240341
38,170,513,프리바티,리틀 머메이드,277,0.184667,2.206852
38,281,315,목단,에이드 : 에이전트 바니,79,0.052667,2.196986
38,283,570,로산나 : 시크 오션,아크레인저 블랙,80,0.053333,2.191601
38,281,283,목단,로산나 : 시크 오션,91,0.060667,2.14061
38,330,835,크라운,아스카 : WILLE,262,0.174667,2.131349
38,330,834,크라운,레이 (가칭),219,0.146,2.102362
38,075,223,디젤 : 윈터 스위츠,나유타,105,0.07,2.070389
38,162,283,미하라 : 본딩 체인,로산나 : 시크 오션,48,0.032,2.063744
38,032,223,미란다,나유타,63,0.042,2.032421
38,018,162,네온 : 비전 아이,미하라 : 본딩 체인,53,0.035333,1.986202
38,284,570,사쿠라 : 블룸 인 서머,아크레인저 블랙,76,0.050667,1.966922
38,162,281,미하라 : 본딩 체인,목단,111,0.074,1.891635
38,223,316,나유타,벨벳,202,0.134667,1.840588
38,032,352,미란다,헬름,49,0.032667,1.790146
38,281,284,목단,사쿠라 : 블룸 인 서머,78,0.052,1.767539
38,102,570,맥스웰,아크레인저 블랙,26,0.017333,1.753335
38,316,513,벨벳,리틀 머메이드,183,0.122,1.698077
38,281,570,목단,아크레인저 블랙,148,0.098667,1.697564
38,284,315,사쿠라 : 블룸 인 서머,에이드 : 에이전트 바니,23,0.015333,1.647651
38,471,600,스노우 화이트 : 헤비암즈,민트,171,0.114,1.618817
38,471,601,스노우 화이트 : 헤비암즈,프리카,168,0.112,1.608232
38,330,513,크라운,리틀 머메이드,179,0.119333,1.576925
38,223,272,나유타,루주,32,0.021333,1.567041
38,316,515,벨벳,신데렐라 : 크리스탈 웨이브,146,0.097333,1.540324
38,170,316,프리바티,벨벳,164,0.109333,1.539929
38,018,431,네온 : 비전 아이,볼륨,29,0.019333,1.525225
38,513,515,리틀 머메이드,신데렐라 : 크리스탈 웨이브,153,0.102,1.51862
38,102,281,맥스웰,목단,26,0.017333,1.516477
38,170,515,프리바티,신데렐라 : 크리스탈 웨이브,152,0.101333,1.50916
38,223,515,나유타,신데렐라 : 크리스탈 웨이브,143,0.095333,1.421103
38,471,570,스노우 화이트 : 헤비암즈,아크레인저 블랙,122,0.081333,1.403688
38,431,515,볼륨,신데렐라 : 크리스탈 웨이브,56,0.037333,1.402588
38,352,834,헬름,레이 (가칭),123,0.082,1.390383
38,170,330,프리바티,크라운,156,0.104,1.378512
38,315,570,에이드 : 에이전트 바니,아크레인저 블랙,38,0.025333,1.37799
38,431,471,볼륨,스노우 화이트 : 헤비암즈,59,0.039333,1.373665
38,075,316,디젤 : 윈터 스위츠,벨벳,60,0.04,1.352302
38,018,281,네온 : 비전 아이,목단,61,0.040667,1.343052
38,330,352,크라운,헬름,135,0.09,1.290219
38,570,601,아크레인저 블랙,프리카,113,0.075333,1.288111
38,570,600,아크레인저 블랙,민트,114,0.076,1.285872
38,016,352,라피 : 레드 후드,헬름,133,0.088667,1.283186
38,162,284,미하라 : 본딩 체인,사쿠라 : 블룸 인 서머,31,0.020667,1.282299
38,162,570,미하라 : 본딩 체인,아크레인저 블랙,60,0.04,1.240967
38,513,835,리틀 머메이드,아스카 : WILLE,141,0.094,1.237478
38,352,835,헬름,아스카 : WILLE,129,0.086,1.229448
38,016,834,라피 : 레드 후드,레이 (가칭),118,0.078667,1.224717
38,170,223,프리바티,나유타,140,0.093333,1.222392
38,018,511,네온 : 비전 아이,신데렐라,21,0.014,1.199492
38,102,223,맥스웰,나유타,22,0.014667,1.196397
38,082,352,리타,헬름,28,0.018667,1.183488
38,016,835,라피 : 레드 후드,아스카 : WILLE,131,0.087333,1.145849
38,016,075,라피 : 레드 후드,디젤 : 윈터 스위츠,54,0.036,1.125531
38,075,471,디젤 : 윈터 스위츠,스노우 화이트 : 헤비암즈,52,0.034667,1.120495
38,075,352,디젤 : 윈터 스위츠,헬름,49,0.032667,1.091148
38,170,835,프리바티,아스카 : WILLE,125,0.083333,1.063711
38,016,471,라피 : 레드 후드,스노우 화이트 : 헤비암즈,117,0.078,1.041885
38,281,290,목단,마나,33,0.022,1.036003
38,471,511,스노우 화이트 : 헤비암즈,신데렐라,42,0.028,1.02327
38,223,513,나유타,리틀 머메이드,121,0.080667,1.011973
38,513,834,리틀 머메이드,레이 (가칭),102,0.068,1.0
38,283,352,로산나 : 시크 오션,헬름,40,0.026667,0.995966
38,074,223,솔린 : 프로스트 티켓,나유타,34,0.022667,0.966447
38,074,352,솔린 : 프로스트 티켓,헬름,31,0.020667,0.953475
38,511,515,신데렐라,신데렐라 : 크리스탈 웨이브,37,0.024667,0.944617
38,016,601,라피 : 레드 후드,프리카,107,0.071333,0.90797
38,016,600,라피 : 레드 후드,민트,107,0.071333,0.893019
38,018,601,네온 : 비전 아이,프리카,45,0.03,0.88399
38,016,330,라피 : 레드 후드,크라운,109,0.072667,0.875793
38,018,600,네온 : 비전 아이,민트,45,0.03,0.86904
38,281,471,목단,스노우 화이트 : 헤비암즈,99,0.066,0.865449
38,170,834,프리바티,레이 (가칭),88,0.058667,0.787006
38,223,352,나유타,헬름,95,0.063333,0.783259
38,284,600,사쿠라 : 블룸 인 서머,민트,36,0.024,0.616933
38,016,570,라피 : 레드 후드,아크레인저 블랙,70,0.046667,0.552821
38,284,601,사쿠라 : 블룸 인 서머,프리카,33,0.022,0.506353
38,162,471,미하라 : 본딩 체인,스노우 화이트 : 헤비암즈,42,0.028,0.474377
38,016,223,라피 : 레드 후드,나유타,77,0.051333,0.374396
38,283,471,로산나 : 시크 오션,스노우 화이트 : 헤비암즈,27,0.018,0.372543
38,515,601,신데렐라 : 크리스탈 웨이브,프리카,64,0.042667,0.320126
38,515,600,신데렐라 : 크리스탈 웨이브,민트,64,0.042667,0.305176
38,316,330,벨벳,크라운,62,0.041333,0.136573
38,075,281,디젤 : 윈터 스위츠,목단,26,0.017333,0.135655
38,016,316,라피 : 레드 후드,벨벳,61,0.040667,0.127614
38,223,471,나유타,스노우 화이트 : 헤비암즈,61,0.040667,0.087759
38,284,352,사쿠라 : 블룸 인 서머,헬름,23,0.015333,0.046921
38,316,471,벨벳,스노우 화이트 : 헤비암즈,54,0.036,0.001176
38,281,352,목단,헬름,52,0.034667,-0.007085
38,284,471,사쿠라 : 블룸 인 서머,스노우 화이트 : 헤비암즈,23,0.015333,-0.009461
38,316,352,벨벳,헬름,50,0.033333,-0.053473
38,281,600,목단,민트,51,0.034,-0.11145
38,016,284,라피 : 레드 후드,사쿠라 : 블룸 인 서머,22,0.014667,-0.123004
38,281,601,목단,프리카,50,0.033333,-0.125069
38,162,515,미하라 : 본딩 체인,신데렐라 : 크리스탈 웨이브,25,0.016667,-0.169874
38,162,352,미하라 : 본딩 체인,헬름,25,0.016667,-0.217702
38,352,570,헬름,아크레인저 블랙,34,0.022667,-0.383204
38,281,316,목단,벨벳,38,0.025333,-0.490624
38,281,834,목단,레이 (가칭),30,0.02,-0.686463
38,330,515,크라운,신데렐라 : 크리스탈 웨이브,33,0.022,-0.694374
38,281,515,목단,신데렐라 : 크리스탈 웨이브,28,0.018667,-0.852341
38,281,835,목단,아스카 : WILLE,29,0.019333,-0.965021
38,170,352,프리바티,헬름,25,0.016667,-1.14274
38,316,835,벨벳,아스카 : WILLE,25,0.016667,-1.16895
38,223,281,나유타,목단,25,0.016667,-1.183963
38,515,835,신데렐라 : 크리스탈 웨이브,아스카 : WILLE,22,0.014667,-1.274519
39,234,583,도로시 : 세렌디피티,아르카나 : 포츈 메이트,26,0.017333,5.421464
39,314,583,소다 : 트윙클링 바니,아르카나 : 포츈 메이트,26,0.017333,5.421464
39,101,192,드레이크,토브,36,0.024,5.380822
39,101,234,드레이크,도로시 : 세렌디피티,35,0.023333,5.380822
39,101,314,드레이크,소다 : 트윙클링 바니,35,0.023333,5.380822
39,101,583,드레이크,아르카나 : 포츈 메이트,26,0.017333,5.380822
39,192,234,토브,도로시 : 세렌디피티,35,0.023333,5.380822
39,192,314,토브,소다 : 트윙클링 바니,35,0.023333,5.380822
39,192,583,토브,아르카나 : 포츈 메이트,26,0.017333,5.380822
39,234,314,도로시 : 세렌디피티,소다 : 트윙클링 바니,34,0.022667,5.379644
39,102,220,맥스웰,스노우 화이트,42,0.028,4.1341
39,162,315,미하라 : 본딩 체인,에이드 : 에이전트 바니,34,0.022667,4.116609
39,220,390,스노우 화이트,츠바이,72,0.048,4.077718
39,102,390,맥스웰,츠바이,42,0.028,4.06195
39,100,840,라플라스,에이다,59,0.039333,2.839999
39,860,861,치사토,타키나,208,0.138667,2.836468
39,840,861,에이다,타키나,203,0.135333,2.822223
39,100,861,라플라스,타키나,59,0.039333,2.81914
39,840,860,에이다,치사토,202,0.134667,2.815099
39,100,860,라플라스,치사토,58,0.038667,2.794478
39,032,322,미란다,마르차나 : 마린 스터디,205,0.136667,2.624574
39,032,352,미란다,헬름,132,0.088,2.522757
39,322,352,마르차나 : 마린 스터디,헬름,139,0.092667,2.474585
39,162,471,미하라 : 본딩 체인,스노우 화이트 : 헤비암즈,34,0.022667,2.444992
39,100,281,라플라스,목단,60,0.04,2.411195
39,281,861,목단,타키나,205,0.136667,2.383316
39,281,860,목단,치사토,204,0.136,2.376262
39,281,840,목단,에이다,199,0.132667,2.36132
39,032,353,미란다,헬름 : 아쿠아마린,212,0.141333,2.337528
39,600,601,민트,프리카,286,0.190667,2.336428
39,016,017,라피 : 레드 후드,아니스 : 스타,300,0.2,2.321928
39,016,450,라피 : 레드 후드,나가,299,0.199333,2.321928
39,017,450,아니스 : 스타,나가,299,0.199333,2.321928
39,330,450,크라운,나가,299,0.199333,2.321928
39,354,355,마스트 : 로망틱 메이드,앵커 : 이노센트 메이드,288,0.192,2.321928
39,354,515,마스트 : 로망틱 메이드,신데렐라 : 크리스탈 웨이브,300,0.2,2.321928
39,355,515,앵커 : 이노센트 메이드,신데렐라 : 크리스탈 웨이브,288,0.192,2.321928
39,016,330,라피 : 레드 후드,크라운,299,0.199333,2.317111
39,017,330,아니스 : 스타,크라운,299,0.199333,2.317111
39,601,851,프리카,레이븐,278,0.185333,2.290648
39,016,170,라피 : 레드 후드,프리바티,293,0.195333,2.287866
39,017,170,아니스 : 스타,프리바티,293,0.195333,2.287866
39,170,450,프리바티,나가,292,0.194667,2.287751
39,170,330,프리바티,크라운,292,0.194667,2.282934
39,353,390,헬름 : 아쿠아마린,츠바이,77,0.051333,2.260309
39,032,223,미란다,나유타,203,0.135333,2.255447
39,600,851,민트,레이븐,279,0.186,2.24138
39,223,353,나유타,헬름 : 아쿠아마린,266,0.177333,2.187188
39,470,601,레드 후드,프리카,248,0.165333,2.180165
39,322,353,마르차나 : 마린 스터디,헬름 : 아쿠아마린,204,0.136,2.159314
39,220,353,스노우 화이트,헬름 : 아쿠아마린,68,0.045333,2.153135
39,470,600,레드 후드,민트,250,0.166667,2.137305
39,470,851,레드 후드,레이븐,250,0.166667,2.132456
39,354,850,마스트 : 로망틱 메이드,이브,257,0.171333,2.122981
39,515,850,신데렐라 : 크리스탈 웨이브,이브,257,0.171333,2.122981
39,355,850,앵커 : 이노센트 메이드,이브,246,0.164,2.118765
39,354,513,마스트 : 로망틱 메이드,리틀 머메이드,260,0.173333,2.115477
39,513,515,리틀 머메이드,신데렐라 : 크리스탈 웨이브,260,0.173333,2.115477
39,355,513,앵커 : 이노센트 메이드,리틀 머메이드,249,0.166,2.112005
39,223,322,나유타,마르차나 : 마린 스터디,197,0.131333,2.089444
39,471,840,스노우 화이트 : 헤비암즈,에이다,130,0.086667,2.085714
39,471,861,스노우 화이트 : 헤비암즈,타키나,131,0.087333,2.075911
39,102,353,맥스웰,헬름 : 아쿠아마린,38,0.025333,2.07544
39,471,860,스노우 화이트 : 헤비암즈,치사토,130,0.086667,2.064856
39,352,353,헬름,헬름 : 아쿠아마린,131,0.087333,2.053581
39,223,352,나유타,헬름,126,0.084,1.977941
39,082,601,리타,프리카,209,0.139333,1.938363
39,281,471,목단,스노우 화이트 : 헤비암즈,159,0.106,1.923178
39,513,850,리틀 머메이드,이브,223,0.148667,1.918257
39,082,600,리타,민트,214,0.142667,1.918023
39,082,851,리타,레이븐,213,0.142,1.906417
39,223,390,나유타,츠바이,60,0.04,1.880917
39,220,223,스노우 화이트,나유타,57,0.038,1.879066
39,162,281,미하라 : 본딩 체인,목단,29,0.019333,1.876859
39,102,223,맥스웰,나유타,32,0.021333,1.808016
39,082,470,리타,레드 후드,186,0.124,1.765127
39,032,143,미란다,밀크 : 블루밍 바니,56,0.037333,1.74627
39,143,322,밀크 : 블루밍 바니,마르차나 : 마린 스터디,57,0.038,1.649086
39,315,471,에이드 : 에이전트 바니,스노우 화이트 : 헤비암즈,32,0.021333,1.620564
39,315,352,에이드 : 에이전트 바니,헬름,23,0.015333,1.614109
39,143,353,밀크 : 블루밍 바니,헬름 : 아쿠아마린,62,0.041333,1.434906
39,143,223,밀크 : 블루밍 바니,나유타,59,0.039333,1.343857
39,390,471,츠바이,스노우 화이트 : 헤비암즈,30,0.02,1.299185
39,281,315,목단,에이드 : 에이전트 바니,32,0.021333,1.281912
39,315,322,에이드 : 에이전트 바니,마르차나 : 마린 스터디,25,0.016667,1.201134
39,220,471,스노우 화이트,스노우 화이트 : 헤비암즈,22,0.014667,0.923876
39,143,355,밀크 : 블루밍 바니,앵커 : 이노센트 메이드,28,0.018667,0.317812
39,143,513,밀크 : 블루밍 바니,리틀 머메이드,29,0.019333,0.309544
39,143,354,밀크 : 블루밍 바니,마스트 : 로망틱 메이드,28,0.018667,0.258918
39,143,515,밀크 : 블루밍 바니,신데렐라 : 크리스탈 웨이브,28,0.018667,0.258918
39,082,850,리타,이브,64,0.042667,0.186304
39,353,471,헬름 : 아쿠아마린,스노우 화이트 : 헤비암즈,44,0.029333,0.009606
39,223,471,나유타,스노우 화이트 : 헤비암즈,39,0.026,-0.183919
39,281,470,목단,레드 후드,43,0.028667,-0.327447
39,281,851,목단,레이븐,40,0.026667,-0.486045
39,082,355,리타,앵커 : 이노센트 메이드,39,0.026,-0.493647
39,281,601,목단,프리카,38,0.025333,-0.500748
39,082,354,리타,마스트 : 로망틱 메이드,40,0.026667,-0.516015
39,082,515,리타,신데렐라 : 크리스탈 웨이브,40,0.026667,-0.516015
39,513,601,리틀 머메이드,프리카,39,0.026,-0.552541
39,281,600,목단,민트,38,0.025333,-0.555196
39,513,600,리틀 머메이드,민트,39,0.026,-0.606989
39,513,851,리틀 머메이드,레이븐,38,0.025333,-0.649313
39,470,513,레드 후드,리틀 머메이드,34,0.022667,-0.755516
39,601,850,프리카,이브,33,0.022,-0.769302
39,600,850,민트,이브,33,0.022,-0.823749
39,850,851,이브,레이븐,28,0.018667,-1.065638
39,353,470,헬름 : 아쿠아마린,레드 후드,25,0.016667,-1.169976
39,223,470,나유타,레드 후드,23,0.015333,-1.309767
40,223,411,나유타,플로라,27,0.018,4.983706
40,600,601,민트,프리카,267,0.178,2.484658
40,514,831,그레이브,레이,216,0.144,2.35435
40,411,471,플로라,스노우 화이트 : 헤비암즈,31,0.020667,2.350125
40,281,471,목단,스노우 화이트 : 헤비암즈,277,0.184667,2.3498
40,260,514,모더니아,그레이브,280,0.186667,2.330196
40,870,871,퀸(마코토),유키코,295,0.196667,2.32668
40,260,831,모더니아,레이,213,0.142,2.324188
40,191,514,앨리스,그레이브,248,0.165333,2.323791
40,074,101,솔린 : 프로스트 티켓,드레이크,300,0.2,2.321928
40,074,192,솔린 : 프로스트 티켓,토브,300,0.2,2.321928
40,074,234,솔린 : 프로스트 티켓,도로시 : 세렌디피티,296,0.197333,2.321928
40,074,583,솔린 : 프로스트 티켓,아르카나 : 포츈 메이트,300,0.2,2.321928
40,075,411,디젤 : 윈터 스위츠,플로라,32,0.021333,2.321928
40,101,192,드레이크,토브,300,0.2,2.321928
40,101,234,드레이크,도로시 : 세렌디피티,296,0.197333,2.321928
40,101,583,드레이크,아르카나 : 포츈 메이트,300,0.2,2.321928
40,192,234,토브,도로시 : 세렌디피티,296,0.197333,2.321928
40,192,583,토브,아르카나 : 포츈 메이트,300,0.2,2.321928
40,234,583,도로시 : 세렌디피티,아르카나 : 포츈 메이트,296,0.197333,2.321928
40,016,017,라피 : 레드 후드,아니스 : 스타,298,0.198667,2.312278
40,082,260,리타,모더니아,284,0.189333,2.311131
40,082,514,리타,그레이브,281,0.187333,2.305795
40,082,191,리타,앨리스,251,0.167333,2.30161
40,281,411,목단,플로라,30,0.02,2.297766
40,330,513,크라운,리틀 머메이드,295,0.196667,2.297681
40,017,073,아니스 : 스타,브리드 : 사일런트 트랙,294,0.196,2.297599
40,191,260,앨리스,모더니아,245,0.163333,2.296248
40,281,601,목단,프리카,249,0.166,2.290181
40,082,831,리타,레이,212,0.141333,2.287854
40,016,073,라피 : 레드 후드,브리드 : 사일런트 트랙,292,0.194667,2.287751
40,281,600,목단,민트,249,0.166,2.284788
40,191,831,앨리스,레이,184,0.122667,2.281722
40,471,601,스노우 화이트 : 헤비암즈,프리카,246,0.164,2.277747
40,471,600,스노우 화이트 : 헤비암즈,민트,246,0.164,2.272354
40,075,281,디젤 : 윈터 스위츠,목단,275,0.183333,2.265345
40,082,515,리타,신데렐라 : 크리스탈 웨이브,106,0.070667,2.261859
40,075,471,디젤 : 윈터 스위츠,스노우 화이트 : 헤비암즈,273,0.182,2.259867
40,162,170,미하라 : 본딩 체인,프리바티,287,0.191333,2.258016
40,513,870,리틀 머메이드,퀸(마코토),282,0.188,2.24716
40,513,871,리틀 머메이드,유키코,282,0.188,2.24716
40,330,871,크라운,유키코,281,0.187333,2.242035
40,016,170,라피 : 레드 후드,프리바티,283,0.188667,2.237768
40,354,870,마스트 : 로망틱 메이드,퀸(마코토),280,0.186667,2.236892
40,354,871,마스트 : 로망틱 메이드,유키코,280,0.186667,2.236892
40,330,870,크라운,퀸(마코토),279,0.186,2.23173
40,017,170,아니스 : 스타,프리바티,281,0.187333,2.227536
40,354,513,마스트 : 로망틱 메이드,리틀 머메이드,280,0.186667,2.222392
40,017,162,아니스 : 스타,미하라 : 본딩 체인,277,0.184667,2.206852
40,330,354,크라운,마스트 : 로망틱 메이드,277,0.184667,2.206852
40,073,170,브리드 : 사일런트 트랙,프리바티,275,0.183333,2.201214
40,016,162,라피 : 레드 후드,미하라 : 본딩 체인,275,0.183333,2.196397
40,073,162,브리드 : 사일런트 트랙,미하라 : 본딩 체인,273,0.182,2.190684
40,075,601,디젤 : 윈터 스위츠,프리카,243,0.162,2.186045
40,075,600,디젤 : 윈터 스위츠,민트,243,0.162,2.180651
40,260,515,모더니아,신데렐라 : 크리스탈 웨이브,98,0.065333,2.178193
40,514,515,그레이브,신데렐라 : 크리스탈 웨이브,96,0.064,2.158429
40,223,471,나유타,스노우 화이트 : 헤비암즈,31,0.020667,2.028197
40,223,281,나유타,목단,28,0.018667,1.876302
40,075,223,디젤 : 윈터 스위츠,나유타,27,0.018,1.754888
40,191,515,앨리스,신데렐라 : 크리스탈 웨이브,65,0.043333,1.754532
40,515,831,신데렐라 : 크리스탈 웨이브,레이,28,0.018667,0.769387
40,073,075,브리드 : 사일런트 트랙,디젤 : 윈터 스위츠,28,0.018667,-1.094719
40,017,075,아니스 : 스타,디젤 : 윈터 스위츠,23,0.015333,-1.383329
40,016,075,라피 : 레드 후드,디젤 : 윈터 스위츠,21,0.014,-1.514573
40,170,330,프리바티,크라운,20,0.013333,-1.584963
41,225,262,홍련 : 흑영,리버렐리오,36,0.024,4.906891
41,600,601,민트,프리카,105,0.07,3.228819
41,405,861,신 : 스위프트 바니,타키나,162,0.108,2.998433
41,840,861,에이다,타키나,25,0.016667,2.994317
41,515,601,신데렐라 : 크리스탈 웨이브,프리카,75,0.05,2.988504
41,411,861,플로라,타키나,171,0.114,2.9769
41,405,411,신 : 스위프트 바니,플로라,156,0.104,2.951978
41,404,861,길티 : 마이티 바니,타키나,181,0.120667,2.892535
41,404,411,길티 : 마이티 바니,플로라,179,0.119333,2.884498
41,404,405,길티 : 마이티 바니,신 : 스위프트 바니,167,0.111333,2.883922
41,404,840,길티 : 마이티 바니,에이다,25,0.016667,2.835952
41,390,600,츠바이,민트,43,0.028667,2.77244
41,281,405,목단,신 : 스위프트 바니,66,0.044,2.573467
41,281,861,목단,타키나,69,0.046,2.530069
41,281,404,목단,길티 : 마이티 바니,74,0.049333,2.472632
41,281,411,목단,플로라,63,0.042,2.406817
41,515,600,신데렐라 : 크리스탈 웨이브,민트,76,0.050667,2.399931
41,403,601,퀀시 : 이스케이프 퀸,프리카,63,0.042,2.379153
41,355,520,앵커 : 이노센트 메이드,브래디,189,0.126,2.368208
41,520,580,브래디,팬텀,136,0.090667,2.340434
41,032,513,미란다,리틀 머메이드,220,0.146667,2.326745
41,390,513,츠바이,리틀 머메이드,59,0.039333,2.326745
41,032,471,미란다,스노우 화이트 : 헤비암즈,220,0.146667,2.321928
41,074,140,솔린 : 프로스트 티켓,슈가,299,0.199333,2.321928
41,074,192,솔린 : 프로스트 티켓,토브,300,0.2,2.321928
41,074,234,솔린 : 프로스트 티켓,도로시 : 세렌디피티,300,0.2,2.321928
41,074,583,솔린 : 프로스트 티켓,아르카나 : 포츈 메이트,294,0.196,2.321928
41,140,192,슈가,토브,299,0.199333,2.321928
41,140,234,슈가,도로시 : 세렌디피티,299,0.199333,2.321928
41,192,234,토브,도로시 : 세렌디피티,300,0.2,2.321928
41,192,583,토브,아르카나 : 포츈 메이트,294,0.196,2.321928
41,234,583,도로시 : 세렌디피티,아르카나 : 포츈 메이트,294,0.196,2.321928
41,354,355,마스트 : 로망틱 메이드,앵커 : 이노센트 메이드,289,0.192667,2.321928
41,354,520,마스트 : 로망틱 메이드,브래디,190,0.126667,2.321928
41,390,471,츠바이,스노우 화이트 : 헤비암즈,59,0.039333,2.321928
41,140,583,슈가,아르카나 : 포츈 메이트,293,0.195333,2.32183
41,016,601,라피 : 레드 후드,프리카,80,0.053333,2.312939
41,352,502,헬름,일레그 : 붐 앤 쇼크,295,0.196667,2.302498
41,032,170,미란다,프리바티,217,0.144667,2.30212
41,170,390,프리바티,츠바이,58,0.038667,2.297266
41,225,355,홍련 : 흑영,앵커 : 이노센트 메이드,34,0.022667,2.293359
41,403,515,퀀시 : 이스케이프 퀸,신데렐라 : 크리스탈 웨이브,76,0.050667,2.28723
41,017,225,아니스 : 스타,홍련 : 흑영,35,0.023333,2.281286
41,170,471,프리바티,스노우 화이트 : 헤비암즈,290,0.193333,2.273018
41,355,580,앵커 : 이노센트 메이드,팬텀,196,0.130667,2.26261
41,354,580,마스트 : 로망틱 메이드,팬텀,202,0.134667,2.252219
41,017,355,아니스 : 스타,앵커 : 이노센트 메이드,274,0.182667,2.245034
41,471,513,스노우 화이트 : 헤비암즈,리틀 머메이드,283,0.188667,2.242585
41,194,502,루드밀라 : 윈터 오너,일레그 : 붐 앤 쇼크,275,0.183333,2.240208
41,225,354,홍련 : 흑영,마스트 : 로망틱 메이드,34,0.022667,2.239466
41,017,520,아니스 : 스타,브래디,179,0.119333,2.235888
41,194,352,루드밀라 : 윈터 오너,헬름,275,0.183333,2.235391
41,170,513,프리바티,리틀 머메이드,281,0.187333,2.232353
41,082,502,리타,일레그 : 붐 앤 쇼크,255,0.17,2.228341
41,082,352,리타,헬름,255,0.17,2.223524
41,017,354,아니스 : 스타,마스트 : 로망틱 메이드,277,0.184667,2.206852
41,082,194,리타,루드밀라 : 윈터 오너,244,0.162667,2.198902
41,017,580,아니스 : 스타,팬텀,194,0.129333,2.19392
41,262,355,리버렐리오,앵커 : 이노센트 메이드,44,0.029333,2.191397
41,016,515,라피 : 레드 후드,신데렐라 : 크리스탈 웨이브,92,0.061333,2.152003
41,017,262,아니스 : 스타,리버렐리오,44,0.029333,2.137504
41,262,354,리버렐리오,마스트 : 로망틱 메이드,44,0.029333,2.137504
41,403,600,퀀시 : 이스케이프 퀸,민트,64,0.042667,1.79419
41,016,411,라피 : 레드 후드,플로라,92,0.061333,1.736966
41,016,404,라피 : 레드 후드,길티 : 마이티 바니,103,0.068667,1.733546
41,016,861,라피 : 레드 후드,타키나,92,0.061333,1.728973
41,032,330,미란다,크라운,145,0.096667,1.725294
41,016,600,라피 : 레드 후드,민트,81,0.054,1.723179
41,194,223,루드밀라 : 윈터 오너,나유타,171,0.114,1.686018
41,016,405,라피 : 레드 후드,신 : 스위프트 바니,81,0.054,1.652789
41,082,223,리타,나유타,153,0.102,1.62262
41,223,502,나유타,일레그 : 붐 앤 쇼크,165,0.11,1.60031
41,223,352,나유타,헬름,165,0.11,1.595493
41,016,403,라피 : 레드 후드,퀀시 : 이스케이프 퀸,73,0.048667,1.460453
41,170,330,프리바티,크라운,164,0.109333,1.455478
41,330,513,크라운,리틀 머메이드,162,0.108,1.442593
41,330,471,크라운,스노우 화이트 : 헤비암즈,157,0.104667,1.392547
41,354,403,마스트 : 로망틱 메이드,퀀시 : 이스케이프 퀸,83,0.055333,1.262339
41,355,403,앵커 : 이노센트 메이드,퀀시 : 이스케이프 퀸,78,0.052,1.226595
41,330,502,크라운,일레그 : 붐 앤 쇼크,134,0.089333,1.168833
41,330,352,크라운,헬름,133,0.088667,1.153209
41,017,403,아니스 : 스타,퀀시 : 이스케이프 퀸,76,0.050667,1.135227
41,471,600,스노우 화이트 : 헤비암즈,민트,70,0.046667,1.129283
41,194,330,루드밀라 : 윈터 오너,크라운,113,0.075333,0.9571
41,170,600,프리바티,민트,62,0.041333,0.954196
41,082,330,리타,크라운,103,0.068667,0.920488
41,513,600,리틀 머메이드,민트,57,0.038,0.837707
41,403,580,퀀시 : 이스케이프 퀸,팬텀,43,0.028667,0.814463
41,032,223,미란다,나유타,63,0.042,0.65391
41,403,520,퀀시 : 이스케이프 퀸,브래디,34,0.022667,0.633726
41,223,513,나유타,리틀 머메이드,76,0.050667,0.481915
41,170,223,프리바티,나유타,73,0.048667,0.418996
41,223,471,나유타,스노우 화이트 : 헤비암즈,72,0.048,0.399096
41,354,515,마스트 : 로망틱 메이드,신데렐라 : 크리스탈 웨이브,34,0.022667,0.332575
41,515,580,신데렐라 : 크리스탈 웨이브,팬텀,22,0.014667,0.205442
41,355,515,앵커 : 이노센트 메이드,신데렐라 : 크리스탈 웨이브,26,0.017333,-0.000555
41,223,515,나유타,신데렐라 : 크리스탈 웨이브,23,0.015333,-0.095264
41,017,515,아니스 : 스타,신데렐라 : 크리스탈 웨이브,22,0.014667,-0.295456
41,016,223,라피 : 레드 후드,나유타,26,0.017333,-0.687061
41,016,352,라피 : 레드 후드,헬름,27,0.018,-0.768674
41,016,194,라피 : 레드 후드,루드밀라 : 윈터 오너,26,0.017333,-0.784128
41,016,502,라피 : 레드 후드,일레그 : 붐 앤 쇼크,26,0.017333,-0.818305
41,016,330,라피 : 레드 후드,크라운,21,0.014,-1.126428
