notice_id,source,published_at,updated_at,kind,title,url,chars
naver:700421,naver,2022-06-30T16:00:24+09:00,2022-07-04T11:44:02+09:00,other,《승리의 여신: 니케》 공식 라운지 오픈 안내,https://game.naver.com/lounge/nikke/board/detail/700421,494
official:96d0f053a937ba43ebab687a18f6a6d0f817,official,2022-07-15T01:00:00+09:00,,other,"시프트업 기대작 '승리의 여신: 니케', CBT 모집",https://www.nikke-kr.com/newsdetail.html?content_id=96d0f053a937ba43ebab687a18f6a6d0f817,698
naver:727963,naver,2022-07-15T09:00:31+09:00,2022-07-15T09:00:31+09:00,other,《승리의 여신: 니케》 글로벌 CBT 모집 안내,https://game.naver.com/lounge/nikke/board/detail/727963,930
naver:732698,naver,2022-07-18T11:14:13+09:00,2025-04-30T15:44:58+09:00,other,글로벌 CBT 신청 공식 페이지 이용 불가 현상 안내,https://game.naver.com/lounge/nikke/board/detail/732698,531
naver:732724,naver,2022-07-18T11:41:04+09:00,2025-04-30T15:45:09+09:00,other,글로벌 CBT 신청 공식 페이지 복구 완료 안내,https://game.naver.com/lounge/nikke/board/detail/732724,193
naver:740833,naver,2022-07-22T12:00:36+09:00,2025-04-30T15:45:17+09:00,other,테스터 모집 종료 일정 안내,https://game.naver.com/lounge/nikke/board/detail/740833,156
naver:744754,naver,2022-07-24T18:00:32+09:00,2025-04-30T15:45:30+09:00,other,《승리의 여신: 니케》 글로벌 CBT 모집 종료 일정 안내,https://game.naver.com/lounge/nikke/board/detail/744754,857
naver:747466,naver,2022-07-26T12:00:34+09:00,2025-04-30T15:45:50+09:00,other,📢 글로벌 CBT 모집 종료,https://game.naver.com/lounge/nikke/board/detail/747466,163
naver:751859,naver,2022-07-28T12:00:33+09:00,2022-07-28T12:03:35+09:00,other,《승리의 여신: 니케》 글로벌 CBT 모집 결과 및 진행 기간 안내,https://game.naver.com/lounge/nikke/board/detail/751859,948
naver:752453,naver,2022-07-28T16:00:31+09:00,2025-04-30T15:45:58+09:00,event,글로벌 CBT 모집 게시글 공유 이벤트 종료 일정 안내,https://game.naver.com/lounge/nikke/board/detail/752453,620
naver:763055,naver,2022-08-01T18:13:37+09:00,2025-04-30T15:46:05+09:00,other,📢 글로벌 CBT 당첨 메일 발송 안내,https://game.naver.com/lounge/nikke/board/detail/763055,178
naver:763900,naver,2022-08-02T00:52:25+09:00,2025-04-30T15:46:15+09:00,other,글로벌 CBT 당첨 메일 발송 완료 안내,https://game.naver.com/lounge/nikke/board/detail/763900,210
naver:764553,naver,2022-08-02T12:00:30+09:00,2022-08-19T11:23:06+09:00,other,【Global Closed Beta Test】 글로벌 CBT 개시,https://game.naver.com/lounge/nikke/board/detail/764553,160
naver:764557,naver,2022-08-02T12:03:04+09:00,2025-04-30T15:46:25+09:00,other,【Global Closed Beta Test】 글로벌 CBT 추가 안내,https://game.naver.com/lounge/nikke/board/detail/764557,347
naver:764644,naver,2022-08-02T12:46:35+09:00,2025-04-30T15:46:34+09:00,other,⚔ 시뮬레이션 룸 공략 ⚔,https://game.naver.com/lounge/nikke/board/detail/764644,115
naver:764645,naver,2022-08-02T12:47:05+09:00,2025-04-30T15:46:41+09:00,other,⚔ 스페셜 스테이지 공략 ⚔,https://game.naver.com/lounge/nikke/board/detail/764645,117
naver:764660,naver,2022-08-02T12:55:35+09:00,2022-08-02T12:55:35+09:00,other,불법 리소스 사용에 대한 조치 안내,https://game.naver.com/lounge/nikke/board/detail/764660,299
naver:764670,naver,2022-08-02T13:00:38+09:00,2025-04-30T15:46:47+09:00,other,【Global Closed Beta Test】 협동작전,https://game.naver.com/lounge/nikke/board/detail/764670,181
naver:765775,naver,2022-08-02T21:00:30+09:00,2025-04-30T15:46:54+09:00,other,📢 글로벌 CBT 당첨 메일 발송 재안내,https://game.naver.com/lounge/nikke/board/detail/765775,286
naver:768146,naver,2022-08-03T18:00:12+09:00,2025-04-30T15:47:16+09:00,event,📄 설문조사 참여 이벤트,https://game.naver.com/lounge/nikke/board/detail/768146,89
naver:771174,naver,2022-08-04T18:34:01+09:00,2025-04-30T15:47:25+09:00,other,글로벌 CBT 테스트 계정 매매 및 양도 관련 안내,https://game.naver.com/lounge/nikke/board/detail/771174,299
naver:775683,naver,2022-08-06T13:00:36+09:00,2025-04-30T15:47:48+09:00,other,【Global Closed Beta Test】 협동작전 2차 오픈 안내,https://game.naver.com/lounge/nikke/board/detail/775683,156
naver:780302,naver,2022-08-08T12:30:07+09:00,2025-04-30T15:47:56+09:00,other,'글로벌 CBT 설문조사 02' 참여 보상 지급 안내,https://game.naver.com/lounge/nikke/board/detail/780302,221
naver:780408,naver,2022-08-08T13:22:44+09:00,2025-04-30T15:48:03+09:00,other,글로벌 CBT 지원 물자 지급 안내,https://game.naver.com/lounge/nikke/board/detail/780408,262
naver:782476,naver,2022-08-09T10:00:34+09:00,2025-04-30T15:48:11+09:00,other,📢 글로벌 CBT 종료 임박 및 보상 안내,https://game.naver.com/lounge/nikke/board/detail/782476,214
naver:783616,naver,2022-08-09T18:00:33+09:00,2022-08-09T18:10:31+09:00,event,버그 찾기 이벤트 종료 일정 안내,https://game.naver.com/lounge/nikke/board/detail/783616,529
naver:786165,naver,2022-08-10T13:02:11+09:00,2022-08-10T13:02:11+09:00,other,【Global Closed Beta Test】 글로벌 CBT 종료 안내,https://game.naver.com/lounge/nikke/board/detail/786165,160
naver:826598,naver,2022-08-22T12:18:56+09:00,2022-08-22T12:18:56+09:00,other,📊9일간의 여정,https://game.naver.com/lounge/nikke/board/detail/826598,148
naver:849987,naver,2022-08-30T13:44:30+09:00,2022-09-01T15:28:30+09:00,maintenance,공식 홈페이지 점검 안내,https://game.naver.com/lounge/nikke/board/detail/849987,447
naver:855888,naver,2022-09-01T09:00:32+09:00,2022-09-01T09:00:32+09:00,other,《승리의 여신: 니케》 사전예약 일정 안내,https://game.naver.com/lounge/nikke/board/detail/855888,133
naver:856942,naver,2022-09-01T15:23:35+09:00,2022-09-01T15:27:22+09:00,maintenance,공식 홈페이지 점검 종료 안내,https://game.naver.com/lounge/nikke/board/detail/856942,465
official:b65e0289aafbca4bc6aa2a3a8f030fbcce95,official,2022-09-07T01:00:00+09:00,,other,하반기 기대작 ‘승리의 여신: 니케’ 글로벌 사전예약 돌입,https://www.nikke-kr.com/newsdetail.html?content_id=b65e0289aafbca4bc6aa2a3a8f030fbcce95,984
naver:872952,naver,2022-09-07T09:00:32+09:00,2022-09-07T15:17:06+09:00,other,글로벌 사전예약 상세 안내,https://game.naver.com/lounge/nikke/board/detail/872952,1138
naver:874368,naver,2022-09-07T13:00:36+09:00,2022-09-07T13:00:36+09:00,other,📢 공식 사이트 업데이트 완료 안내,https://game.naver.com/lounge/nikke/board/detail/874368,165
naver:876173,naver,2022-09-07T18:39:05+09:00,2022-09-08T10:37:25+09:00,other,《네이버 라운지》 사전예약 안내,https://game.naver.com/lounge/nikke/board/detail/876173,811
naver:883347,naver,2022-09-09T10:00:39+09:00,2022-09-13T17:31:37+09:00,other,📢 글로벌 사전예약 50만 명 돌파 안내,https://game.naver.com/lounge/nikke/board/detail/883347,154
official:d3741aa0adbbba4570a866fa6016125eafba,official,2022-09-15T01:00:00+09:00,,other,"‘승리의 여신: 니케’, 글로벌 사전예약 1주일 만에 100만 명 돌파",https://www.nikke-kr.com/newsdetail.html?content_id=d3741aa0adbbba4570a866fa6016125eafba,899
naver:897520,naver,2022-09-15T09:00:30+09:00,2022-09-15T09:00:30+09:00,other,📢 글로벌 사전예약 100만 명 돌파 안내,https://game.naver.com/lounge/nikke/board/detail/897520,159
naver:899089,naver,2022-09-15T20:20:24+09:00,2022-09-15T21:04:05+09:00,other,《승리의 여신: 니케》 글로벌 CBT 리포트,https://game.naver.com/lounge/nikke/board/detail/899089,166
naver:900947,naver,2022-09-16T13:24:52+09:00,2022-09-16T13:24:52+09:00,other,《승리의 여신: 니케》 테크니컬 테스터 모집 안내,https://game.naver.com/lounge/nikke/board/detail/900947,1519
naver:912446,naver,2022-09-21T09:00:33+09:00,2022-09-21T09:00:33+09:00,other,📢 글로벌 사전예약 150만 명 돌파 안내,https://game.naver.com/lounge/nikke/board/detail/912446,146
naver:917127,naver,2022-09-22T19:00:32+09:00,2022-09-22T19:00:32+09:00,other,《승리의 여신: 니케》 테크니컬 테스트 모집 종료 일정 안내,https://game.naver.com/lounge/nikke/board/detail/917127,592
naver:926249,naver,2022-09-26T21:00:27+09:00,2022-09-26T21:00:27+09:00,other,테크니컬 테스트 당첨 메일 발송 및 진행 일정 안내,https://game.naver.com/lounge/nikke/board/detail/926249,1426
naver:927612,naver,2022-09-27T12:00:30+09:00,2022-09-27T12:00:30+09:00,other,《승리의 여신: 니케》 테크니컬 테스트(Technical Test) 개시 안내,https://game.naver.com/lounge/nikke/board/detail/927612,480
naver:931639,naver,2022-09-28T18:00:31+09:00,2022-09-28T18:00:31+09:00,event,《승리의 여신: 니케》 테크니컬 테스트 진행 일정 및 이벤트 안내,https://game.naver.com/lounge/nikke/board/detail/931639,758
naver:933432,naver,2022-09-29T09:00:30+09:00,2022-09-29T09:00:30+09:00,other,📢 글로벌 사전예약 200만 명 돌파 안내,https://game.naver.com/lounge/nikke/board/detail/933432,162
naver:937207,naver,2022-09-30T09:30:27+09:00,2022-09-30T09:30:27+09:00,event,📢 팬아트 모집 이벤트 기간 연장 안내,https://game.naver.com/lounge/nikke/board/detail/937207,445
naver:937762,naver,2022-09-30T13:00:38+09:00,2022-09-30T13:00:38+09:00,other,《승리의 여신: 니케》 테크니컬 테스트(Technical Test) 종료 안내,https://game.naver.com/lounge/nikke/board/detail/937762,155
naver:951076,naver,2022-10-05T09:00:33+09:00,2022-10-05T09:00:33+09:00,other,📢 글로벌 사전예약 250만 명 돌파 안내,https://game.naver.com/lounge/nikke/board/detail/951076,136
official:940310bfab08ba4547a9221ad3e6970c1c70,official,2022-10-12T01:00:00+09:00,,other,"'승리의 여신: 니케', 11월 4일 출시 확정",https://www.nikke-kr.com/newsdetail.html?content_id=940310bfab08ba4547a9221ad3e6970c1c70,885
naver:971383,naver,2022-10-12T09:00:35+09:00,2022-10-12T09:00:35+09:00,other,📢 글로벌 사전예약 300만 명 돌파 안내,https://game.naver.com/lounge/nikke/board/detail/971383,161
naver:971388,naver,2022-10-12T09:05:36+09:00,2022-10-12T09:05:36+09:00,other,《승리의 여신: 니케》 정식 런칭 일자 확정 안내,https://game.naver.com/lounge/nikke/board/detail/971388,452
naver:971426,naver,2022-10-12T09:30:27+09:00,2022-10-12T09:30:27+09:00,event,니케 투표 이벤트 진행 사전 안내,https://game.naver.com/lounge/nikke/board/detail/971426,391
official:9b61508ba9469a475babe86aa8beb77593ea,official,2022-10-17T01:00:00+09:00,,event,"건슈팅 액션 ‘승리의 여신: 니케’, 인기 투표 이벤트 실시",https://www.nikke-kr.com/newsdetail.html?content_id=9b61508ba9469a475babe86aa8beb77593ea,899
naver:1000180,naver,2022-10-20T12:00:15+09:00,2022-10-24T11:38:38+09:00,other,[종료] 《승리의 여신: 니케》 Q&A 진행 안내 (내용 추가),https://game.naver.com/lounge/nikke/board/detail/1000180,657
naver:1009470,naver,2022-10-23T10:00:30+09:00,2022-10-23T10:00:30+09:00,other,《승리의 여신: 니케》 공식 라운지 스티커 공개,https://game.naver.com/lounge/nikke/board/detail/1009470,535
naver:1010412,naver,2022-10-23T15:00:35+09:00,2022-10-23T15:00:35+09:00,event,📢 팬아트 모집 이벤트 종료 기간 변경 안내,https://game.naver.com/lounge/nikke/board/detail/1010412,534
naver:1023793,naver,2022-10-27T19:00:30+09:00,2022-10-27T19:31:35+09:00,event,니케 투표 이벤트 종료 안내,https://game.naver.com/lounge/nikke/board/detail/1023793,500
official:fbe38fdba6f58a4a32a8d9fa5af9d7206663,official,2022-10-28T01:00:00+09:00,,other,미소녀 건슈팅 액션 ‘승리의 여신: 니케’ X 사와노 히로유키와 협업,https://www.nikke-kr.com/newsdetail.html?content_id=fbe38fdba6f58a4a32a8d9fa5af9d7206663,1039
naver:1025125,naver,2022-10-28T09:00:30+09:00,2022-10-28T09:00:30+09:00,other,사전 다운로드 진행 일정 안내,https://game.naver.com/lounge/nikke/board/detail/1025125,399
naver:1028004,naver,2022-10-29T10:00:33+09:00,2022-10-29T10:00:33+09:00,other,📢 [D-6] 정식 런칭 카운트다운,https://game.naver.com/lounge/nikke/board/detail/1028004,54
naver:1030996,naver,2022-10-30T10:00:46+09:00,2022-10-30T10:00:46+09:00,other,📢 [D-5] 정식 런칭 카운트다운,https://game.naver.com/lounge/nikke/board/detail/1030996,51
naver:1032084,naver,2022-10-30T16:30:17+09:00,2022-10-30T16:30:17+09:00,other,《승리의 여신: 니케》에서 애도를 표합니다.,https://game.naver.com/lounge/nikke/board/detail/1032084,447
naver:1034415,naver,2022-10-31T10:00:34+09:00,2022-10-31T10:00:34+09:00,other,📢 [D-4] 정식 런칭 카운트다운,https://game.naver.com/lounge/nikke/board/detail/1034415,51
naver:1035017,naver,2022-10-31T11:00:33+09:00,2022-10-31T11:00:33+09:00,event,《승리의 여신: 니케》 팬아트 모집 이벤트 종료 안내,https://game.naver.com/lounge/nikke/board/detail/1035017,217
naver:1036885,naver,2022-10-31T19:00:29+09:00,2022-10-31T19:00:29+09:00,other,니케 런칭 스페셜 방송 일정 안내,https://game.naver.com/lounge/nikke/board/detail/1036885,547
naver:1038308,naver,2022-11-01T10:00:30+09:00,2022-11-01T10:38:31+09:00,other,📢 [D-3] 정식 런칭 카운트다운,https://game.naver.com/lounge/nikke/board/detail/1038308,53
naver:1041158,naver,2022-11-02T10:00:35+09:00,2022-11-02T10:00:35+09:00,other,📢 [D-2] 정식 런칭 카운트다운,https://game.naver.com/lounge/nikke/board/detail/1041158,52
naver:1043223,naver,2022-11-02T18:30:26+09:00,2022-11-02T18:30:26+09:00,other,사전예약 종료 일정 안내,https://game.naver.com/lounge/nikke/board/detail/1043223,557
official:46ee3fb3a03aea468ca9610af15af6e78d2d,official,2022-11-02T19:00:00+09:00,,other,정식 런칭 관련 FAQ,https://www.nikke-kr.com/newsdetail.html?content_id=46ee3fb3a03aea468ca9610af15af6e78d2d,2231
naver:1043370,naver,2022-11-02T19:03:55+09:00,2022-11-02T19:03:55+09:00,other,정식 런칭 관련 FAQ 안내,https://game.naver.com/lounge/nikke/board/detail/1043370,309
naver:1045142,naver,2022-11-03T09:00:29+09:00,2022-11-03T17:02:56+09:00,other,사전 다운로드 오픈 안내 (내용 추가),https://game.naver.com/lounge/nikke/board/detail/1045142,730
naver:1045289,naver,2022-11-03T10:00:35+09:00,2022-11-03T10:00:35+09:00,other,📢 [D-1] 정식 런칭 카운트다운,https://game.naver.com/lounge/nikke/board/detail/1045289,73
official:9cc74b21a0195a42b0a91ebac931133619c8,official,2022-11-03T17:45:59+09:00,,devnote,【개발자 노트】 런칭 기념 개발자 노트,https://www.nikke-kr.com/newsdetail.html?content_id=9cc74b21a0195a42b0a91ebac931133619c8,3129
naver:1047397,naver,2022-11-03T19:30:23+09:00,2022-11-03T19:33:19+09:00,other,니케 런칭 스페셜 방송 예정 안내,https://game.naver.com/lounge/nikke/board/detail/1047397,551
naver:1047515,naver,2022-11-03T20:03:04+09:00,2022-11-03T20:03:58+09:00,other,니케 런칭 스페셜 방송 진행 중 안내,https://game.naver.com/lounge/nikke/board/detail/1047515,489
naver:1047609,naver,2022-11-03T20:30:26+09:00,2022-11-03T20:30:26+09:00,other,<승리의 여신: 니케> G-STAR 2022 참가 안내,https://game.naver.com/lounge/nikke/board/detail/1047609,444
official:f7176103a8597a40f9a8f17ab058b88c4cab,official,2022-11-04T01:00:00+09:00,,other,"레벨 인피니트, 미소녀 건슈팅 액션 ‘승리의 여신: 니케’ 정식 출시",https://www.nikke-kr.com/newsdetail.html?content_id=f7176103a8597a40f9a8f17ab058b88c4cab,1556
naver:1048896,naver,2022-11-04T06:50:07+09:00,2022-11-04T06:50:07+09:00,other,니케 정식 런칭 보상 리스트 안내,https://game.naver.com/lounge/nikke/board/detail/1048896,122
official:fa6089f2ac130a4445a8ec9a55aaa23c37c4,official,2022-11-04T07:00:00+09:00,,other,<승리의 여신: 니케> 정식 서비스 오픈 안내,https://www.nikke-kr.com/newsdetail.html?content_id=fa6089f2ac130a4445a8ec9a55aaa23c37c4,820
naver:1048907,naver,2022-11-04T07:00:10+09:00,2022-11-06T12:19:51+09:00,other,<승리의 여신: 니케> 정식 런칭 안내,https://game.naver.com/lounge/nikke/board/detail/1048907,793
naver:1049013,naver,2022-11-04T08:01:58+09:00,2022-11-04T08:08:34+09:00,other,게임 내 접속이 불안정한 현상에 대한 안내,https://game.naver.com/lounge/nikke/board/detail/1049013,158
naver:1050436,naver,2022-11-04T14:10:17+09:00,2022-11-04T14:10:17+09:00,other,게임 내 접속이 불안정한 현상 정상화 안내,https://game.naver.com/lounge/nikke/board/detail/1050436,188
naver:1050485,naver,2022-11-04T14:21:08+09:00,2022-11-04T14:33:19+09:00,other,메일 보상 수령 불가 현상 안내(수정),https://game.naver.com/lounge/nikke/board/detail/1050485,571
naver:1053056,naver,2022-11-04T22:21:13+09:00,2022-11-04T22:42:32+09:00,other,📢 무료 게임 랭킹 1위 달성,https://game.naver.com/lounge/nikke/board/detail/1053056,214
naver:1053184,naver,2022-11-04T22:44:58+09:00,2022-11-04T22:45:45+09:00,other,📢 무료 게임 랭킹 1위 달성 보상 지급 안내,https://game.naver.com/lounge/nikke/board/detail/1053184,136
naver:1055557,naver,2022-11-05T11:51:00+09:00,2022-11-05T11:53:21+09:00,other,상담 에피소드가 원활하지 않은 현상 안내,https://game.naver.com/lounge/nikke/board/detail/1055557,567
naver:1056931,naver,2022-11-05T16:51:26+09:00,2022-11-05T23:59:59+09:00,other,메일 보상 수령 불가 현상에 대한 진행 현황 안내,https://game.naver.com/lounge/nikke/board/detail/1056931,912
naver:1057259,naver,2022-11-05T17:26:35+09:00,2022-11-05T22:27:24+09:00,other,11/5(토) 서버 접속 불가 현상 발생 및 정상화 안내,https://game.naver.com/lounge/nikke/board/detail/1057259,566
naver:1058013,naver,2022-11-05T19:54:48+09:00,2022-11-05T22:29:19+09:00,other,11/5(토) 서버 접속 불가 현상 관련 보상 안내,https://game.naver.com/lounge/nikke/board/detail/1058013,471
naver:1058021,naver,2022-11-05T19:55:34+09:00,2022-11-05T19:55:34+09:00,other,재화 및 아이템 미확인 현상 관련 안내,https://game.naver.com/lounge/nikke/board/detail/1058021,543
naver:1058389,naver,2022-11-05T20:52:52+09:00,2022-11-06T10:43:04+09:00,other,11/5(토) 로딩 진도 10/10 도달 후 접속 불가 현상 관련 안내,https://game.naver.com/lounge/nikke/board/detail/1058389,722
official:1fcaeaf9acb21a45e4a8b4aa3704819326c2,official,2022-11-05T22:16:16+09:00,,sanction,핵 계정 차단 공지,https://www.nikke-kr.com/newsdetail.html?content_id=1fcaeaf9acb21a45e4a8b4aa3704819326c2,854
naver:1059870,naver,2022-11-06T02:24:26+09:00,2022-11-06T10:43:28+09:00,other,재화 및 아이템 미확인 현상 및 보상 2차 안내,https://game.naver.com/lounge/nikke/board/detail/1059870,968
naver:1064978,naver,2022-11-06T19:57:18+09:00,2022-11-06T19:57:18+09:00,other,📢 니케 런칭 스페셜 방송 기념 보상 지급 안내,https://game.naver.com/lounge/nikke/board/detail/1064978,279
official:e1f013eca3ab3a499da8d50a7288360b87a2,official,2022-11-07T01:00:00+09:00,,other,"'승리의 여신: 니케' 한국, 미국, 일본 1위 석권",https://www.nikke-kr.com/newsdetail.html?content_id=e1f013eca3ab3a499da8d50a7288360b87a2,1006
naver:1067942,naver,2022-11-07T09:00:30+09:00,2022-11-07T09:00:30+09:00,other,📢 시크릿 미션 진행 안내,https://game.naver.com/lounge/nikke/board/detail/1067942,151
naver:1070243,naver,2022-11-07T17:09:38+09:00,2022-11-07T17:09:38+09:00,other,상담 에피소드가 원활하지 않은 현상에 대한 추가 안내,https://game.naver.com/lounge/nikke/board/detail/1070243,789
official:22b03645a7648a4ed9a9b39aa03e89fe3ba3,official,2022-11-08T00:10:00+09:00,,sanction,핵 계정 차단 공지,https://www.nikke-kr.com/newsdetail.html?content_id=22b03645a7648a4ed9a9b39aa03e89fe3ba3,5458
official:a99bd917ac929a46efabf2ba0f9860c95097,official,2022-11-09T01:00:00+09:00,,update,11월 10일 업데이트 정기점검 안내,https://www.nikke-kr.com/newsdetail.html?content_id=a99bd917ac929a46efabf2ba0f9860c95097,2057
naver:1081224,naver,2022-11-09T01:33:29+09:00,2022-11-09T01:33:29+09:00,other,재화 및 아이템 미확인 현상 및 보상 3차 안내,https://game.naver.com/lounge/nikke/board/detail/1081224,672
naver:1083705,naver,2022-11-09T15:07:30+09:00,2022-11-09T15:23:21+09:00,maintenance,11/9(수) 게임 내 점검 진행 메시지가 출력된 현상 안내(수정),https://game.naver.com/lounge/nikke/board/detail/1083705,479
naver:1090043,naver,2022-11-10T17:40:36+09:00,2022-11-10T17:47:34+09:00,maintenance,📢 11월 10일(목) 업데이트 점검 연장 안내,https://game.naver.com/lounge/nikke/board/detail/1090043,465
naver:1092729,naver,2022-11-10T23:50:09+09:00,2022-11-10T23:50:09+09:00,maintenance,11/10(목) 업데이트 점검 후 일본 서버 게임 접속 불안정 현상 관련 안내,https://game.naver.com/lounge/nikke/board/detail/1092729,539
naver:1093910,naver,2022-11-11T07:59:15+09:00,2022-11-11T07:59:15+09:00,maintenance,11월 11일(금) 긴급 점검 결과 및 협동작전 이벤트 지연 안내,https://game.naver.com/lounge/nikke/board/detail/1093910,859
naver:1094048,naver,2022-11-11T08:43:51+09:00,2022-11-11T08:43:51+09:00,other,"📢 글로벌 다운로드 1,000만 달성 보상",https://game.naver.com/lounge/nikke/board/detail/1094048,128
naver:1098425,naver,2022-11-11T20:24:47+09:00,2022-11-11T20:24:47+09:00,other,11월 11일(금) 일시적인 서버 불안정 현상 복구 및 에피소드 관련 이슈 안내,https://game.naver.com/lounge/nikke/board/detail/1098425,478
naver:1099736,naver,2022-11-12T00:28:34+09:00,2022-11-12T00:28:34+09:00,other,📢 양대 마켓 1위 기념 보상,https://game.naver.com/lounge/nikke/board/detail/1099736,308
naver:1102285,naver,2022-11-12T14:36:14+09:00,2022-11-12T14:38:22+09:00,other,게임 접속 불안정 현상 정상화 안내,https://game.naver.com/lounge/nikke/board/detail/1102285,449
naver:1102401,naver,2022-11-12T15:05:18+09:00,2022-11-12T15:05:18+09:00,event,NIKKE RISE ON 오프라인 이벤트 현장 방문 안내,https://game.naver.com/lounge/nikke/board/detail/1102401,262
official:664e634ca76f4a47b5a9fa5a3716a818fa0f,official,2022-11-12T15:17:48+09:00,,sanction,핵 계정 차단 공지 2022/11/12,https://www.nikke-kr.com/newsdetail.html?content_id=664e634ca76f4a47b5a9fa5a3716a818fa0f,19308
naver:1103134,naver,2022-11-12T17:41:56+09:00,2022-11-12T17:45:59+09:00,event,NIKKE RISE ON 오프라인 이벤트 현장 방문 추가 안내,https://game.naver.com/lounge/nikke/board/detail/1103134,354
naver:1105491,naver,2022-11-13T04:15:15+09:00,2022-11-16T14:26:28+09:00,other,📢 11/13(일) NIKKE RISE ON 행사 내용 변경 안내,https://game.naver.com/lounge/nikke/board/detail/1105491,1436
naver:1105991,naver,2022-11-13T10:00:17+09:00,2022-11-16T14:26:11+09:00,other,📢 [리마인드] 11/13(일) NIKKE RISE ON 행사 내용 변경 안내,https://game.naver.com/lounge/nikke/board/detail/1105991,1438
naver:1113523,naver,2022-11-14T20:07:09+09:00,2022-11-14T21:23:54+09:00,other,버그 및 비인가 프로그램 관련 안내,https://game.naver.com/lounge/nikke/board/detail/1113523,1007
official:fe017e7fa1d65a46a2abd23ad0b5fe5fd078,official,2022-11-15T00:41:08+09:00,,sanction,핵 계정 차단 공지 2022/11/14,https://www.nikke-kr.com/newsdetail.html?content_id=fe017e7fa1d65a46a2abd23ad0b5fe5fd078,17774
official:455de265afd06a44f8ab9e4af4ffe8888eb1,official,2022-11-15T01:00:00+09:00,,other,"승리의 여신: 니케, 지휘관 사관학교 콘셉트로 지스타 부스 연다",https://www.nikke-kr.com/newsdetail.html?content_id=455de265afd06a44f8ab9e4af4ffe8888eb1,944
naver:1125132,naver,2022-11-16T20:44:07+09:00,2022-11-17T09:41:39+09:00,other,일반 상점 내 상품 관련 오류 및 조치 안내,https://game.naver.com/lounge/nikke/board/detail/1125132,230
official:53b8a009aad40a4ca3aac42a6dabdde8e903,official,2022-11-17T01:00:00+09:00,,sanction,핵 계정 차단 공지 2022/11/17,https://www.nikke-kr.com/newsdetail.html?content_id=53b8a009aad40a4ca3aac42a6dabdde8e903,34940
naver:1127003,naver,2022-11-17T01:03:45+09:00,2022-11-17T09:53:50+09:00,other,일반 상점 내 상품 관련 오류 정상화 안내,https://game.naver.com/lounge/nikke/board/detail/1127003,299
naver:1131436,naver,2022-11-17T19:10:55+09:00,2022-11-17T19:10:55+09:00,other,📢 협동작전 오픈 일정 안내,https://game.naver.com/lounge/nikke/board/detail/1131436,400
official:915417ffaf89ca4651aa972afb6409d52583,official,2022-11-18T01:00:00+09:00,,sanction,핵 계정 차단 공지 2022/11/18,https://www.nikke-kr.com/newsdetail.html?content_id=915417ffaf89ca4651aa972afb6409d52583,63080
naver:1138679,naver,2022-11-18T23:37:32+09:00,2022-11-18T23:42:16+09:00,other,협동작전 관련 공지,https://game.naver.com/lounge/nikke/board/detail/1138679,313
official:215cb0fcacbb7a4f9faaf4da974130010c10,official,2022-11-21T01:00:00+09:00,,sanction,핵 계정 차단 공지 2022/11/21,https://www.nikke-kr.com/newsdetail.html?content_id=215cb0fcacbb7a4f9faaf4da974130010c10,891
official:c4cf49dca0d56a41ababa27a9d22fd258933,official,2022-11-21T16:30:00+09:00,,update,11월 24일 업데이트 공지,https://www.nikke-kr.com/newsdetail.html?content_id=c4cf49dca0d56a41ababa27a9d22fd258933,3410
naver:1156457,naver,2022-11-22T23:34:35+09:00,2022-11-24T17:16:32+09:00,other,📢 글로벌 일러스트 콘테스트 진행 안내,https://game.naver.com/lounge/nikke/board/detail/1156457,657
naver:1157692,naver,2022-11-23T10:00:34+09:00,2022-11-23T10:00:34+09:00,event,📢 미니게임 이벤트 진행 예정 안내,https://game.naver.com/lounge/nikke/board/detail/1157692,64
official:96218abeaeff9a4fc8aac82aceb500b06f72,official,2022-11-23T20:00:00+09:00,,devnote,【개발자 노트】 2022년 11월,https://www.nikke-kr.com/newsdetail.html?content_id=96218abeaeff9a4fc8aac82aceb500b06f72,2831
naver:1161023,naver,2022-11-23T21:00:15+09:00,2022-11-23T21:46:23+09:00,other,11월 24일(목) 업데이트 관련 FAQ 안내,https://game.naver.com/lounge/nikke/board/detail/1161023,279
naver:1163091,naver,2022-11-24T08:09:55+09:00,2022-11-24T08:27:44+09:00,other,📢 빌드 업데이트 진행 안내,https://game.naver.com/lounge/nikke/board/detail/1163091,175
official:5cad78a6ae87fa4850aa1ccabf8c9e5f7c50,official,2022-11-24T08:30:00+09:00,,event,HIGHTECH TOY 스토리 이벤트 소개,https://www.nikke-kr.com/newsdetail.html?content_id=5cad78a6ae87fa4850aa1ccabf8c9e5f7c50,1811
naver:1164274,naver,2022-11-24T12:28:19+09:00,2022-11-24T12:28:19+09:00,other,기업별 니케 성장 랭킹 관련 현상 안내,https://game.naver.com/lounge/nikke/board/detail/1164274,657
naver:1166569,naver,2022-11-24T19:40:26+09:00,2022-11-24T19:40:26+09:00,other,글로벌 일러스트 콘테스트 OPEN!,https://game.naver.com/lounge/nikke/board/detail/1166569,1086
naver:1174647,naver,2022-11-26T01:50:43+09:00,2022-11-26T01:56:22+09:00,other,11월 25일 업데이트 추가 공지,https://game.naver.com/lounge/nikke/board/detail/1174647,564
naver:1177344,naver,2022-11-26T17:54:22+09:00,2022-11-26T17:54:22+09:00,other,안드로이드 플랫폼 게스트 계정 관련 공지,https://game.naver.com/lounge/nikke/board/detail/1177344,287
naver:1184264,naver,2022-11-28T12:48:56+09:00,2022-11-30T09:34:19+09:00,other,"11/28(월), 재화 및 아이템 미확인 현상 조치 상세 안내(내용 수정)",https://game.naver.com/lounge/nikke/board/detail/1184264,1047
naver:1187491,naver,2022-11-28T20:35:56+09:00,2022-11-28T20:35:56+09:00,other,사전예약 보상 재발급 과정 중 일부 재화가 중복 발송된 건에 관하여,https://game.naver.com/lounge/nikke/board/detail/1187491,339
naver:1188637,naver,2022-11-28T22:46:41+09:00,2022-11-28T22:46:41+09:00,other,신규 지휘관 전용 10회 모집 관련 설명,https://game.naver.com/lounge/nikke/board/detail/1188637,444
naver:1194773,naver,2022-11-29T23:47:18+09:00,2022-11-30T00:10:06+09:00,other,신규 지휘관 전용 10회 모집 추가 안내,https://game.naver.com/lounge/nikke/board/detail/1194773,1299
naver:1196740,naver,2022-11-30T11:29:48+09:00,2022-11-30T12:45:13+09:00,other,[정상화] 일본 서버 접속 불가 현상에 대한 안내,https://game.naver.com/lounge/nikke/board/detail/1196740,283
naver:1197125,naver,2022-11-30T13:00:53+09:00,2022-11-30T13:00:53+09:00,other,iOS 플랫폼 게스트 계정 관련 공지,https://game.naver.com/lounge/nikke/board/detail/1197125,281
naver:1200750,naver,2022-11-30T23:52:07+09:00,2022-12-01T13:50:01+09:00,other,유니온 레이드 관련 안내,https://game.naver.com/lounge/nikke/board/detail/1200750,481
naver:1216679,naver,2022-12-04T00:23:34+09:00,2022-12-04T00:23:34+09:00,other,📢 공식 라운지 누적 가입자 수 5만 명 돌파 보상,https://game.naver.com/lounge/nikke/board/detail/1216679,172
official:6ddd75a1a5eeba42a6ab189aef0ff52c6426,official,2022-12-07T06:55:00+09:00,,other,12월 8일 업데이트 개선사항,https://www.nikke-kr.com/newsdetail.html?content_id=6ddd75a1a5eeba42a6ab189aef0ff52c6426,4842
official:5b08513da1035a4586aba7ea05cb5ff0a1f6,official,2022-12-07T21:01:00+09:00,,other,12월 8일(목) 업데이트 관련 FAQ 안내,https://www.nikke-kr.com/newsdetail.html?content_id=5b08513da1035a4586aba7ea05cb5ff0a1f6,1878
naver:1233453,naver,2022-12-07T22:04:58+09:00,2022-12-07T22:04:58+09:00,other,12월 8일(목) 업데이트 관련 FAQ 안내,https://game.naver.com/lounge/nikke/board/detail/1233453,2063
naver:1234570,naver,2022-12-08T06:44:43+09:00,2022-12-08T06:48:40+09:00,maintenance,📢 12월 8일(목) 업데이트 점검 연장 안내(수정),https://game.naver.com/lounge/nikke/board/detail/1234570,483
naver:1237900,naver,2022-12-08T18:00:33+09:00,2022-12-08T18:00:33+09:00,patch_fix,빌드 업데이트 개선사항 안내,https://game.naver.com/lounge/nikke/board/detail/1237900,257
naver:1241064,naver,2022-12-09T12:25:16+09:00,2022-12-09T12:25:16+09:00,other,📢 협동작전 오픈 안내,https://game.naver.com/lounge/nikke/board/detail/1241064,405
naver:1243016,naver,2022-12-09T20:50:34+09:00,2022-12-14T18:10:26+09:00,other,12월 8일(목) 업데이트 이후 발생 현상 안내(내용 추가),https://game.naver.com/lounge/nikke/board/detail/1243016,1277
naver:1252249,naver,2022-12-12T18:34:10+09:00,2022-12-13T10:01:22+09:00,other,《승리의 여신: 니케》 네이버 게임 스티커 출시 안내,https://game.naver.com/lounge/nikke/board/detail/1252249,229
official:2cd21813a127ea4f8babbcbab77a73256d61,official,2022-12-14T20:00:00+09:00,,other,12월 14일 클라이언트 권장 업데이트 안내,https://www.nikke-kr.com/newsdetail.html?content_id=2cd21813a127ea4f8babbcbab77a73256d61,1484
naver:1259810,naver,2022-12-14T20:46:07+09:00,2022-12-21T10:50:25+09:00,other,권장 업데이트 안내,https://game.naver.com/lounge/nikke/board/detail/1259810,1518
naver:1267779,naver,2022-12-16T17:51:29+09:00,2022-12-16T17:51:29+09:00,other,iOS 권장 업데이트 안내,https://game.naver.com/lounge/nikke/board/detail/1267779,961
official:9cd2d068ad6e6a44d1a9959a534c86158674,official,2022-12-19T15:50:00+09:00,,update,12월 20일 업데이트 공지,https://www.nikke-kr.com/newsdetail.html?content_id=9cd2d068ad6e6a44d1a9959a534c86158674,1536
naver:1298057,naver,2022-12-22T14:30:39+09:00,2022-12-22T14:30:39+09:00,other,스페셜 아레나 매칭에 대한 안내,https://game.naver.com/lounge/nikke/board/detail/1298057,151
naver:1301990,naver,2022-12-23T12:00:17+09:00,2022-12-23T12:00:17+09:00,update,12/23(금) 업데이트 안내,https://game.naver.com/lounge/nikke/board/detail/1301990,414
naver:1308018,naver,2022-12-24T18:36:20+09:00,2022-12-24T18:36:20+09:00,other,📢 크리스마스 스페셜 보상,https://game.naver.com/lounge/nikke/board/detail/1308018,138
naver:1311213,naver,2022-12-25T15:00:30+09:00,2022-12-25T15:00:30+09:00,event,크리스마스 데이트 이벤트 종료 일정 안내,https://game.naver.com/lounge/nikke/board/detail/1311213,440
naver:1314218,naver,2022-12-26T12:00:33+09:00,2022-12-26T12:00:33+09:00,other,🛳️연회 초대장✉️,https://game.naver.com/lounge/nikke/board/detail/1314218,94
official:0a4074e4ab49aa4ed6a8a6daa20612438af3,official,2022-12-26T16:00:00+09:00,,update,12월 29일 업데이트 공지,https://www.nikke-kr.com/newsdetail.html?content_id=0a4074e4ab49aa4ed6a8a6daa20612438af3,3185
naver:1338191,naver,2022-12-30T13:04:39+09:00,2022-12-30T13:04:39+09:00,update,12/30(금) 업데이트 안내,https://game.naver.com/lounge/nikke/board/detail/1338191,701
naver:1346871,naver,2022-12-31T18:00:34+09:00,2022-12-31T18:16:02+09:00,other,🌞 2023년 디렉터 새해 인사,https://game.naver.com/lounge/nikke/board/detail/1346871,167
naver:1349202,naver,2023-01-01T01:26:04+09:00,2023-01-01T01:37:36+09:00,other,게임 내 서버 불안정 현상 및 구매 관련 현상 안내,https://game.naver.com/lounge/nikke/board/detail/1349202,186
naver:1349500,naver,2023-01-01T02:40:37+09:00,2023-01-01T02:40:37+09:00,other,게임 내 서버 불안정 현상 및 구매 관련 현상 추가 안내,https://game.naver.com/lounge/nikke/board/detail/1349500,246
naver:1350990,naver,2023-01-01T12:00:33+09:00,2023-01-02T09:44:25+09:00,other,🎁새해 선물 - DAY 1🎁,https://game.naver.com/lounge/nikke/board/detail/1350990,156
naver:1355561,naver,2023-01-02T12:00:34+09:00,2023-01-02T14:05:59+09:00,other,🎁새해 선물 - DAY 2🎁,https://game.naver.com/lounge/nikke/board/detail/1355561,100
naver:1360730,naver,2023-01-03T12:00:34+09:00,2023-01-03T12:00:34+09:00,other,🎁새해 선물 - DAY 3🎁,https://game.naver.com/lounge/nikke/board/detail/1360730,101
naver:1375470,naver,2023-01-05T13:02:19+09:00,2023-01-05T13:02:19+09:00,other,스페셜 아레나 포인트 관련 안내,https://game.naver.com/lounge/nikke/board/detail/1375470,152
naver:1379162,naver,2023-01-05T23:03:05+09:00,2023-01-06T14:13:57+09:00,other,[복구 완료 및 보상 안내] 스페셜 아레나 포인트 관련 안내,https://game.naver.com/lounge/nikke/board/detail/1379162,401
official:3d7c57e7af303a476eabfa9a70f988c3b03e,official,2023-01-09T19:00:00+09:00,,update,1월 12일 업데이트 공지,https://www.nikke-kr.com/newsdetail.html?content_id=3d7c57e7af303a476eabfa9a70f988c3b03e,4358
official:27a5fbe2a7eafa4f33a8772a1e27b5c2c810,official,2023-01-09T20:01:59+09:00,,other,캐릭터 스킬 조정 안내,https://www.nikke-kr.com/newsdetail.html?content_id=27a5fbe2a7eafa4f33a8772a1e27b5c2c810,3502
naver:1399959,naver,2023-01-09T20:34:53+09:00,2023-01-09T20:36:52+09:00,other,1/12(목) 니케 스킬 조정 진행 예정 안내,https://game.naver.com/lounge/nikke/board/detail/1399959,121
official:9e0e7619aa5a7a4000a8018afffc90b50e1d,official,2023-01-12T01:00:00+09:00,,patch_fix,1월 12일 업데이트 개선사항,https://www.nikke-kr.com/newsdetail.html?content_id=9e0e7619aa5a7a4000a8018afffc90b50e1d,7442
naver:1419510,naver,2023-01-13T10:00:34+09:00,2023-01-13T10:00:34+09:00,other,📢 신규 기능 안내 「라이브 월페이퍼」,https://game.naver.com/lounge/nikke/board/detail/1419510,137
official:7ff10260ab41da418caad6ba6d83e5325ef6,official,2023-01-18T16:00:59+09:00,,other,신규 스킬 효과 안내,https://www.nikke-kr.com/newsdetail.html?content_id=7ff10260ab41da418caad6ba6d83e5325ef6,1135
official:f557b47eafd28a4c5ba8533a9be17f2b0b2a,official,2023-01-18T17:00:00+09:00,,devnote,【개발자 노트】 2023년 1월,https://www.nikke-kr.com/newsdetail.html?content_id=f557b47eafd28a4c5ba8533a9be17f2b0b2a,2482
naver:1445958,naver,2023-01-18T20:40:36+09:00,2023-01-18T21:03:06+09:00,other,📢 신규 스킬 효과 안내,https://game.naver.com/lounge/nikke/board/detail/1445958,1448
naver:1481656,naver,2023-01-25T18:30:44+09:00,2023-01-25T18:30:44+09:00,other,유니온 레이드 시즌 오픈 일정 안내,https://game.naver.com/lounge/nikke/board/detail/1481656,449
official:bb0b8e29af624a4888a990aa2b804d636268,official,2023-01-30T16:00:00+09:00,,update,2월 1일 업데이트 공지,https://www.nikke-kr.com/newsdetail.html?content_id=bb0b8e29af624a4888a990aa2b804d636268,4423
naver:1522063,naver,2023-02-03T15:18:37+09:00,2023-02-03T15:18:37+09:00,other,트위터 API 유료화로 인한 계정 관련 안내,https://game.naver.com/lounge/nikke/board/detail/1522063,317
naver:1539370,naver,2023-02-07T16:00:31+09:00,2023-02-07T16:00:31+09:00,update,2월 7일(화) 업데이트 안내,https://game.naver.com/lounge/nikke/board/detail/1539370,508
naver:1543988,naver,2023-02-08T18:00:31+09:00,2023-02-08T18:19:02+09:00,event,<승리의 여신: 니케> 파트너 지휘관 모집 이벤트,https://game.naver.com/lounge/nikke/board/detail/1543988,1871
official:514097e7a7912a45eca8a4ea353c8281e23e,official,2023-02-13T13:00:00+09:00,,update,2월 15일 업데이트 공지,https://www.nikke-kr.com/newsdetail.html?content_id=514097e7a7912a45eca8a4ea353c8281e23e,756
official:5c2aae93a3306a4d51aaf4ca0ba028d01ad1,official,2023-02-13T17:00:00+09:00,,known_issue,알려진 이슈 및 현황 안내 (2월 1일부터)[2월 24일 내용 추가],https://www.nikke-kr.com/newsdetail.html?content_id=5c2aae93a3306a4d51aaf4ca0ba028d01ad1,2602
naver:1567022,naver,2023-02-13T19:00:12+09:00,2023-03-23T11:26:57+09:00,known_issue,알려진 이슈 및 수정 현황 안내(3/23 내용 추가),https://game.naver.com/lounge/nikke/board/detail/1567022,3310
official:28821f51abf84a499ea96baa950b7d7600ce,official,2023-02-14T01:00:00+09:00,,other,《승리의 여신: 니케》 PC 버전 관련 안내,https://www.nikke-kr.com/newsdetail.html?content_id=28821f51abf84a499ea96baa950b7d7600ce,1760
naver:1571676,naver,2023-02-14T17:00:33+09:00,2023-02-14T17:12:19+09:00,other,【NIKKE × animate 콜라보 굿즈 공개】,https://game.naver.com/lounge/nikke/board/detail/1571676,127
naver:1571722,naver,2023-02-14T17:10:24+09:00,2023-02-14T17:31:38+09:00,other,【NIKKE × animate 콜라보 굿즈 사전 예약】,https://game.naver.com/lounge/nikke/board/detail/1571722,420
official:e1d7fc3aa68caa4d90ab1b9ac8249cc1d097,official,2023-02-15T10:01:00+09:00,,other,《승리의 여신: 니케》PC 버전 관련 FAQ(9/7 내용 업데이트),https://www.nikke-kr.com/newsdetail.html?content_id=e1d7fc3aa68caa4d90ab1b9ac8249cc1d097,7522
naver:1574615,naver,2023-02-15T10:05:23+09:00,2023-02-15T10:05:23+09:00,other,📢 최초 콜라보 확정,https://game.naver.com/lounge/nikke/board/detail/1574615,68
naver:1574619,naver,2023-02-15T10:06:13+09:00,2023-02-15T10:06:13+09:00,other,국내 PC 버전 출시 지연 및 타 국가 버전 다운로드 방법 안내,https://game.naver.com/lounge/nikke/board/detail/1574619,935
naver:1577183,naver,2023-02-15T19:00:57+09:00,2023-02-15T19:00:57+09:00,other,"📢 글로벌 다운로드 2,500만 달성 보상",https://game.naver.com/lounge/nikke/board/detail/1577183,149
naver:1585477,naver,2023-02-17T14:00:30+09:00,2023-02-27T18:03:39+09:00,event,트위치 드롭스 이벤트(2/22 내용 추가),https://game.naver.com/lounge/nikke/board/detail/1585477,501
naver:1590297,naver,2023-02-18T18:30:29+09:00,2023-02-18T18:30:29+09:00,other,신입 데블 헌터의 LIVE ON NIKKE! 스트리머 라이브 방송 예고,https://game.naver.com/lounge/nikke/board/detail/1590297,640
naver:1592062,naver,2023-02-19T10:00:30+09:00,2023-02-19T10:00:30+09:00,other,📢 [D-3] 콜라보 카운트다운,https://game.naver.com/lounge/nikke/board/detail/1592062,67
naver:1592374,naver,2023-02-19T12:00:33+09:00,2023-02-19T12:00:33+09:00,other,유니온 레이드 오픈 안내,https://game.naver.com/lounge/nikke/board/detail/1592374,503
naver:1596160,naver,2023-02-20T10:00:33+09:00,2023-02-20T10:00:33+09:00,other,📢 [D-2] 콜라보 카운트다운,https://game.naver.com/lounge/nikke/board/detail/1596160,72
official:c57cbdaca9af3a48cda8676ab0ccdb9e4b5c,official,2023-02-20T19:00:00+09:00,,update,2월 22일 업데이트 공지,https://www.nikke-kr.com/newsdetail.html?content_id=c57cbdaca9af3a48cda8676ab0ccdb9e4b5c,5778
official:0e8790dead5e9a4d28aacdba7c1e4a0f743b,official,2023-02-20T20:01:00+09:00,,other,니케 스킬 수정 안내,https://www.nikke-kr.com/newsdetail.html?content_id=0e8790dead5e9a4d28aacdba7c1e4a0f743b,1989
naver:1598783,naver,2023-02-20T21:42:07+09:00,2023-02-22T08:10:04+09:00,other,2/22(수) 니케 스킬 수정 진행 예정 안내[2월 22일 내용 수정],https://game.naver.com/lounge/nikke/board/detail/1598783,2160
naver:1600170,naver,2023-02-21T10:00:33+09:00,2023-02-21T10:00:33+09:00,other,📢 [D-1] 콜라보 카운트다운,https://game.naver.com/lounge/nikke/board/detail/1600170,75
naver:1602228,naver,2023-02-21T18:30:26+09:00,2023-02-22T09:24:52+09:00,event,<승리의 여신: 니케> 파트너 지휘관 모집 이벤트 결과 안내,https://game.naver.com/lounge/nikke/board/detail/1602228,516
official:003cd2e5a595fa43c6a9870aa50b32be1bc2,official,2023-02-22T01:00:00+09:00,,other,2월 22일 업데이트 개선사항,https://www.nikke-kr.com/newsdetail.html?content_id=003cd2e5a595fa43c6a9870aa50b32be1bc2,6721
naver:1606841,naver,2023-02-22T17:31:30+09:00,2023-02-22T17:43:16+09:00,other,📢 트위치 드롭스 오픈 안내,https://game.naver.com/lounge/nikke/board/detail/1606841,328
official:2c6fad98ace64a4781a9449a8de2bfca66f1,official,2023-02-28T11:40:38+09:00,,update,3월 2일 업데이트 공지,https://www.nikke-kr.com/newsdetail.html?content_id=2c6fad98ace64a4781a9449a8de2bfca66f1,709
official:c27fd0f0a5cc8a4c56a9ffca2c7baf1f0f4b,official,2023-03-06T18:50:00+09:00,,devnote,【개발자 노트】2023년 3월,https://www.nikke-kr.com/newsdetail.html?content_id=c27fd0f0a5cc8a4c56a9ffca2c7baf1f0f4b,2282
official:41fb4861ad518a40d2aa12bab8fd3be09e84,official,2023-03-13T01:00:00+09:00,,update,3월 15일 업데이트 공지,https://www.nikke-kr.com/newsdetail.html?content_id=41fb4861ad518a40d2aa12bab8fd3be09e84,2313
naver:1693660,naver,2023-03-15T15:01:30+09:00,2023-03-16T09:46:10+09:00,other,[수정 완료] 타국가 언어 설정 시 비스킷 스킬 설명 관련 현상 안내,https://game.naver.com/lounge/nikke/board/detail/1693660,470
naver:1695506,naver,2023-03-15T20:38:47+09:00,2023-03-16T19:39:16+09:00,other,페이스북 계정을 통한 게임 로그인 불가 현상 안내(3/16 내용 추가),https://game.naver.com/lounge/nikke/board/detail/1695506,607
naver:1727116,naver,2023-03-24T10:00:35+09:00,2023-03-24T10:14:46+09:00,other,유니온 레이드 오픈 안내,https://game.naver.com/lounge/nikke/board/detail/1727116,469
official:7d26e28aa1799a4423a91aca7689d120d212,official,2023-03-27T16:00:00+09:00,,other,계정 시스템 업그레이드 안내,https://www.nikke-kr.com/newsdetail.html?content_id=7d26e28aa1799a4423a91aca7689d120d212,1464
naver:1737962,naver,2023-03-27T16:00:23+09:00,2023-03-27T16:00:23+09:00,other,계정 시스템 업그레이드 안내,https://game.naver.com/lounge/nikke/board/detail/1737962,558
naver:1738135,naver,2023-03-27T17:00:34+09:00,2023-03-27T17:00:34+09:00,other,캐릭터 스킬 용어 설명 기능 관련 안내,https://game.naver.com/lounge/nikke/board/detail/1738135,301
official:203670b8a4caea4290ab584a351efde711c1,official,2023-03-27T18:30:09+09:00,,update,3월30일 업데이트 공지,https://www.nikke-kr.com/newsdetail.html?content_id=203670b8a4caea4290ab584a351efde711c1,4362
official:c8be0e16ab695a4c8daabd7a99b986f38561,official,2023-03-29T20:29:40+09:00,,other,캐릭터 스킬 수정 안내,https://www.nikke-kr.com/newsdetail.html?content_id=c8be0e16ab695a4c8daabd7a99b986f38561,746
naver:1746001,naver,2023-03-29T20:32:00+09:00,2023-03-29T20:32:00+09:00,other,3/30(목) 니케 스킬 수정 진행 예정 안내,https://game.naver.com/lounge/nikke/board/detail/1746001,873
official:0530fc99a0baaa4182a9235a400d956bb403,official,2023-03-29T20:55:39+09:00,,other,특수 개체 요격전 보상 변경 안내,https://www.nikke-kr.com/newsdetail.html?content_id=0530fc99a0baaa4182a9235a400d956bb403,586
naver:1746186,naver,2023-03-29T21:17:45+09:00,2023-03-29T21:20:24+09:00,other,특수 개체 요격전 보상 변경 안내,https://game.naver.com/lounge/nikke/board/detail/1746186,1014
naver:1749485,naver,2023-03-30T17:41:18+09:00,2023-07-06T18:30:59+09:00,maintenance,📢 3월 30일(목) 업데이트 점검 연장 안내,https://game.naver.com/lounge/nikke/board/detail/1749485,638
official:2f686872a261da4ed9a9bd3abdbcef1b0790,official,2023-03-30T20:29:15+09:00,,patch_fix,3월 30일 업데이트 개선사항 안내[4월 7일 내용 추가],https://www.nikke-kr.com/newsdetail.html?content_id=2f686872a261da4ed9a9bd3abdbcef1b0790,5282
naver:1751018,naver,2023-03-30T23:46:00+09:00,2023-03-30T23:46:00+09:00,other,아레나 콘텐츠 오픈 안내,https://game.naver.com/lounge/nikke/board/detail/1751018,250
naver:1755058,naver,2023-04-01T01:07:51+09:00,2023-04-01T01:08:26+09:00,event,FULL FOOL DAY 이벤트 오픈 안내,https://game.naver.com/lounge/nikke/board/detail/1755058,249
naver:1780333,naver,2023-04-07T09:00:32+09:00,2023-04-07T09:00:32+09:00,other,🎉 <승리의 여신: 니케> 하프 애니버서리,https://game.naver.com/lounge/nikke/board/detail/1780333,106
naver:1780490,naver,2023-04-07T10:00:35+09:00,2023-04-07T10:00:35+09:00,event,🔔<승리의 여신: 니케> 글로벌 인기 투표 이벤트🔔,https://game.naver.com/lounge/nikke/board/detail/1780490,113
naver:1781602,naver,2023-04-07T15:11:50+09:00,2023-04-07T15:11:50+09:00,other,📺 하프 애니버서리 기념 방송 예고 📺,https://game.naver.com/lounge/nikke/board/detail/1781602,88
official:cb50d5d4a290ea4188a8566ac74f77b66fb8,official,2023-04-11T18:00:00+09:00,,devnote,【개발자 노트】2023년 4월,https://www.nikke-kr.com/newsdetail.html?content_id=cb50d5d4a290ea4188a8566ac74f77b66fb8,1524
official:49f26298a590ba4568aa1dba1732fc977e47,official,2023-04-11T19:42:53+09:00,,update,4월 13일 업데이트 공지(4/13 14시 내용 수정),https://www.nikke-kr.com/newsdetail.html?content_id=49f26298a590ba4568aa1dba1732fc977e47,3941
official:743439a8ab857a4810aa897abc81a371e05d,official,2023-04-12T00:36:56+09:00,,event,두근두근! 니케 투표 - 이벤트 규칙,https://www.nikke-kr.com/newsdetail.html?content_id=743439a8ab857a4810aa897abc81a371e05d,1679
naver:1804118,naver,2023-04-12T13:00:37+09:00,2023-04-12T13:01:40+09:00,event,💘두근두근! 니케 투표 이벤트💘,https://game.naver.com/lounge/nikke/board/detail/1804118,228
naver:1805765,naver,2023-04-12T19:00:35+09:00,2023-04-13T10:20:31+09:00,other,🌟스페셜 투표 예고🌟 - NPC,https://game.naver.com/lounge/nikke/board/detail/1805765,112
official:65e3e217a6887a48bbab7cdae94b3f25c6e9,official,2023-04-13T19:06:24+09:00,,other,게임 언팩 및 콘텐츠 유출 행위에 관한 공지,https://www.nikke-kr.com/newsdetail.html?content_id=65e3e217a6887a48bbab7cdae94b3f25c6e9,1251
naver:1810084,naver,2023-04-13T19:13:04+09:00,2023-04-14T09:13:45+09:00,other,게임 언팩 및 콘텐츠 유출 행위에 관한 공지,https://game.naver.com/lounge/nikke/board/detail/1810084,1199
naver:1811462,naver,2023-04-14T00:00:51+09:00,2023-04-14T00:00:51+09:00,other,🌟스페셜 투표 OPEN🌟 - 코스튬,https://game.naver.com/lounge/nikke/board/detail/1811462,162
naver:1813247,naver,2023-04-14T13:30:10+09:00,2023-04-14T14:44:36+09:00,other,The Evening of Goddess! 하프 애니버서리 특별 방송 사전 안내,https://game.naver.com/lounge/nikke/board/detail/1813247,942
naver:1815387,naver,2023-04-14T21:19:29+09:00,2023-04-14T21:19:29+09:00,other,MMD 모델 첫 공개 안내,https://game.naver.com/lounge/nikke/board/detail/1815387,518
naver:1815976,naver,2023-04-15T00:00:40+09:00,2023-04-15T15:43:28+09:00,other,🌟스페셜 투표 OPEN🌟 - 랩쳐,https://game.naver.com/lounge/nikke/board/detail/1815976,186
naver:1819452,naver,2023-04-16T00:00:36+09:00,2023-04-16T00:00:36+09:00,other,🌟스페셜 투표 OPEN🌟 - 시나리오,https://game.naver.com/lounge/nikke/board/detail/1819452,167
naver:1824984,naver,2023-04-17T16:07:43+09:00,2023-04-26T13:39:51+09:00,other,<승리의 여신: 니케> 공식 O.S.T 앨범 & 하프 애니버서리 공식 굿즈 출시,https://game.naver.com/lounge/nikke/board/detail/1824984,761
official:7f1c7167a445ca4a61a8938a9b94fbeff18e,official,2023-04-18T21:29:47+09:00,,other,시프트업 2차 창작활동 가이드라인(24/3/27 업데이트),https://www.nikke-kr.com/newsdetail.html?content_id=7f1c7167a445ca4a61a8938a9b94fbeff18e,2800
naver:1831161,naver,2023-04-18T21:29:57+09:00,2023-04-18T21:29:57+09:00,other,2차 창작활동 가이드라인 관련 안내,https://game.naver.com/lounge/nikke/board/detail/1831161,208
naver:1845845,naver,2023-04-21T16:38:09+09:00,2023-04-21T16:38:09+09:00,other,📢 하프 애니버서리 공식 방송 예약 OPEN,https://game.naver.com/lounge/nikke/board/detail/1845845,154
naver:1846682,naver,2023-04-21T18:44:09+09:00,2023-04-21T18:44:09+09:00,other,<승리의 여신: 니케> 하프 애니버서리 공식 방송 카운트다운,https://game.naver.com/lounge/nikke/board/detail/1846682,908
naver:1848946,naver,2023-04-21T20:30:27+09:00,2023-04-26T15:48:38+09:00,other,하프 애니버서리 기념 업데이트 관련 내용 안내,https://game.naver.com/lounge/nikke/board/detail/1848946,893
naver:1849122,naver,2023-04-21T20:51:42+09:00,2023-04-21T20:51:42+09:00,event,하프 애니버서리 특별 방송 관련 이벤트 영상 및 보상 안내,https://game.naver.com/lounge/nikke/board/detail/1849122,1241
naver:1849170,naver,2023-04-21T20:58:02+09:00,2023-04-21T23:12:28+09:00,other,하프 애니버서리 방송 특별 소식 안내,https://game.naver.com/lounge/nikke/board/detail/1849170,664
naver:1851568,naver,2023-04-22T10:00:35+09:00,2023-05-16T16:42:26+09:00,other,유니온 레이드 오픈 안내,https://game.naver.com/lounge/nikke/board/detail/1851568,488
official:1b6b6ec7a59c7a4d89aa2e1af340135bc0dd,official,2023-04-24T19:08:54+09:00,,other,4월 27일 니케 스킬 수정 안내,https://www.nikke-kr.com/newsdetail.html?content_id=1b6b6ec7a59c7a4d89aa2e1af340135bc0dd,1094
naver:1863004,naver,2023-04-24T20:22:43+09:00,2023-04-24T20:22:43+09:00,other,4/27(목) 니케 스킬 수정 진행 예정 안내,https://game.naver.com/lounge/nikke/board/detail/1863004,1220
naver:1866544,naver,2023-04-25T15:42:40+09:00,2023-04-25T18:38:45+09:00,other,구글 플레이 결제 관련 이슈 안내(4/25 18:30 내용 추가),https://game.naver.com/lounge/nikke/board/detail/1866544,763
naver:1868079,naver,2023-04-25T20:29:48+09:00,2023-04-27T09:35:30+09:00,other,"<승리의 여신: 니케> 메이드 카페 오프라인 행사 안내 [상세 버전] - “코코아, 망원동에서 주인 기다려”",https://game.naver.com/lounge/nikke/board/detail/1868079,8725
official:ea9e0acea1741a4a52ab491aaee2e4d8e3b8,official,2023-04-25T20:31:21+09:00,,update,4월 27일 업데이트 공지,https://www.nikke-kr.com/newsdetail.html?content_id=ea9e0acea1741a4a52ab491aaee2e4d8e3b8,5495
naver:1874405,naver,2023-04-26T23:27:59+09:00,2023-04-27T12:09:54+09:00,other,<승리의 여신: 니케> 메이드 카페 오프라인 행사 리마인드 공지 [간략 버전],https://game.naver.com/lounge/nikke/board/detail/1874405,2706
official:cc4d9c93ad617a4980aa1fba709be6d838dd,official,2023-04-27T06:56:53+09:00,,patch_fix,4월 27일 업데이트 개선사항,https://www.nikke-kr.com/newsdetail.html?content_id=cc4d9c93ad617a4980aa1fba709be6d838dd,4696
naver:1876860,naver,2023-04-27T12:11:46+09:00,2023-04-27T12:11:46+09:00,other,OVER ZONE 허락되지 않은 낙원의 방문객! 스트리머 라이브 방송 예고,https://game.naver.com/lounge/nikke/board/detail/1876860,911
naver:1877680,naver,2023-04-27T15:04:37+09:00,2023-04-27T15:04:37+09:00,other,🎉<승리의 여신: 니케> 콜라보 카페 오픈!,https://game.naver.com/lounge/nikke/board/detail/1877680,113
official:2b214bada1ac0a4802ab498ab73e823c6834,official,2023-04-27T23:39:24+09:00,,known_issue,4월 27일 알려진 이슈 안내,https://www.nikke-kr.com/newsdetail.html?content_id=2b214bada1ac0a4802ab498ab73e823c6834,1158
naver:1880497,naver,2023-04-27T23:42:35+09:00,2023-04-28T09:03:39+09:00,known_issue,4/27(목) 알려진 이슈 안내,https://game.naver.com/lounge/nikke/board/detail/1880497,1627
naver:1882551,naver,2023-04-28T12:00:35+09:00,2023-04-28T12:00:35+09:00,event,📢 1일 1회 무료 모집 이벤트 진행 안내,https://game.naver.com/lounge/nikke/board/detail/1882551,150
naver:1884199,naver,2023-04-28T17:54:19+09:00,2023-05-03T10:06:03+09:00,other,유니온 레이드 중 확인된 현상에 대한 안내(4/28 22:50 내용 추가),https://game.naver.com/lounge/nikke/board/detail/1884199,649
official:d1ca1ccda1d1fa4d24aa335a9d5106bbb52e,official,2023-04-28T18:49:52+09:00,,other,트위터 API 사양 변경 관련 안내[4/28 19:10 내용 수정],https://www.nikke-kr.com/newsdetail.html?content_id=d1ca1ccda1d1fa4d24aa335a9d5106bbb52e,797
naver:1884562,naver,2023-04-28T18:53:48+09:00,2023-04-28T18:53:48+09:00,other,트위터 API 사양 변경 관련 안내,https://game.naver.com/lounge/nikke/board/detail/1884562,835
naver:1891234,naver,2023-04-29T23:22:07+09:00,2023-05-09T10:13:16+09:00,other,📢 공식 라운지 누적 가입자 수 6만 명 돌파 보상,https://game.naver.com/lounge/nikke/board/detail/1891234,117
naver:1938179,naver,2023-05-09T11:00:35+09:00,2023-05-09T11:00:35+09:00,event,【OVER ZONE 이벤트 업적 보상 수령 리마인드】,https://game.naver.com/lounge/nikke/board/detail/1938179,101
naver:1958123,naver,2023-05-11T14:00:35+09:00,2023-05-11T14:07:00+09:00,other,🔊OVER ZONE BGM 유실물 관련 안내,https://game.naver.com/lounge/nikke/board/detail/1958123,164
naver:1958734,naver,2023-05-11T15:30:54+09:00,2023-05-11T19:48:05+09:00,soloraid,솔로 레이드 빠른 전투 관련 안내(5/11 19:45 내용 추가),https://game.naver.com/lounge/nikke/board/detail/1958734,344
naver:1965960,naver,2023-05-12T20:00:37+09:00,2023-05-12T20:00:37+09:00,soloraid,📢 솔로 레이드 관련 안내,https://game.naver.com/lounge/nikke/board/detail/1965960,90
official:ed83e06ea76fea46dda8d11a0983c696e630,official,2023-05-15T19:36:10+09:00,,devnote,2023년 5월 개발자노트,https://www.nikke-kr.com/newsdetail.html?content_id=ed83e06ea76fea46dda8d11a0983c696e630,2022
official:6d2a5d3ea4c04a4a9fab58daa3a840285d7c,official,2023-05-15T19:55:26+09:00,,update,5월 18일 업데이트 공지,https://www.nikke-kr.com/newsdetail.html?content_id=6d2a5d3ea4c04a4a9fab58daa3a840285d7c,4423
official:cdfc4207a7ac1a4562ab762a0072c9556f2b,official,2023-05-17T17:28:27+09:00,,other,니케 밸런스 조정 및 스킬 수정 안내[5월 19일 내용 수정],https://www.nikke-kr.com/newsdetail.html?content_id=cdfc4207a7ac1a4562ab762a0072c9556f2b,2425
naver:1989957,naver,2023-05-17T17:30:12+09:00,2023-05-19T13:13:17+09:00,other,5/18(목) 니케 밸런스 조정 및 스킬 수정 안내(5/19 내용 추가),https://game.naver.com/lounge/nikke/board/detail/1989957,2606
naver:1994651,naver,2023-05-18T17:30:43+09:00,2023-05-18T17:31:08+09:00,maintenance,📢 5월 18일(목) 업데이트 점검 연장 안내,https://game.naver.com/lounge/nikke/board/detail/1994651,489
official:e12ea0e4a37c4a4896aaabbaa2e3baf49d05,official,2023-05-18T19:58:38+09:00,,patch_fix,5월 18일 업데이트 개선사항(5/19 내용 추가),https://www.nikke-kr.com/newsdetail.html?content_id=e12ea0e4a37c4a4896aaabbaa2e3baf49d05,7150
naver:1999540,naver,2023-05-19T11:00:35+09:00,2023-05-19T11:00:35+09:00,other,유니온 레이드 오픈 안내,https://game.naver.com/lounge/nikke/board/detail/1999540,474
official:76a914d2abed6a41a8a8ebaa524cfe771cdd,official,2023-05-22T22:02:01+09:00,,other,5월 23일 버그 수정 안내,https://www.nikke-kr.com/newsdetail.html?content_id=76a914d2abed6a41a8a8ebaa524cfe771cdd,486
naver:2017479,naver,2023-05-22T22:04:20+09:00,2023-05-23T12:20:44+09:00,other,[완료]5월 23일(화) 버그 수정 사전 안내,https://game.naver.com/lounge/nikke/board/detail/2017479,716
naver:2019941,naver,2023-05-23T16:01:21+09:00,2023-05-23T18:52:40+09:00,other,페이스북 계정을 통한 게임 로그인 불가 현상 안내(5/23 내용 추가),https://game.naver.com/lounge/nikke/board/detail/2019941,611
naver:2020697,naver,2023-05-23T19:00:30+09:00,2023-05-23T19:00:30+09:00,event,【Bunny X 777 이벤트 업적 보상 수령 리마인드】,https://game.naver.com/lounge/nikke/board/detail/2020697,105
naver:2027791,naver,2023-05-25T13:00:39+09:00,2023-05-25T13:00:39+09:00,other,【LUCKY BUNNY 예고】,https://game.naver.com/lounge/nikke/board/detail/2027791,144
official:6b114240a70f1a4ebda86c1aefe343bb2a59,official,2023-05-29T17:38:39+09:00,,update,6월 1일 업데이트 공지[6월 1일 15:00 업데이트],https://www.nikke-kr.com/newsdetail.html?content_id=6b114240a70f1a4ebda86c1aefe343bb2a59,2880
naver:2053537,naver,2023-06-01T21:09:19+09:00,2023-06-01T21:09:19+09:00,other,스페셜 아레나 한국어 설명 오류 현상 안내,https://game.naver.com/lounge/nikke/board/detail/2053537,143
official:af9c6248a7517a4fd4a8604ad758df5c280b,official,2023-06-12T17:06:31+09:00,,devnote,2023년 6월 개발자노트(6/16 내용 수정),https://www.nikke-kr.com/newsdetail.html?content_id=af9c6248a7517a4fd4a8604ad758df5c280b,4446
official:5caad71aaef71a4a28aa77ea78e78c4633f2,official,2023-06-12T19:32:26+09:00,,update,6월 15일 업데이트 공지(6/15 내용 변경),https://www.nikke-kr.com/newsdetail.html?content_id=5caad71aaef71a4a28aa77ea78e78c4633f2,7920
official:26d7ed72ae3bca4cf4a873fa2162afea5fce,official,2023-06-14T20:13:19+09:00,,other,니케 밸런스 조정 및 스킬 수정 안내,https://www.nikke-kr.com/newsdetail.html?content_id=26d7ed72ae3bca4cf4a873fa2162afea5fce,1040
naver:2187670,naver,2023-06-14T20:17:12+09:00,2023-06-15T09:12:40+09:00,other,6/15(목) 니케 밸런스 조정 및 스킬 수정 안내,https://game.naver.com/lounge/nikke/board/detail/2187670,1234
official:7d1b05bea9451a4635aa761a468daebbb932,official,2023-06-16T11:12:28+09:00,,patch_fix,6월 15일 업데이트 개선사항,https://www.nikke-kr.com/newsdetail.html?content_id=7d1b05bea9451a4635aa761a468daebbb932,4908
naver:2232034,naver,2023-06-21T11:00:32+09:00,2023-06-21T11:00:32+09:00,other,🔊BLUEWATER ISLAND BGM 유실물 관련 안내,https://game.naver.com/lounge/nikke/board/detail/2232034,163
naver:2245646,naver,2023-06-23T11:30:10+09:00,2023-06-30T20:34:57+09:00,event,<승리의 여신: 니케> x ANIPLUS 콜라보 카페 이벤트,https://game.naver.com/lounge/nikke/board/detail/2245646,3690
naver:2275536,naver,2023-06-27T18:00:31+09:00,2023-06-27T18:01:34+09:00,other,NIKKE × HEROTIME 굿즈 사전 예약 안내,https://game.naver.com/lounge/nikke/board/detail/2275536,546
naver:2283581,naver,2023-06-28T17:12:50+09:00,2023-06-28T17:12:50+09:00,other,네이버 MYBOX 시스템을 통한 이미지 업로드 안내,https://game.naver.com/lounge/nikke/board/detail/2283581,572
naver:2284377,naver,2023-06-28T19:00:31+09:00,2023-06-29T14:49:01+09:00,other,【모더니아 코스튬 투표 오픈 예정】,https://game.naver.com/lounge/nikke/board/detail/2284377,138
official:abe536e8aebd1a4921aa2baa30df9746df22,official,2023-06-28T20:15:08+09:00,,other,[네온: 블루 오션] 밸런스 조정 공지,https://www.nikke-kr.com/newsdetail.html?content_id=abe536e8aebd1a4921aa2baa30df9746df22,515
naver:2285051,naver,2023-06-28T20:30:28+09:00,2023-06-28T20:44:13+09:00,other,【네온 : 블루 오션】 밸런스 조정 안내,https://game.naver.com/lounge/nikke/board/detail/2285051,826
naver:2285520,naver,2023-06-28T21:29:54+09:00,2023-06-30T20:32:56+09:00,event,<승리의 여신: 니케> x ANIPLUS 콜라보 카페 이벤트 추가 안내,https://game.naver.com/lounge/nikke/board/detail/2285520,1483
naver:2290377,naver,2023-06-29T13:33:20+09:00,2023-07-06T17:43:28+09:00,other,【모더니아 코스튬 투표 오픈 안내】,https://game.naver.com/lounge/nikke/board/detail/2290377,572
official:28a9884baa793a496fa815faa015cc054b48,official,2023-07-03T18:24:23+09:00,,update,7월 6일 업데이트 공지(7월 6일 23:20 내용 수정),https://www.nikke-kr.com/newsdetail.html?content_id=28a9884baa793a496fa815faa015cc054b48,4372
official:b47188b6a0410a4b50a81c3ade7aa225614d,official,2023-07-04T16:40:32+09:00,,other,7월 6일 니케 스킬 수정 안내(7월 6일 내용 수정),https://www.nikke-kr.com/newsdetail.html?content_id=b47188b6a0410a4b50a81c3ade7aa225614d,689
naver:2320616,naver,2023-07-04T16:42:26+09:00,2023-07-06T22:05:01+09:00,other,7/6(목) 니케 스킬 수정 안내(7/6 내용 수정),https://game.naver.com/lounge/nikke/board/detail/2320616,945
naver:2332941,naver,2023-07-06T18:01:46+09:00,2023-07-12T10:22:15+09:00,maintenance,7월 6일(목) 업데이트 점검 연장 안내(7/6 수정),https://game.naver.com/lounge/nikke/board/detail/2332941,514
naver:2333065,naver,2023-07-06T18:25:10+09:00,2023-07-06T18:25:10+09:00,other,【모더니아 코스튬 투표 결과 발표 안내】,https://game.naver.com/lounge/nikke/board/detail/2333065,516
official:8aa54a65a34c5a48f9a9ef6a53c3b03b235c,official,2023-07-06T21:56:16+09:00,,patch_fix,7월 6일 업데이트 개선사항(7/7 내용 추가),https://www.nikke-kr.com/newsdetail.html?content_id=8aa54a65a34c5a48f9a9ef6a53c3b03b235c,2702
naver:2335283,naver,2023-07-07T00:28:06+09:00,2023-07-07T00:28:06+09:00,other,캠페인 진입 불가 현상 관련 안내,https://game.naver.com/lounge/nikke/board/detail/2335283,243
naver:2343427,naver,2023-07-08T16:13:35+09:00,2023-07-09T11:33:02+09:00,maintenance,[점검 완료] 7/9(일) 긴급 점검 및 캠페인 진행 불가 관련 안내(7/9 내용 수정),https://game.naver.com/lounge/nikke/board/detail/2343427,1819
naver:2356977,naver,2023-07-11T19:10:03+09:00,2023-07-11T19:10:03+09:00,other,개조 장비 효과 관련 안내,https://game.naver.com/lounge/nikke/board/detail/2356977,623
official:3120ac2dac43ba488ca8ab3ade1a72ad529a,official,2023-07-11T19:20:45+09:00,,sanction,불법 프로그램 제재 관련 공지,https://www.nikke-kr.com/newsdetail.html?content_id=3120ac2dac43ba488ca8ab3ade1a72ad529a,761
naver:2357028,naver,2023-07-11T19:25:55+09:00,2023-07-11T19:25:55+09:00,sanction,불법 프로그램 제재 관련 안내,https://game.naver.com/lounge/nikke/board/detail/2357028,1027
official:1567d0c7a32f6a4d41a91e0a5e0782e3cfd1,official,2023-07-13T15:10:44+09:00,,devnote,2023년 7월 개발자노트,https://www.nikke-kr.com/newsdetail.html?content_id=1567d0c7a32f6a4d41a91e0a5e0782e3cfd1,7639
naver:2370985,naver,2023-07-14T22:31:05+09:00,2023-07-17T11:09:25+09:00,other,협동 작전 관련 안내,https://game.naver.com/lounge/nikke/board/detail/2370985,206
official:2ec01cb0a4d6da4d1aa8e98a9a70923c6cc4,official,2023-07-17T18:38:22+09:00,,update,7월 20일 업데이트 공지(7/20 내용 업데이트),https://www.nikke-kr.com/newsdetail.html?content_id=2ec01cb0a4d6da4d1aa8e98a9a70923c6cc4,3266
naver:2397524,naver,2023-07-20T16:13:48+09:00,2023-07-20T16:13:48+09:00,other,"23, 24 챕터 일부 음성 미출력 현상 안내",https://game.naver.com/lounge/nikke/board/detail/2397524,193
naver:2397718,naver,2023-07-20T16:44:09+09:00,2023-07-20T16:44:31+09:00,other,코스튬 일부 자세 오류 안내,https://game.naver.com/lounge/nikke/board/detail/2397718,150
naver:2408969,naver,2023-07-22T13:00:33+09:00,2023-07-22T13:00:33+09:00,other,NIKKE × ESTAREGG 특별 굿즈 판매 안내,https://game.naver.com/lounge/nikke/board/detail/2408969,445
official:674e53b5aba7ca4510a9acbaf8115bd6ba38,official,2023-07-31T16:35:41+09:00,,devnote,2023년 7월 2차 개발자노트,https://www.nikke-kr.com/newsdetail.html?content_id=674e53b5aba7ca4510a9acbaf8115bd6ba38,3424
official:81bfbb8faaf71a49a6a8fa7a764a809866ec,official,2023-07-31T19:21:03+09:00,,update,8월 3일 업데이트 공지(8/8 내용 추가),https://www.nikke-kr.com/newsdetail.html?content_id=81bfbb8faaf71a49a6a8fa7a764a809866ec,6759
naver:2489552,naver,2023-08-02T19:45:06+09:00,2023-08-02T19:45:06+09:00,other,<승리의 여신: 니케> 랩핑 캠핑카 오프라인 행사 안내,https://game.naver.com/lounge/nikke/board/detail/2489552,618
official:d495c573ac743a463fa8b68a9bc65b79e5f3,official,2023-08-03T17:55:25+09:00,,patch_fix,8월 3일(목) 업데이트 개선사항,https://www.nikke-kr.com/newsdetail.html?content_id=d495c573ac743a463fa8b68a9bc65b79e5f3,3934
naver:2499221,naver,2023-08-03T23:26:32+09:00,2023-08-04T16:47:41+09:00,other,[수정 완료]메인 화면 UI가 노출되지 않는 현상 관련 안내,https://game.naver.com/lounge/nikke/board/detail/2499221,165
official:f250f765a4fa1a4fa3aa0a5a3b12d20396b4,official,2023-08-04T13:25:50+09:00,,sanction,불법 프로그램 제재 계획 개선 관련 안내(8월 7일 내용 업데이트),https://www.nikke-kr.com/newsdetail.html?content_id=f250f765a4fa1a4fa3aa0a5a3b12d20396b4,1073
naver:2502489,naver,2023-08-04T13:27:47+09:00,2023-08-04T13:28:17+09:00,sanction,불법 프로그램 제재 계획 개선 관련 안내,https://game.naver.com/lounge/nikke/board/detail/2502489,1053
naver:2504698,naver,2023-08-04T18:23:47+09:00,2023-08-04T18:24:23+09:00,event,하프 애니버서리 기념 특별 이벤트 보상 변경 안내,https://game.naver.com/lounge/nikke/board/detail/2504698,547
naver:2531110,naver,2023-08-07T16:55:50+09:00,2023-08-07T16:56:18+09:00,sanction,불법 프로그램 제재 계획 개선 관련 추가 안내,https://game.naver.com/lounge/nikke/board/detail/2531110,1059
official:199ae397a64fba4eb0aadcda84a48127e68e,official,2023-08-09T23:08:47+09:00,,update,8월 9일(수) 무점검 업데이트 공지,https://www.nikke-kr.com/newsdetail.html?content_id=199ae397a64fba4eb0aadcda84a48127e68e,526
naver:2573773,naver,2023-08-10T16:35:20+09:00,2023-08-10T16:36:22+09:00,other,니케의 신비한 섬으로 떠나는 모험 OPEN,https://game.naver.com/lounge/nikke/board/detail/2573773,835
naver:2635557,naver,2023-08-18T09:30:30+09:00,2023-08-18T09:30:30+09:00,other,📢 콜라보 확정 안내,https://game.naver.com/lounge/nikke/board/detail/2635557,100
naver:2635692,naver,2023-08-18T10:05:25+09:00,2023-08-18T10:05:25+09:00,other,【국내 PC 버전 출시 사전 안내】,https://game.naver.com/lounge/nikke/board/detail/2635692,325
official:c09256cea89a1a4b49a9399af5ee7aee51e3,official,2023-08-21T16:55:00+09:00,,update,8월 24일 업데이트 공지(8/24 업데이트),https://www.nikke-kr.com/newsdetail.html?content_id=c09256cea89a1a4b49a9399af5ee7aee51e3,2374
naver:2658923,naver,2023-08-21T18:00:32+09:00,2023-08-21T18:00:32+09:00,other,보상 지급 안내,https://game.naver.com/lounge/nikke/board/detail/2658923,573
naver:2673467,naver,2023-08-24T14:58:13+09:00,2023-08-24T14:58:13+09:00,maintenance,8월 24일(목) 업데이트 점검 연장 안내,https://game.naver.com/lounge/nikke/board/detail/2673467,496
naver:2694054,naver,2023-08-28T11:00:34+09:00,2023-08-28T18:23:57+09:00,event,📢 이벤트 특별 보상 안내,https://game.naver.com/lounge/nikke/board/detail/2694054,114
official:1ef741aaae502a4a7caa32faa89180b03326,official,2023-08-28T16:16:10+09:00,,devnote,2023년 8월 개발자노트,https://www.nikke-kr.com/newsdetail.html?content_id=1ef741aaae502a4a7caa32faa89180b03326,3943
official:19eaeaeea037ea4bb9abf41a9b9d92488597,official,2023-08-28T17:04:08+09:00,,update,9월 1일 업데이트 공지(9/6 업데이트),https://www.nikke-kr.com/newsdetail.html?content_id=19eaeaeea037ea4bb9abf41a9b9d92488597,7172
naver:2695742,naver,2023-08-28T17:28:52+09:00,2023-08-28T17:28:52+09:00,other,신규 기능 안내 「VOICE」,https://game.naver.com/lounge/nikke/board/detail/2695742,451
naver:2710280,naver,2023-08-31T18:41:10+09:00,2023-08-31T18:41:10+09:00,other,"요르하 부대 지휘관 집결, 스트리머 LIVE 출격 대기!",https://game.naver.com/lounge/nikke/board/detail/2710280,1004
naver:2711947,naver,2023-09-01T03:10:48+09:00,2023-09-01T03:10:48+09:00,other,【국내 PC 버전 출시 지연 공지 및 기타 국가 PC 버전에 관한 추가 안내】,https://game.naver.com/lounge/nikke/board/detail/2711947,1500
official:15db2943a9f69a494faa61ba331507f82b8d,official,2023-09-01T03:11:48+09:00,,other,국내 PC 버전 출시 지연 공지 및 기타 국가 PC 버전에 관한 추가 안내,https://www.nikke-kr.com/newsdetail.html?content_id=15db2943a9f69a494faa61ba331507f82b8d,1500
official:4a8ec2eca3a1ca4b65aa967a941744a0b59d,official,2023-09-01T06:56:17+09:00,,patch_fix,9월 1일 업데이트 개선사항,https://www.nikke-kr.com/newsdetail.html?content_id=4a8ec2eca3a1ca4b65aa967a941744a0b59d,3009
naver:2712185,naver,2023-09-01T07:27:58+09:00,2023-09-01T23:33:46+09:00,other,[수정 완료 및 보상 안내]PC 버전 튕김 현상 관련 안내,https://game.naver.com/lounge/nikke/board/detail/2712185,391
naver:2714647,naver,2023-09-01T18:50:58+09:00,2023-09-01T21:42:42+09:00,known_issue,9/1(금) 알려진 이슈 안내(9/1 내용 추가),https://game.naver.com/lounge/nikke/board/detail/2714647,1140
naver:2714953,naver,2023-09-01T20:30:19+09:00,2023-09-01T20:30:19+09:00,event,트위치 드롭스 이벤트 안내,https://game.naver.com/lounge/nikke/board/detail/2714953,766
naver:2731808,naver,2023-09-05T18:49:49+09:00,2023-09-05T19:18:00+09:00,event,<구글 플레이 X 승리의 여신: 니케> 기프트코드 컬래버레이션 기념 라이브 이벤트,https://game.naver.com/lounge/nikke/board/detail/2731808,1184
official:cf0d0b8ba767aa4a77aa88aabbd707976ad8,official,2023-09-06T12:42:25+09:00,,update,9월 7일 업데이트 공지,https://www.nikke-kr.com/newsdetail.html?content_id=cf0d0b8ba767aa4a77aa88aabbd707976ad8,545
naver:2739356,naver,2023-09-07T15:30:12+09:00,2023-09-07T15:31:26+09:00,other,국내 PC 버전 출시 안내,https://game.naver.com/lounge/nikke/board/detail/2739356,569
naver:2743915,naver,2023-09-08T17:01:07+09:00,2023-09-08T17:01:07+09:00,other,앱 스토어 매출 1위 달성 보상 안내,https://game.naver.com/lounge/nikke/board/detail/2743915,432
naver:2747506,naver,2023-09-09T11:00:35+09:00,2023-09-09T11:00:35+09:00,other,<승리의 여신: 니케> 1주년 기념 스페셜 설문 안내,https://game.naver.com/lounge/nikke/board/detail/2747506,723
naver:2749262,naver,2023-09-09T18:00:34+09:00,2023-09-09T18:00:34+09:00,other,🔊 OuteR:Automata 유실물 관련 안내,https://game.naver.com/lounge/nikke/board/detail/2749262,135
naver:2786681,naver,2023-09-17T11:30:31+09:00,2023-09-17T11:30:31+09:00,event,스토리 이벤트 진입 변경 기능 안내,https://game.naver.com/lounge/nikke/board/detail/2786681,184
official:1af1ec8fae088a42b0a9ddca4607a62008f7,official,2023-09-18T16:55:00+09:00,,update,9월 21일 업데이트 공지,https://www.nikke-kr.com/newsdetail.html?content_id=1af1ec8fae088a42b0a9ddca4607a62008f7,3932
official:143528e6a333fa4433aa558af48968a1ac12,official,2023-09-19T16:38:07+09:00,,other,고객 서비스 개선 안내,https://www.nikke-kr.com/newsdetail.html?content_id=143528e6a333fa4433aa558af48968a1ac12,387
naver:2802071,naver,2023-09-19T16:38:48+09:00,2023-09-19T16:38:48+09:00,other,고객 서비스 개선 안내,https://game.naver.com/lounge/nikke/board/detail/2802071,569
naver:2809849,naver,2023-09-20T19:00:38+09:00,2023-09-20T19:00:38+09:00,other,📢 신규 기능 안내 「아카이브」,https://game.naver.com/lounge/nikke/board/detail/2809849,315
official:7fcc4253adbcca47c1aaf34ada8032a59b81,official,2023-09-21T17:58:36+09:00,,patch_fix,9월 21일 업데이트 개선사항,https://www.nikke-kr.com/newsdetail.html?content_id=7fcc4253adbcca47c1aaf34ada8032a59b81,4330
naver:2817390,naver,2023-09-21T19:41:20+09:00,2023-09-21T19:41:20+09:00,other,🎉 공식 커뮤니티 팔로워 14만명 돌파 보상 🎉,https://game.naver.com/lounge/nikke/board/detail/2817390,172
naver:2837347,naver,2023-09-26T11:00:37+09:00,2023-09-26T11:00:37+09:00,other,📢 콜라보 종료 임박 안내,https://game.naver.com/lounge/nikke/board/detail/2837347,141
official:39990bc8a0122a42f8ab9aeaed08b0404504,official,2023-10-02T14:55:00+09:00,,update,10월 5일 신규 추가 컨텐츠 안내,https://www.nikke-kr.com/newsdetail.html?content_id=39990bc8a0122a42f8ab9aeaed08b0404504,3861
naver:2904225,naver,2023-10-13T09:00:34+09:00,2023-10-13T09:00:34+09:00,other,⚜️ 《승리의 여신: 니케》 1주년 ⚜️,https://game.naver.com/lounge/nikke/board/detail/2904225,56
naver:2904295,naver,2023-10-13T09:30:32+09:00,2023-10-13T09:30:32+09:00,other,📺 1주년 기념 방송 사전 안내 📺,https://game.naver.com/lounge/nikke/board/detail/2904295,197
naver:2909718,naver,2023-10-14T17:44:13+09:00,2023-10-14T20:56:59+09:00,other,서버 접속 불안정 현상 안내(10/14 내용 추가),https://game.naver.com/lounge/nikke/board/detail/2909718,538
official:72a4a297a207fa4157a98f9a7d962fe35c7f,official,2023-10-16T15:50:00+09:00,,update,10월 19일 업데이트 공지,https://www.nikke-kr.com/newsdetail.html?content_id=72a4a297a207fa4157a98f9a7d962fe35c7f,3156
naver:2922404,naver,2023-10-18T12:31:49+09:00,2023-10-18T12:31:49+09:00,other,일시적인 서버 불안정 현상 안내,https://game.naver.com/lounge/nikke/board/detail/2922404,378
official:e71a82b8add8ba457ca864fa619ec2f99017,official,2023-10-20T17:07:47+09:00,,devnote,【개발자 노트】2023년 10월,https://www.nikke-kr.com/newsdetail.html?content_id=e71a82b8add8ba457ca864fa619ec2f99017,2946
naver:2935945,naver,2023-10-20T19:34:39+09:00,2023-10-23T10:52:35+09:00,other,공식 홈페이지 업데이트 안내,https://game.naver.com/lounge/nikke/board/detail/2935945,457
naver:2951822,naver,2023-10-23T10:12:59+09:00,2023-10-23T10:13:47+09:00,other,<승리의 여신: 니케> 1주년 기념 특별 방송,https://game.naver.com/lounge/nikke/board/detail/2951822,928
naver:2978684,naver,2023-10-27T19:56:51+09:00,2023-11-01T09:06:28+09:00,other,📢 1주년 특별 방송 기념 교환 코드 안내,https://game.naver.com/lounge/nikke/board/detail/2978684,227
naver:2978719,naver,2023-10-27T19:59:26+09:00,2023-11-01T09:06:51+09:00,event,📢 1주년 이벤트 및 업데이트 사전 안내,https://game.naver.com/lounge/nikke/board/detail/2978719,192
naver:2978951,naver,2023-10-27T20:18:32+09:00,2023-11-01T09:10:43+09:00,event,🔔 1주년 특별 방송 조회수 5만 회 달성 이벤트 🔔,https://game.naver.com/lounge/nikke/board/detail/2978951,142
naver:2979163,naver,2023-10-27T20:40:02+09:00,2023-11-01T09:10:57+09:00,other,<승리의 여신: 니케> AGF 2023 참가 소식 안내,https://game.naver.com/lounge/nikke/board/detail/2979163,487
naver:2979168,naver,2023-10-27T20:40:37+09:00,2023-11-01T09:11:09+09:00,other,<승리의 여신: 니케> 공식 카카오 이모티콘 출시 사전 안내,https://game.naver.com/lounge/nikke/board/detail/2979168,180
naver:2979172,naver,2023-10-27T20:41:31+09:00,2023-11-01T09:11:21+09:00,other,<승리의 여신: 니케> X GSC 콜라보 굿즈 안내,https://game.naver.com/lounge/nikke/board/detail/2979172,133
naver:2979198,naver,2023-10-27T20:45:33+09:00,2023-11-01T09:12:27+09:00,event,1주년 이벤트 보상 총합 안내,https://game.naver.com/lounge/nikke/board/detail/2979198,133
naver:2980223,naver,2023-10-27T23:24:00+09:00,2023-11-01T09:13:18+09:00,other,🎉 1주년 특별 방송 조회수 5만회 달성 보상 안내 🎉,https://game.naver.com/lounge/nikke/board/detail/2980223,226
official:e0018585a4c07a416aa9411a235a0290da5c,official,2023-10-30T19:35:01+09:00,,update,11월 2일 업데이트 공지(11/27 내용 수정),https://www.nikke-kr.com/newsdetail.html?content_id=e0018585a4c07a416aa9411a235a0290da5c,7577
naver:3002187,naver,2023-10-31T21:26:31+09:00,2023-10-31T21:26:31+09:00,other,📢 지휘관 개인 작전 보고 사전 안내,https://game.naver.com/lounge/nikke/board/detail/3002187,138
naver:3004467,naver,2023-11-01T10:41:04+09:00,2023-11-01T10:41:04+09:00,other,✨2023 Google Play 올해를 빛낸 인기 게임 후보 선정✨,https://game.naver.com/lounge/nikke/board/detail/3004467,227
naver:3005991,naver,2023-11-01T15:36:34+09:00,2023-11-01T15:36:34+09:00,other,📢 지휘관 연간 작전 보고서 출시 안내,https://game.naver.com/lounge/nikke/board/detail/3005991,415
official:f11cd20aa45cea44c6ab750a711a69bbfaa3,official,2023-11-01T18:00:43+09:00,,other,니케 스킬 수정 안내,https://www.nikke-kr.com/newsdetail.html?content_id=f11cd20aa45cea44c6ab750a711a69bbfaa3,1192
naver:3007418,naver,2023-11-01T18:04:34+09:00,2023-11-01T18:05:15+09:00,other,11/2(목) 니케 스킬 수정 안내,https://game.naver.com/lounge/nikke/board/detail/3007418,1378
naver:3008682,naver,2023-11-01T20:35:05+09:00,2023-11-01T20:35:05+09:00,other,1주년 기념 스트리머 LIVE 방송 일정 사전 안내,https://game.naver.com/lounge/nikke/board/detail/3008682,973
naver:3011866,naver,2023-11-02T08:30:29+09:00,2023-11-02T08:59:37+09:00,other,1주년 기념 보상 수령 안내,https://game.naver.com/lounge/nikke/board/detail/3011866,117
naver:3012360,naver,2023-11-02T10:00:37+09:00,2023-11-02T10:00:37+09:00,event,<승리의 여신: 니케> 1주년 이벤트 진행 중!,https://game.naver.com/lounge/nikke/board/detail/3012360,71
official:5f881fafa91e7a493daa48da7eb0651646b2,official,2023-11-02T16:14:06+09:00,,patch_fix,11월 2일 업데이트 개선사항,https://www.nikke-kr.com/newsdetail.html?content_id=5f881fafa91e7a493daa48da7eb0651646b2,4365
naver:3019861,naver,2023-11-03T12:00:38+09:00,2023-11-03T12:00:38+09:00,other,📢 카카오 이모티콘 출시 안내,https://game.naver.com/lounge/nikke/board/detail/3019861,177
naver:3021016,naver,2023-11-03T15:31:35+09:00,2023-11-03T15:31:35+09:00,other,🎉 1주년 업데이트 보상 안내 🎉,https://game.naver.com/lounge/nikke/board/detail/3021016,282
naver:3031814,naver,2023-11-04T11:10:41+09:00,2023-11-04T11:10:41+09:00,other,【정식 출시 1주년 특별 보상🎁】,https://game.naver.com/lounge/nikke/board/detail/3031814,186
naver:3033220,naver,2023-11-04T14:00:09+09:00,2023-11-04T14:00:09+09:00,other,🎉 <승리의 여신: 니케> 1주년 🎉,https://game.naver.com/lounge/nikke/board/detail/3033220,273
naver:3040196,naver,2023-11-05T11:00:34+09:00,2023-11-05T11:00:34+09:00,event,1일 1회 무료 모집 이벤트 진행 안내,https://game.naver.com/lounge/nikke/board/detail/3040196,184
naver:3051616,naver,2023-11-06T18:55:43+09:00,2023-11-06T18:55:43+09:00,event,🎉 <승리의 여신: 니케> 1주년 이벤트 진행 중! 🎉,https://game.naver.com/lounge/nikke/board/detail/3051616,285
naver:3056704,naver,2023-11-07T18:00:38+09:00,2024-04-28T12:07:53+09:00,other,🔊 RED ASH BGM 유실물 관련 안내,https://game.naver.com/lounge/nikke/board/detail/3056704,166
official:f82b3844a438aa4f80aafe3a6dde8d06da0d,official,2023-11-08T19:20:16+09:00,,update,11월 10일 업데이트 공지,https://www.nikke-kr.com/newsdetail.html?content_id=f82b3844a438aa4f80aafe3a6dde8d06da0d,2308
official:e78307c9aa3b6a46b7a9505a4cbd70df4e26,official,2023-11-09T01:00:00+09:00,,other,《승리의 여신: 니케》 1주년 글로벌 창작 대회 규칙 안내,https://www.nikke-kr.com/newsdetail.html?content_id=e78307c9aa3b6a46b7a9505a4cbd70df4e26,2774
naver:3073729,naver,2023-11-10T16:07:42+09:00,2023-11-10T16:07:42+09:00,other,🎉 매출 1위 기념 보상 안내 🎉,https://game.naver.com/lounge/nikke/board/detail/3073729,178
naver:3097938,naver,2023-11-14T18:00:34+09:00,2023-11-14T18:00:34+09:00,event,📢 지휘관 연간 작전 보고서 공유 이벤트 종료 임박 안내,https://game.naver.com/lounge/nikke/board/detail/3097938,407
naver:3119687,naver,2023-11-17T18:01:31+09:00,2023-11-17T18:01:31+09:00,other,2023 대한민국 게임대상 우수상 수상! 🎉,https://game.naver.com/lounge/nikke/board/detail/3119687,522
official:de82a829aeefba4f16aa9cfaa02effb2dda9,official,2023-11-20T15:54:37+09:00,,update,11월 23일 업데이트 공지(11/24 내용 추가),https://www.nikke-kr.com/newsdetail.html?content_id=de82a829aeefba4f16aa9cfaa02effb2dda9,3284
naver:3154251,naver,2023-11-23T09:21:05+09:00,2023-11-23T09:31:04+09:00,other,공식 홈페이지 ART 업데이트 안내,https://game.naver.com/lounge/nikke/board/detail/3154251,196
naver:3177774,naver,2023-11-27T10:00:32+09:00,2023-12-02T10:18:59+09:00,other,<승리의 여신: 니케> AGF 2023 행사 안내(12/2 내용 추가),https://game.naver.com/lounge/nikke/board/detail/3177774,4878
naver:3194864,naver,2023-11-30T19:05:20+09:00,2023-11-30T19:05:20+09:00,other,🎉 구글플레이 올해를 빛낸 수상작 2023 🎉,https://game.naver.com/lounge/nikke/board/detail/3194864,198
official:21b4812da4e98a473caa183a0fefa708d84d,official,2023-12-01T15:50:00+09:00,,devnote,【 개발자 노트】2023년 12월,https://www.nikke-kr.com/newsdetail.html?content_id=21b4812da4e98a473caa183a0fefa708d84d,3746
naver:3200243,naver,2023-12-01T16:15:53+09:00,2023-12-01T16:15:53+09:00,other,🎉구글플레이 올해를 빛낸 수상작 보상 안내🎉,https://game.naver.com/lounge/nikke/board/detail/3200243,201
naver:3204922,naver,2023-12-02T13:37:01+09:00,2023-12-02T13:37:01+09:00,other,AGF 2023 현장 굿즈 구매 관련 안내,https://game.naver.com/lounge/nikke/board/detail/3204922,294
official:58221644ac180a474aa9c48a3267cb8b051a,official,2023-12-04T16:42:25+09:00,,update,12월 7일 업데이트 공지,https://www.nikke-kr.com/newsdetail.html?content_id=58221644ac180a474aa9c48a3267cb8b051a,5925
official:3542e79cac121a42efaa0b0a4e76d4d365d5,official,2023-12-07T19:35:41+09:00,,patch_fix,12월 7일 업데이트 개선사항(12/08 내용 추가),https://www.nikke-kr.com/newsdetail.html?content_id=3542e79cac121a42efaa0b0a4e76d4d365d5,3634
naver:3239080,naver,2023-12-07T20:27:43+09:00,2023-12-08T09:28:19+09:00,other,튜토리얼 - 일반 모집 관련 안내(12/08 03:20 문제 수정),https://game.naver.com/lounge/nikke/board/detail/3239080,472
naver:3239249,naver,2023-12-07T20:45:03+09:00,2023-12-07T20:45:03+09:00,other,🎉 공식 커뮤니티 팔로워 15만명 돌파 보상 🎉,https://game.naver.com/lounge/nikke/board/detail/3239249,237
naver:3241248,naver,2023-12-08T00:12:47+09:00,2023-12-08T00:12:47+09:00,soloraid,솔로 레이드 연기 안내,https://game.naver.com/lounge/nikke/board/detail/3241248,182
naver:3246141,naver,2023-12-08T18:02:23+09:00,2023-12-08T18:04:36+09:00,other,공식 MMD 모델 업데이트 안내,https://game.naver.com/lounge/nikke/board/detail/3246141,577
official:fa27b86ca1618a441baad32a541da14a28b2,official,2023-12-12T16:30:21+09:00,,update,12월 13일 업데이트 공지(12/13 내용 수정),https://www.nikke-kr.com/newsdetail.html?content_id=fa27b86ca1618a441baad32a541da14a28b2,1497
official:fb1479d3a1e6ba4fcfa8864aa1c64edec12f,official,2023-12-13T01:00:00+09:00,,sanction,버그 악용 계정 제재 공지,https://www.nikke-kr.com/newsdetail.html?content_id=fb1479d3a1e6ba4fcfa8864aa1c64edec12f,661
naver:3277700,naver,2023-12-14T15:32:28+09:00,2023-12-15T17:07:53+09:00,other,대원 모집 화면의 출력 오류 현상 안내(12/15 내용추가),https://game.naver.com/lounge/nikke/board/detail/3277700,1086
naver:3306319,naver,2023-12-20T13:36:54+09:00,2023-12-20T13:36:54+09:00,other,NIKKE X ESTAREGG 1주년 굿즈 판매 안내,https://game.naver.com/lounge/nikke/board/detail/3306319,537
naver:3312287,naver,2023-12-21T13:00:40+09:00,2023-12-21T13:00:40+09:00,other,📢 쥬얼 첫 구매 증정 횟수 초기화 안내,https://game.naver.com/lounge/nikke/board/detail/3312287,301
official:042365d7a8ac1a4411aad23a8504eb2f0312,official,2023-12-22T19:11:42+09:00,,sanction,핵 계정 제재 공지,https://www.nikke-kr.com/newsdetail.html?content_id=042365d7a8ac1a4411aad23a8504eb2f0312,1054
official:617232e2ac963a4d5fa9ed4a860bfde78848,official,2023-12-25T17:38:34+09:00,,update,12월 28일 업데이트 사전 공지,https://www.nikke-kr.com/newsdetail.html?content_id=617232e2ac963a4d5fa9ed4a860bfde78848,6197
official:3f732574aeddda403aa92f5ad45164d7db9b,official,2023-12-28T15:06:14+09:00,,update,12월 28일 업데이트 공지,https://www.nikke-kr.com/newsdetail.html?content_id=3f732574aeddda403aa92f5ad45164d7db9b,7280
naver:3350379,naver,2023-12-28T19:13:52+09:00,2024-04-24T16:02:50+09:00,other,신년 스트리머 LIVE 방송 일정 사전 안내(12/29 내용 수정),https://game.naver.com/lounge/nikke/board/detail/3350379,1091
naver:3353211,naver,2023-12-29T12:08:45+09:00,2023-12-29T12:08:45+09:00,other,📢 새해 카운트다운 보상 안내,https://game.naver.com/lounge/nikke/board/detail/3353211,137
naver:3354534,naver,2023-12-29T17:04:03+09:00,2023-12-29T17:07:09+09:00,other,신년 스트리머 LIVE 방송 일정 변경 안내,https://game.naver.com/lounge/nikke/board/detail/3354534,352
naver:3360040,naver,2023-12-30T20:52:57+09:00,2023-12-30T21:09:23+09:00,other,📺 2024 새해맞이 스페셜 스트리머 합동 방송 📺,https://game.naver.com/lounge/nikke/board/detail/3360040,700
naver:3367116,naver,2024-01-01T12:07:35+09:00,2024-01-02T10:52:48+09:00,other,📢 새해맞이 특별 보상 Ⅰ,https://game.naver.com/lounge/nikke/board/detail/3367116,146
naver:3371758,naver,2024-01-02T12:06:43+09:00,2024-01-02T12:06:43+09:00,other,📢 새해맞이 특별 보상 Ⅱ,https://game.naver.com/lounge/nikke/board/detail/3371758,122
naver:3372696,naver,2024-01-02T16:00:46+09:00,2024-01-02T16:00:46+09:00,event,트위치 드롭스 이벤트 안내,https://game.naver.com/lounge/nikke/board/detail/3372696,807
naver:3373085,naver,2024-01-02T17:31:54+09:00,2024-01-02T17:31:54+09:00,other,🎉 한국 앱스토어 매출 1위 기념 보상 안내 🎉,https://game.naver.com/lounge/nikke/board/detail/3373085,203
naver:3376121,naver,2024-01-03T11:35:49+09:00,2024-01-03T11:35:49+09:00,other,공식 MMD 모델 업데이트 안내,https://game.naver.com/lounge/nikke/board/detail/3376121,452
naver:3376232,naver,2024-01-03T12:01:59+09:00,2024-01-03T12:01:59+09:00,other,새해맞이 특별 보상 Ⅲ,https://game.naver.com/lounge/nikke/board/detail/3376232,136
naver:3398457,naver,2024-01-08T15:08:48+09:00,2024-01-10T10:04:08+09:00,other,PC 클라이언트 타이틀 화면 로딩 지속 현상 관련 안내,https://game.naver.com/lounge/nikke/board/detail/3398457,563
official:71ed7110ac939a4d3aa95b6ad00a5271cfe2,official,2024-01-08T15:57:26+09:00,,update,1월 11일 업데이트 사전 공지,https://www.nikke-kr.com/newsdetail.html?content_id=71ed7110ac939a4d3aa95b6ad00a5271cfe2,3408
official:49a8e56ba8198a49edabf8eaf0082690b31c,official,2024-01-11T17:54:09+09:00,,patch_fix,1월 11일 업데이트 개선사항,https://www.nikke-kr.com/newsdetail.html?content_id=49a8e56ba8198a49edabf8eaf0082690b31c,4683
naver:3455438,naver,2024-01-18T19:00:23+09:00,2024-01-18T19:00:23+09:00,other,REDHOOD's LEGIT TRACK 상품 발송 지연 안내,https://game.naver.com/lounge/nikke/board/detail/3455438,588
official:808fc783a9e6da4b95a8b4ba45ee462589a8,official,2024-01-22T18:56:02+09:00,,update,1월 25일 신규 추가 콘텐츠 안내(1/24 수정),https://www.nikke-kr.com/newsdetail.html?content_id=808fc783a9e6da4b95a8b4ba45ee462589a8,2468
naver:3472646,naver,2024-01-22T19:54:14+09:00,2024-01-23T17:57:28+09:00,other,게임 접속 불안정/불가 현상 관련 안내(1/22 내용 추가),https://game.naver.com/lounge/nikke/board/detail/3472646,986
naver:3475399,naver,2024-01-23T13:23:11+09:00,2024-01-23T13:23:21+09:00,other,1/23(화) 업데이트 리소스 다운로드 안내,https://game.naver.com/lounge/nikke/board/detail/3475399,453
official:7c21fc18a2ceea418faa6aea92d3238368f7,official,2024-01-29T16:48:03+09:00,,other,<승리의 여신: 니케> 공식 레코드 레이블 [LEVEL NINE] 정식 발매,https://www.nikke-kr.com/newsdetail.html?content_id=7c21fc18a2ceea418faa6aea92d3238368f7,711
naver:3504669,naver,2024-01-29T17:55:18+09:00,2024-01-29T17:55:18+09:00,other,📢 <승리의 여신: 니케> 공식 레코드 레이블 [LEVEL NINE] 정식 발매,https://game.naver.com/lounge/nikke/board/detail/3504669,1062
official:32f98a31ae757a4d6ca8aaaa5fab203a9856,official,2024-02-01T15:00:00+09:00,,devnote,【개발자 노트】2024년 02월,https://www.nikke-kr.com/newsdetail.html?content_id=32f98a31ae757a4d6ca8aaaa5fab203a9856,4032
official:bdce938da89f4a45e1ab627ae8de53a3fbe0,official,2024-02-01T16:55:00+09:00,,update,2월 5일 업데이트 공지,https://www.nikke-kr.com/newsdetail.html?content_id=bdce938da89f4a45e1ab627ae8de53a3fbe0,5484
official:b4ed5e9fa063da481baaf1dab10278e9216e,official,2024-02-05T17:49:51+09:00,,patch_fix,2월 5일 업데이트 개선사항,https://www.nikke-kr.com/newsdetail.html?content_id=b4ed5e9fa063da481baaf1dab10278e9216e,2820
naver:3546259,naver,2024-02-07T17:14:52+09:00,2024-02-07T17:14:52+09:00,event,웹 이벤트 페이지 일부 리소스 관련 안내,https://game.naver.com/lounge/nikke/board/detail/3546259,468
naver:3586925,naver,2024-02-14T11:30:33+09:00,2024-02-14T11:30:33+09:00,other,【NIKKE × animate 콜라보 굿즈 공개】,https://game.naver.com/lounge/nikke/board/detail/3586925,124
naver:3587056,naver,2024-02-14T12:00:49+09:00,2024-02-20T09:46:22+09:00,other,【NIKKE × animate 콜라보 굿즈 관련 안내】,https://game.naver.com/lounge/nikke/board/detail/3587056,379
official:31ea70b3af278a4f86aaa53ace45867993f3,official,2024-02-19T16:55:00+09:00,,update,2월 22일 업데이트 공지,https://www.nikke-kr.com/newsdetail.html?content_id=31ea70b3af278a4f86aaa53ace45867993f3,3809
naver:3613936,naver,2024-02-20T13:03:25+09:00,2024-02-20T13:29:17+09:00,other,【NIKKE × animate 콜라보 굿즈 사전 예약】,https://game.naver.com/lounge/nikke/board/detail/3613936,379
official:f3ebe0b8a19f1a4edaabe5cad560b19fb37b,official,2024-02-29T18:35:34+09:00,,devnote,【개발자 노트】2024년 02월 2차,https://www.nikke-kr.com/newsdetail.html?content_id=f3ebe0b8a19f1a4edaabe5cad560b19fb37b,6286
official:b2a445cca7213a4532a9543acf675324d34f,official,2024-03-04T18:55:00+09:00,,update,3월 7일 업데이트 공지(3/8 내용 추가),https://www.nikke-kr.com/newsdetail.html?content_id=b2a445cca7213a4532a9543acf675324d34f,4655
official:87caea9fa0c7da415aab261a262330d0a770,official,2024-03-07T18:04:13+09:00,,patch_fix,3월 7일 업데이트 개선사항,https://www.nikke-kr.com/newsdetail.html?content_id=87caea9fa0c7da415aab261a262330d0a770,3037
official:e2fe85d1adfc3a4587a8d0fa8ed2d5947058,official,2024-03-07T19:58:22+09:00,,other,《승리의 여신: 니케》 크리에이터 플랫폼 공식 출시,https://www.nikke-kr.com/newsdetail.html?content_id=e2fe85d1adfc3a4587a8d0fa8ed2d5947058,950
official:fb9790a8a214fa4836a86e9ab1791363aa49,official,2024-03-07T19:58:29+09:00,,other,《승리의 여신: 니케》크리에이터 허브 등록 FAQ,https://www.nikke-kr.com/newsdetail.html?content_id=fb9790a8a214fa4836a86e9ab1791363aa49,2249
naver:3703497,naver,2024-03-07T20:54:43+09:00,2024-03-08T09:17:50+09:00,other,<승리의 여신: 니케> 크리에이터 프로그램 공식 출시,https://game.naver.com/lounge/nikke/board/detail/3703497,1234
naver:3730415,naver,2024-03-12T10:00:36+09:00,2024-03-12T10:00:36+09:00,other,【콜라보 진행 예정 안내】,https://game.naver.com/lounge/nikke/board/detail/3730415,84
naver:3735035,naver,2024-03-13T10:00:35+09:00,2024-03-13T10:00:35+09:00,other,【콜라보 확정 안내】,https://game.naver.com/lounge/nikke/board/detail/3735035,122
naver:3778351,naver,2024-03-20T11:02:03+09:00,2024-03-20T19:08:57+09:00,other,X(트위터) 계정을 통한 게임 로그인 불가 현상 안내(3/20 내용 추가),https://game.naver.com/lounge/nikke/board/detail/3778351,621
naver:3783662,naver,2024-03-20T16:23:28+09:00,2024-03-20T17:18:19+09:00,other,🎉 공식 라운지 누적 가입자 수 10만 명 돌파 ✨,https://game.naver.com/lounge/nikke/board/detail/3783662,313
official:5605ded7aee3ea439ea9d90a823309f6b46e,official,2024-03-21T06:53:25+09:00,,update,3월 21일 업데이트 공지(4/1 내용 추가),https://www.nikke-kr.com/newsdetail.html?content_id=5605ded7aee3ea439ea9d90a823309f6b46e,7422
official:027a8d09a4fc5a49c2a9861a2038aa7224df,official,2024-03-21T06:53:33+09:00,,patch_fix,3월 21일 업데이트 개선사항(3/21 내용 수정),https://www.nikke-kr.com/newsdetail.html?content_id=027a8d09a4fc5a49c2a9861a2038aa7224df,1671
naver:3815112,naver,2024-03-24T11:00:35+09:00,2024-03-25T10:41:32+09:00,other,【유실물】,https://game.naver.com/lounge/nikke/board/detail/3815112,125
official:aa6f3a9dad40ea4890ab4dfa4b0bb7a3a0ed,official,2024-03-28T15:32:19+09:00,,devnote,【개발자 노트】2024년 03월,https://www.nikke-kr.com/newsdetail.html?content_id=aa6f3a9dad40ea4890ab4dfa4b0bb7a3a0ed,2563
naver:3840007,naver,2024-03-29T10:02:25+09:00,2024-03-29T10:02:25+09:00,other,【콜라보 진행 중】,https://game.naver.com/lounge/nikke/board/detail/3840007,170
naver:3848436,naver,2024-03-31T12:00:40+09:00,2024-03-31T12:00:40+09:00,event,【콜라보 이벤트 진행 중!】,https://game.naver.com/lounge/nikke/board/detail/3848436,199
official:73e455eaa23bca4d5baade5ad77a76654ebd,official,2024-04-01T00:05:00+09:00,,other,<승리의 여신: 니케> 후속작 개발자 인터뷰,https://www.nikke-kr.com/newsdetail.html?content_id=73e455eaa23bca4d5baade5ad77a76654ebd,1735
naver:3862004,naver,2024-04-03T11:00:37+09:00,2024-04-03T11:00:37+09:00,other,【콜라보 진행 중】,https://game.naver.com/lounge/nikke/board/detail/3862004,136
naver:3867110,naver,2024-04-04T11:00:44+09:00,2024-04-04T11:00:44+09:00,event,【14일 누적 출석 이벤트 종료 리마인드】,https://game.naver.com/lounge/nikke/board/detail/3867110,147
naver:3882242,naver,2024-04-07T11:00:31+09:00,2024-04-07T11:00:31+09:00,other,【승리의 여신: 니케 1.5주년 축제】,https://game.naver.com/lounge/nikke/board/detail/3882242,126
naver:3882442,naver,2024-04-07T12:00:33+09:00,2024-04-07T12:04:52+09:00,other,【승리의 여신: 니케 특별 방송 안내】,https://game.naver.com/lounge/nikke/board/detail/3882442,240
naver:3883662,naver,2024-04-07T17:00:32+09:00,2024-04-07T17:00:32+09:00,other,【두근두근! 니케 글로벌 인기 투표 Ⅱ】,https://game.naver.com/lounge/nikke/board/detail/3883662,146
naver:3886537,naver,2024-04-08T10:51:44+09:00,2024-04-08T10:51:44+09:00,event,【니케 글로벌 인기 투표 Ⅱ - 예측 이벤트 시작】,https://game.naver.com/lounge/nikke/board/detail/3886537,618
naver:3889563,naver,2024-04-09T00:00:42+09:00,2024-04-09T00:06:17+09:00,other,【두근두근! NIKKE 글로벌 인기 투표 Ⅱ 오픈】,https://game.naver.com/lounge/nikke/board/detail/3889563,295
naver:3890674,naver,2024-04-09T11:00:37+09:00,2024-04-09T11:00:37+09:00,other,【콜라보 종료 임박 안내】,https://game.naver.com/lounge/nikke/board/detail/3890674,159
naver:3892094,naver,2024-04-09T17:00:47+09:00,2024-04-10T01:08:37+09:00,other,🌟 최애의 NPC 스페셜 투표 시작 🌟,https://game.naver.com/lounge/nikke/board/detail/3892094,358
naver:3896114,naver,2024-04-10T17:00:37+09:00,2024-04-11T00:00:27+09:00,other,🌟 최애의 미니 게임 스페셜 투표 시작 🌟,https://game.naver.com/lounge/nikke/board/detail/3896114,400
naver:3899946,naver,2024-04-11T17:00:35+09:00,2024-04-12T00:00:23+09:00,other,🌟 가장 인상 깊은 랩쳐 스페셜 투표 시작 🌟,https://game.naver.com/lounge/nikke/board/detail/3899946,470
official:761b839fab0c2a452aa8489a5275244e1463,official,2024-04-11T17:50:00+09:00,,patch_fix,4월 11일 업데이트 개선사항,https://www.nikke-kr.com/newsdetail.html?content_id=761b839fab0c2a452aa8489a5275244e1463,1352
official:d29c352aa92f4a4da7aae2da1e315712f640,official,2024-04-11T17:51:00+09:00,,update,4월 11일 업데이트 공지,https://www.nikke-kr.com/newsdetail.html?content_id=d29c352aa92f4a4da7aae2da1e315712f640,3359
naver:3900364,naver,2024-04-11T18:30:13+09:00,2024-04-11T18:30:13+09:00,other,신규 기능 안내 「사이드 스토리」,https://game.naver.com/lounge/nikke/board/detail/3900364,434
naver:3904204,naver,2024-04-12T17:00:41+09:00,2024-04-13T00:00:28+09:00,other,🌟 최애 노래 투표 시작 🌟,https://game.naver.com/lounge/nikke/board/detail/3904204,435
naver:3905481,naver,2024-04-12T22:36:36+09:00,2024-04-12T22:44:23+09:00,other,시뮬레이션 룸 - 오버클럭 모드 BETA 시즌 2 보상 갱신 안내,https://game.naver.com/lounge/nikke/board/detail/3905481,607
naver:3907013,naver,2024-04-13T12:00:39+09:00,2024-04-13T12:00:39+09:00,other,📢 원더페스티벌 2024 코리아 관련 안내,https://game.naver.com/lounge/nikke/board/detail/3907013,554
naver:3908186,naver,2024-04-13T17:00:32+09:00,2024-04-14T00:00:20+09:00,event,🌟 가장 인상 깊은 스토리 이벤트 스페셜 투표 시작 🌟,https://game.naver.com/lounge/nikke/board/detail/3908186,467
naver:3919111,naver,2024-04-15T18:00:52+09:00,2024-04-15T18:09:19+09:00,event,투표 이벤트 종료 임박 안내,https://game.naver.com/lounge/nikke/board/detail/3919111,234
naver:3933153,naver,2024-04-18T10:29:40+09:00,2024-04-19T10:06:23+09:00,other,<승리의 여신: 니케> 1.5주년 특별 방송 안내,https://game.naver.com/lounge/nikke/board/detail/3933153,1026
naver:3935024,naver,2024-04-18T17:08:04+09:00,2024-04-19T09:32:07+09:00,other,공식 홈페이지 ART 업데이트 안내,https://game.naver.com/lounge/nikke/board/detail/3935024,236
naver:3938249,naver,2024-04-19T10:30:28+09:00,2024-04-19T10:30:28+09:00,other,1.5주년 특별 방송 OPEN D-1!,https://game.naver.com/lounge/nikke/board/detail/3938249,620
naver:3940923,naver,2024-04-19T19:00:35+09:00,2024-04-19T19:00:35+09:00,other,🎧 NIKKE 1.5주년 콜라보 테마곡 예고🎧,https://game.naver.com/lounge/nikke/board/detail/3940923,102
naver:3945974,naver,2024-04-20T18:00:14+09:00,2024-04-20T18:00:14+09:00,other,🎉 1.5주년 특별 방송 OPEN 예정! 🎉,https://game.naver.com/lounge/nikke/board/detail/3945974,352
naver:3946152,naver,2024-04-20T18:30:05+09:00,2024-04-22T17:23:41+09:00,other,🎉 1.5주년 특별 방송 조회수 5만 회 달성 보상 안내 🎉,https://game.naver.com/lounge/nikke/board/detail/3946152,552
naver:3946585,naver,2024-04-20T19:20:18+09:00,2024-04-22T17:24:02+09:00,other,1.5주년 특별 방송 기념 교환 코드 안내,https://game.naver.com/lounge/nikke/board/detail/3946585,226
naver:3947067,naver,2024-04-20T20:18:41+09:00,2024-04-22T17:28:27+09:00,event,1.5주년 이벤트 보상 안내,https://game.naver.com/lounge/nikke/board/detail/3947067,199
naver:3949821,naver,2024-04-21T11:00:39+09:00,2024-04-22T17:29:04+09:00,other,1.5주년 보상 한눈에 보기,https://game.naver.com/lounge/nikke/board/detail/3949821,111
naver:3954262,naver,2024-04-22T11:30:30+09:00,2024-04-22T11:30:30+09:00,other,<승리의 여신: 니케> 1.5주년 글로벌 창작 대회 예고,https://game.naver.com/lounge/nikke/board/detail/3954262,237
naver:3959075,naver,2024-04-23T13:00:39+09:00,2024-04-23T13:00:39+09:00,other,신규 기능 안내 「프로필 꾸미기」,https://game.naver.com/lounge/nikke/board/detail/3959075,376
naver:3960610,naver,2024-04-23T18:45:06+09:00,2024-04-23T18:56:11+09:00,other,1.5주년 기념 공식 콜라보 굿즈 정보 공개,https://game.naver.com/lounge/nikke/board/detail/3960610,372
naver:3965677,naver,2024-04-24T18:00:35+09:00,2024-04-24T18:16:32+09:00,other,1.5주년 기념 스트리머 LIVE 방송 일정 사전 안내,https://game.naver.com/lounge/nikke/board/detail/3965677,1219
official:4416fa63a8e43a497fab52cad70e488dc20d,official,2024-04-25T06:55:00+09:00,,update,4월 25일 업데이트 공지,https://www.nikke-kr.com/newsdetail.html?content_id=4416fa63a8e43a497fab52cad70e488dc20d,7963
official:4eaf26f8a0790a4757ab31cae0c15eb28a1e,official,2024-04-25T06:55:09+09:00,,patch_fix,4월 25일 업데이트 개선사항,https://www.nikke-kr.com/newsdetail.html?content_id=4eaf26f8a0790a4757ab31cae0c15eb28a1e,1296
official:3cd5e6f0a7074a460ca9512a687c335d8e0f,official,2024-04-25T09:00:00+09:00,,other,《승리의 여신: 니케》 1.5주년 글로벌 창작 대회 - 규칙 안내,https://www.nikke-kr.com/newsdetail.html?content_id=3cd5e6f0a7074a460ca9512a687c335d8e0f,3306
naver:3970828,naver,2024-04-25T17:50:53+09:00,2024-04-25T17:50:53+09:00,other,🎉 1.5주년 애플 앱스토어 매출 1위 기념 보상 안내 🎉,https://game.naver.com/lounge/nikke/board/detail/3970828,226
naver:3974153,naver,2024-04-26T11:45:52+09:00,2024-04-26T11:45:52+09:00,other,🎉 스텔라 블레이드 발매 기념 보상 안내 🎉,https://game.naver.com/lounge/nikke/board/detail/3974153,221
naver:3982345,naver,2024-04-28T13:00:40+09:00,2024-04-28T13:00:40+09:00,other,🔊 LAST KINGDOM BGM 유실물 관련 안내,https://game.naver.com/lounge/nikke/board/detail/3982345,225
naver:3999892,naver,2024-05-02T14:27:31+09:00,2024-05-07T17:33:54+09:00,other,코스튬 픽 「크라운 - 네이키드 킹」 상점 관련 안내 (5/7 수정),https://game.naver.com/lounge/nikke/board/detail/3999892,1607
naver:4004330,naver,2024-05-03T14:00:46+09:00,2024-05-20T16:30:39+09:00,other,<승리의 여신: 니케> 1.5주년 오프라인 행사 세부 사항 안내 (5/20(월) 내용 수정),https://game.naver.com/lounge/nikke/board/detail/4004330,5672
naver:4008321,naver,2024-05-04T12:00:52+09:00,2024-05-04T12:00:52+09:00,other,🎉 <승리의 여신: 니케> 1.5주년 🎉,https://game.naver.com/lounge/nikke/board/detail/4008321,221
naver:4008341,naver,2024-05-04T12:05:23+09:00,2024-05-04T12:05:23+09:00,other,📢 1.5주년 기념 혜택,https://game.naver.com/lounge/nikke/board/detail/4008341,141
naver:4009077,naver,2024-05-04T15:00:32+09:00,2024-05-04T15:00:32+09:00,other,<승리의 여신: 니케> 공식 이모티콘 이미지 공개,https://game.naver.com/lounge/nikke/board/detail/4009077,492
naver:4046824,naver,2024-05-11T15:00:32+09:00,2024-05-11T15:00:32+09:00,other,🏅 제 1회 NIKKE 레이싱 -1.5주년 기념컵- 보상 안내 🏆,https://game.naver.com/lounge/nikke/board/detail/4046824,376
naver:4062261,naver,2024-05-14T10:00:41+09:00,2024-05-14T17:30:47+09:00,other,<승리의 여신: 니케> 옥외 광고 안내,https://game.naver.com/lounge/nikke/board/detail/4062261,468
official:24ccc9b8aaac6a4b6baab20a2dfb812ff1a3,official,2024-05-16T14:55:00+09:00,,update,5월 16일 업데이트 공지(5/17 내용 추가),https://www.nikke-kr.com/newsdetail.html?content_id=24ccc9b8aaac6a4b6baab20a2dfb812ff1a3,3280
official:40aeab24a11a4a47f9a98c5a5183e7a7fc7d,official,2024-05-23T10:58:00+09:00,,devnote,【개발자 노트】2024년 5월,https://www.nikke-kr.com/newsdetail.html?content_id=40aeab24a11a4a47f9a98c5a5183e7a7fc7d,3289
naver:4124534,naver,2024-05-24T15:03:59+09:00,2024-05-24T16:41:39+09:00,other,<승리의 여신: 니케> 1.5주년 오프라인 행사 추가 사항 안내(5/24 내용 수정),https://game.naver.com/lounge/nikke/board/detail/4124534,2163
naver:4124551,naver,2024-05-24T15:06:09+09:00,2024-05-24T15:06:09+09:00,other,페스티버 x <승리의 여신: 니케> 1.5주년 오프라인 행사 기간 한정 판매 안내,https://game.naver.com/lounge/nikke/board/detail/4124551,1005
naver:4130749,naver,2024-05-25T15:30:28+09:00,2024-05-26T19:30:59+09:00,other,🎉 <승리의 여신: 니케> 1.5주년 오프라인 행사 종료 안내(5/26 내용 추가),https://game.naver.com/lounge/nikke/board/detail/4130749,441
naver:4135814,naver,2024-05-26T14:31:53+09:00,2024-05-26T16:19:01+09:00,other,📢 1.5주년 오프라인 행사 우천 관련 안내(5/26 내용수정),https://game.naver.com/lounge/nikke/board/detail/4135814,447
naver:4147344,naver,2024-05-28T18:30:51+09:00,2024-05-28T18:40:45+09:00,other,iOS 12 이하 시스템 버전 지원 종료 안내,https://game.naver.com/lounge/nikke/board/detail/4147344,512
naver:4150688,naver,2024-05-29T13:00:35+09:00,2024-05-29T13:00:35+09:00,other,신규 기능 안내 「소장품 및 애장품」,https://game.naver.com/lounge/nikke/board/detail/4150688,477
naver:4157805,naver,2024-05-30T18:07:01+09:00,2024-05-30T18:07:01+09:00,maintenance,5월 30일(목) 업데이트 점검 연장 안내,https://game.naver.com/lounge/nikke/board/detail/4157805,547
official:f7c12699afc34a4d59a9337af99c4682b38d,official,2024-05-30T19:03:48+09:00,,patch_fix,5월 30일 업데이트 개선사항,https://www.nikke-kr.com/newsdetail.html?content_id=f7c12699afc34a4d59a9337af99c4682b38d,1754
official:1d99bc12a357ca470da83eda74655bb1fb27,official,2024-05-30T19:03:57+09:00,,update,5월 30일 업데이트 공지(6/3 내용 추가),https://www.nikke-kr.com/newsdetail.html?content_id=1d99bc12a357ca470da83eda74655bb1fb27,7716
naver:4158708,naver,2024-05-30T20:30:28+09:00,2024-06-03T17:45:08+09:00,other,1.5주년 기념 오프라인 행사 판매 상품 관련 고객 센터 안내,https://game.naver.com/lounge/nikke/board/detail/4158708,1543
naver:4164074,naver,2024-05-31T18:07:24+09:00,2024-05-31T18:07:24+09:00,other,🎉 공식 커뮤니티 팔로워 20만명 돌파 보상 🎉,https://game.naver.com/lounge/nikke/board/detail/4164074,280
naver:4173065,naver,2024-06-02T13:25:28+09:00,2024-06-02T20:34:39+09:00,event,[수정 완료 및 보상 안내]GOLDEN COIN RUSH 이벤트 진입 불가 현상 안내,https://game.naver.com/lounge/nikke/board/detail/4173065,975
naver:4243391,naver,2024-06-15T15:48:06+09:00,2024-06-16T11:45:41+09:00,other,X(트위터) 계정을 통한 게임 로그인 불가 현상 안내(6/16 내용 추가),https://game.naver.com/lounge/nikke/board/detail/4243391,598
naver:4248149,naver,2024-06-16T18:00:54+09:00,2024-06-16T18:00:54+09:00,other,🔊 GOLDEN COIN RUSH 유실물 관련 안내,https://game.naver.com/lounge/nikke/board/detail/4248149,231
official:52797ae2a52e1a45a8abd16a31be257db5f5,official,2024-06-20T14:57:57+09:00,,update,6월 20일 업데이트 공지,https://www.nikke-kr.com/newsdetail.html?content_id=52797ae2a52e1a45a8abd16a31be257db5f5,2978
naver:4289833,naver,2024-06-24T11:00:37+09:00,2024-06-24T11:06:45+09:00,other,<승리의 여신: 니케> 여름 특별 방송 안내,https://game.naver.com/lounge/nikke/board/detail/4289833,223
naver:4290094,naver,2024-06-24T12:00:43+09:00,2024-06-24T12:00:43+09:00,other,🍹 <승리의 여신: 니케> 여름 특별 방송 D-2! 🏝️,https://game.naver.com/lounge/nikke/board/detail/4290094,251
naver:4295322,naver,2024-06-25T11:00:32+09:00,2024-06-25T11:00:32+09:00,other,🍉 <승리의 여신: 니케> 여름 특별 방송 D-1! 🌿,https://game.naver.com/lounge/nikke/board/detail/4295322,250
naver:4300970,naver,2024-06-26T10:00:39+09:00,2024-06-26T10:00:39+09:00,other,🌊 <승리의 여신: 니케> 여름 특별 방송 D-DAY! 🐳,https://game.naver.com/lounge/nikke/board/detail/4300970,200
naver:4304633,naver,2024-06-26T19:17:12+09:00,2024-07-01T09:11:31+09:00,other,📢 콜라보 확정 안내,https://game.naver.com/lounge/nikke/board/detail/4304633,103
naver:4304692,naver,2024-06-26T19:22:49+09:00,2024-07-01T09:13:01+09:00,other,📢 레드 후드 코스튬 투표 오픈 안내,https://game.naver.com/lounge/nikke/board/detail/4304692,349
naver:4304717,naver,2024-06-26T19:24:13+09:00,2024-07-01T09:14:09+09:00,other,📢 여름 특별 방송 기념 교환 코드 안내,https://game.naver.com/lounge/nikke/board/detail/4304717,263
naver:4304858,naver,2024-06-26T19:34:46+09:00,2024-07-01T09:12:15+09:00,other,【콜라보 진행 예고 안내】,https://game.naver.com/lounge/nikke/board/detail/4304858,63
naver:4305288,naver,2024-06-26T20:17:23+09:00,2024-06-26T20:18:03+09:00,other,레드 후드 코스튬 투표 홈페이지 오류 현상 복구 안내,https://game.naver.com/lounge/nikke/board/detail/4305288,411
naver:4360833,naver,2024-07-03T15:00:36+09:00,2024-07-03T15:00:36+09:00,other,신규 기능 안내 「칭호 시스템」,https://game.naver.com/lounge/nikke/board/detail/4360833,510
naver:4361958,naver,2024-07-03T17:57:10+09:00,2024-07-03T17:57:10+09:00,other,<승리의 여신: 니케> 1.5주년 굿즈 판매 안내,https://game.naver.com/lounge/nikke/board/detail/4361958,558
official:294ad293a4ab6a4bf9aa8baa2bcfaa8dbf5e,official,2024-07-04T06:54:47+09:00,,update,7월 4일 업데이트 공지,https://www.nikke-kr.com/newsdetail.html?content_id=294ad293a4ab6a4bf9aa8baa2bcfaa8dbf5e,9881
official:30e924e1adc37a46a9a880baa23631f49823,official,2024-07-04T06:55:05+09:00,,patch_fix,7월 4일 업데이트 개선사항(7/5 내용 추가),https://www.nikke-kr.com/newsdetail.html?content_id=30e924e1adc37a46a9a880baa23631f49823,4185
naver:4368269,naver,2024-07-04T17:10:52+09:00,2024-07-04T18:17:20+09:00,event,Apple Zone 런칭 기념 이벤트 안내,https://game.naver.com/lounge/nikke/board/detail/4368269,1326
naver:4369108,naver,2024-07-04T19:00:30+09:00,2024-07-04T19:00:30+09:00,other,🎉 애플 앱스토어 매출 1위 기념 보상 안내 🎉,https://game.naver.com/lounge/nikke/board/detail/4369108,233
official:203ea99fa31c1a456dabb77a4fec4d7a9043,official,2024-07-04T19:30:18+09:00,,other,<승리의 여신: 니케> 크리에이터 프로그램 [시원한 여름 2차 창작 대회],https://www.nikke-kr.com/newsdetail.html?content_id=203ea99fa31c1a456dabb77a4fec4d7a9043,3051
naver:4369330,naver,2024-07-04T19:32:44+09:00,2024-07-04T19:32:44+09:00,event,<승리의 여신: 니케> 여름 2차 창작 이벤트,https://game.naver.com/lounge/nikke/board/detail/4369330,1216
official:c45df1b5a0c08a474ea86e3ab5befead9c66,official,2024-07-09T18:35:52+09:00,,update,7월 9일 업데이트 공지,https://www.nikke-kr.com/newsdetail.html?content_id=c45df1b5a0c08a474ea86e3ab5befead9c66,935
naver:4419057,naver,2024-07-11T12:01:23+09:00,2024-07-15T20:37:29+09:00,other,[수정 완료 및 보상 안내] 로산나 : 시크 오션 모집 미노출 현상 안내,https://game.naver.com/lounge/nikke/board/detail/4419057,1026
official:e4ea1ae0abfbba4b1aab7c6a524c6d8282e7,official,2024-07-12T17:51:21+09:00,,update,7월 12일 업데이트 공지,https://www.nikke-kr.com/newsdetail.html?content_id=e4ea1ae0abfbba4b1aab7c6a524c6d8282e7,885
naver:4431417,naver,2024-07-12T19:01:40+09:00,2024-07-15T15:01:17+09:00,other,🎉 지휘관님 감사합니다! 특별 보상 안내 🎉,https://game.naver.com/lounge/nikke/board/detail/4431417,222
naver:4449989,naver,2024-07-15T11:40:26+09:00,2024-07-15T18:51:22+09:00,other,<승리의 여신: 니케> 2024 여름 팝업스토어 사전 안내,https://game.naver.com/lounge/nikke/board/detail/4449989,3904
naver:4452614,naver,2024-07-15T20:35:35+09:00,2024-07-15T20:35:35+09:00,sanction,오류 현상 악용 계정 제재 안내,https://game.naver.com/lounge/nikke/board/detail/4452614,246
naver:4475915,naver,2024-07-19T17:00:36+09:00,2024-07-19T17:04:43+09:00,other,공식 홈페이지 ART 업데이트 안내,https://game.naver.com/lounge/nikke/board/detail/4475915,248
naver:4476186,naver,2024-07-19T17:43:44+09:00,2024-07-26T19:19:15+09:00,other,<승리의 여신: 니케> 2024 여름 팝업스토어 굿즈 안내(7/26 수정),https://game.naver.com/lounge/nikke/board/detail/4476186,1666
naver:4481993,naver,2024-07-20T18:00:35+09:00,2024-07-20T18:02:00+09:00,other,🔊 BEAUTY FULL SHOT 유실물 관련 안내,https://game.naver.com/lounge/nikke/board/detail/4481993,263
naver:4490067,naver,2024-07-22T12:20:33+09:00,2024-07-22T12:23:04+09:00,other,<승리의 여신: 니케> 2024 여름 팝업스토어 현장 안내,https://game.naver.com/lounge/nikke/board/detail/4490067,6150
official:d6258d29a6412a4ae8aa307a16c10dd10e90,official,2024-07-22T16:31:50+09:00,,devnote,【개발자 노트】2024년 7월,https://www.nikke-kr.com/newsdetail.html?content_id=d6258d29a6412a4ae8aa307a16c10dd10e90,3231
official:609dc42cabae4a48d3a9977add79c761103e,official,2024-07-22T18:00:00+09:00,,update,7월 25일 업데이트 공지(8/1 내용 추가),https://www.nikke-kr.com/newsdetail.html?content_id=609dc42cabae4a48d3a9977add79c761103e,7143
naver:4508392,naver,2024-07-25T17:00:37+09:00,2024-07-25T17:05:09+09:00,other,7/25(목) 운영 정책 변경 안내,https://game.naver.com/lounge/nikke/board/detail/4508392,708
official:90ed01eca1a7da45feab3b8afe42600d36fa,official,2024-07-25T18:03:09+09:00,,patch_fix,7월 25일 업데이트 개선사항,https://www.nikke-kr.com/newsdetail.html?content_id=90ed01eca1a7da45feab3b8afe42600d36fa,2871
official:edad1e83afba6a4a32a9088a08b58f03f587,official,2024-08-05T17:30:04+09:00,,update,8월 8일 업데이트 공지,https://www.nikke-kr.com/newsdetail.html?content_id=edad1e83afba6a4a32a9088a08b58f03f587,3075
naver:4573104,naver,2024-08-08T10:00:33+09:00,2024-08-11T12:10:52+09:00,other,M.M.R. 부속 고등학교 주간 뉴스,https://game.naver.com/lounge/nikke/board/detail/4573104,137
naver:4578692,naver,2024-08-09T12:00:35+09:00,2024-08-11T12:05:22+09:00,other,방주 discovery,https://game.naver.com/lounge/nikke/board/detail/4578692,103
naver:4584628,naver,2024-08-10T12:00:41+09:00,2024-08-10T12:00:41+09:00,other,긴급 속보! 정전 발생!,https://game.naver.com/lounge/nikke/board/detail/4584628,132
naver:4588750,naver,2024-08-11T12:05:13+09:00,2024-08-11T12:05:13+09:00,other,【콜라보 확정 안내】,https://game.naver.com/lounge/nikke/board/detail/4588750,112
naver:4597896,naver,2024-08-13T12:00:43+09:00,2024-08-13T12:00:43+09:00,other,콜라보 업데이트 예정,https://game.naver.com/lounge/nikke/board/detail/4597896,113
naver:4604683,naver,2024-08-14T18:01:35+09:00,2024-08-14T18:01:49+09:00,other,🎉 공식 커뮤니티 팔로워 21만명 돌파 보상 🎉,https://game.naver.com/lounge/nikke/board/detail/4604683,276
official:43f9f46cadf13a4493aa364a0d14cdd59a19,official,2024-08-22T06:57:02+09:00,,patch_fix,8월 22일 업데이트 개선사항,https://www.nikke-kr.com/newsdetail.html?content_id=43f9f46cadf13a4493aa364a0d14cdd59a19,2303
official:6887504fa1db3a4f56a8060a7d733ae1311f,official,2024-08-22T06:57:15+09:00,,update,8월 22일 업데이트 공지(8/30 내용 추가),https://www.nikke-kr.com/newsdetail.html?content_id=6887504fa1db3a4f56a8060a7d733ae1311f,11759
naver:4644942,naver,2024-08-22T12:00:38+09:00,2024-08-22T12:00:38+09:00,other,「승리의 여신: 니케」×「에반게리온」 콜라보레이션 오픈,https://game.naver.com/lounge/nikke/board/detail/4644942,176
naver:4644950,naver,2024-08-22T12:02:07+09:00,2024-08-22T12:05:02+09:00,other,이상 개체 요격전 관련 안내,https://game.naver.com/lounge/nikke/board/detail/4644950,415
naver:4667619,naver,2024-08-26T11:00:33+09:00,2024-08-26T11:00:33+09:00,other,YOU CAN (NOT) EVADE. 유실물 관련 안내,https://game.naver.com/lounge/nikke/board/detail/4667619,127
naver:4677478,naver,2024-08-28T11:00:48+09:00,2024-09-13T09:38:04+09:00,event,콜라보 이벤트 진행 중!,https://game.naver.com/lounge/nikke/board/detail/4677478,250
naver:4691875,naver,2024-08-30T18:00:47+09:00,2024-08-30T18:06:54+09:00,other,<승리의 여신: 니케> 2주년 기념 스페셜 설문 안내,https://game.naver.com/lounge/nikke/board/detail/4691875,771
official:533242b3a3c99a4c41a83fcac854beb1d83d,official,2024-08-30T20:23:23+09:00,,other,《승리의 여신: 니케》 크리에이터 페스티벌 2024 - 찬란하게 빛나는 순간(9/4 내용 수정),https://www.nikke-kr.com/newsdetail.html?content_id=533242b3a3c99a4c41a83fcac854beb1d83d,3383
naver:4694720,naver,2024-08-31T11:00:33+09:00,2024-08-31T11:00:33+09:00,other,콜라보 진행 중!,https://game.naver.com/lounge/nikke/board/detail/4694720,143
naver:4705437,naver,2024-09-02T18:30:28+09:00,2024-09-02T18:30:28+09:00,other,<승리의 여신: 니케> 크리에이터 페스티벌 2024 안내,https://game.naver.com/lounge/nikke/board/detail/4705437,1388
naver:4738095,naver,2024-09-09T11:00:41+09:00,2024-09-09T11:00:41+09:00,other,콜라보 진행 중!,https://game.naver.com/lounge/nikke/board/detail/4738095,185
naver:4738341,naver,2024-09-09T11:25:49+09:00,2024-09-09T11:25:49+09:00,other,<승리의 여신: 니케> 공식 카카오 이모티콘 시즌 2 출시!,https://game.naver.com/lounge/nikke/board/detail/4738341,284
official:c33ea3beaa423a43cda8fd1a0e2ce351ea90,official,2024-09-12T10:58:00+09:00,,devnote,【개발자 노트】2024년 9월,https://www.nikke-kr.com/newsdetail.html?content_id=c33ea3beaa423a43cda8fd1a0e2ce351ea90,1896
naver:4759983,naver,2024-09-13T11:00:46+09:00,2024-09-13T11:00:46+09:00,other,콜라보 프레임 수령 종료 임박 안내,https://game.naver.com/lounge/nikke/board/detail/4759983,337
naver:4765769,naver,2024-09-14T11:00:41+09:00,2024-09-14T11:00:41+09:00,other,콜라보 기간 한정 Pick Up 모집 종료 임박 안내 - 「시키나미 아스카 랑그레이」,https://game.naver.com/lounge/nikke/board/detail/4765769,229
naver:4766066,naver,2024-09-14T12:00:38+09:00,2024-09-14T12:00:38+09:00,other,콜라보 기간 한정 Pick Up 모집 종료 임박 안내 - 「아야나미 레이」,https://game.naver.com/lounge/nikke/board/detail/4766066,217
naver:4766326,naver,2024-09-14T13:00:41+09:00,2024-09-14T13:00:41+09:00,other,콜라보 기간 한정 Pick Up 모집 종료 임박 안내 - 「마키나미 마리 일러스트리어스」,https://game.naver.com/lounge/nikke/board/detail/4766326,233
naver:4771799,naver,2024-09-15T10:00:37+09:00,2024-09-15T10:00:37+09:00,other,콜라보 종료 임박 안내,https://game.naver.com/lounge/nikke/board/detail/4771799,166
naver:4773494,naver,2024-09-15T17:00:33+09:00,2024-09-15T17:00:33+09:00,other,보상 지급 안내 - Red Hood Special,https://game.naver.com/lounge/nikke/board/detail/4773494,739
naver:4777139,naver,2024-09-16T13:00:40+09:00,2024-09-16T13:02:26+09:00,other,신규 기능 안내 「상담 도감」,https://game.naver.com/lounge/nikke/board/detail/4777139,462
naver:4777422,naver,2024-09-16T14:02:19+09:00,2024-09-16T14:02:19+09:00,other,넌센스 레드,https://game.naver.com/lounge/nikke/board/detail/4777422,121
official:30020eb2a9811a480fa9dc3acd89190f89b8,official,2024-09-16T17:00:00+09:00,,update,9월 19일 업데이트 공지(9/23 내용 추가),https://www.nikke-kr.com/newsdetail.html?content_id=30020eb2a9811a480fa9dc3acd89190f89b8,5347
official:31c65891a3529a4c38a848ca2ad32a2198e3,official,2024-09-19T17:55:49+09:00,,patch_fix,9월 19일 업데이트 개선사항,https://www.nikke-kr.com/newsdetail.html?content_id=31c65891a3529a4c38a848ca2ad32a2198e3,1897
naver:4796161,naver,2024-09-20T17:02:20+09:00,2024-09-20T17:02:20+09:00,other,타국가 언어 설정 시 루주 스킬 설명 관련 현상 안내,https://game.naver.com/lounge/nikke/board/detail/4796161,456
official:ca1fa17eab7e5a485fa952bacb73fce5a6f0,official,2024-10-01T13:25:45+09:00,,update,10월 3일 신규 추가 콘텐츠 안내,https://www.nikke-kr.com/newsdetail.html?content_id=ca1fa17eab7e5a485fa952bacb73fce5a6f0,3915
naver:4883140,naver,2024-10-11T09:30:30+09:00,2024-10-11T09:30:30+09:00,other,🌌 <승리의 여신: 니케> 2주년 ✨,https://game.naver.com/lounge/nikke/board/detail/4883140,78
naver:4883251,naver,2024-10-11T10:00:41+09:00,2024-10-11T11:47:35+09:00,other,📺 2주년 기념 방송 사전 안내 📺(10/11 내용 추가),https://game.naver.com/lounge/nikke/board/detail/4883251,284
official:700e8e3ca6ebaa4cbcab1f2a1d217cd0c2c0,official,2024-10-14T19:00:00+09:00,,update,10월 17일 업데이트 공지,https://www.nikke-kr.com/newsdetail.html?content_id=700e8e3ca6ebaa4cbcab1f2a1d217cd0c2c0,3954
naver:4947839,naver,2024-10-22T11:00:33+09:00,2024-10-22T11:00:33+09:00,other,🌌 2주년 기념곡이 곧 공개됩니다! 🎶,https://game.naver.com/lounge/nikke/board/detail/4947839,123
naver:4953966,naver,2024-10-23T11:41:22+09:00,2024-10-23T11:41:22+09:00,other,🌌 <승리의 여신: 니케> 2주년 특별 방송 D-3! ✨,https://game.naver.com/lounge/nikke/board/detail/4953966,326
naver:4959446,naver,2024-10-24T11:00:52+09:00,2024-10-24T11:00:52+09:00,other,🌌 <승리의 여신: 니케> 2주년 특별 방송 D-2! ✨,https://game.naver.com/lounge/nikke/board/detail/4959446,295
naver:4964880,naver,2024-10-25T11:00:41+09:00,2024-10-26T19:31:02+09:00,other,🌌 <승리의 여신: 니케> 2주년 특별 방송 D-1! ✨(10/26 내용 수정),https://game.naver.com/lounge/nikke/board/detail/4964880,362
naver:4969720,naver,2024-10-26T09:30:31+09:00,2024-10-26T09:30:31+09:00,other,🌌 2주년 업데이트까지 앞으로 5일! ✨,https://game.naver.com/lounge/nikke/board/detail/4969720,218
naver:4971812,naver,2024-10-26T18:30:29+09:00,2024-10-26T18:30:29+09:00,other,🌌 <승리의 여신: 니케> 2주년 특별 방송 D-DAY! ✨,https://game.naver.com/lounge/nikke/board/detail/4971812,411
naver:4972838,naver,2024-10-26T21:04:03+09:00,2024-10-26T21:04:03+09:00,other,🌌 2주년 특별 방송 누적 시청자 수 8만 명 달성 보상 안내 ✨,https://game.naver.com/lounge/nikke/board/detail/4972838,270
naver:4972939,naver,2024-10-26T21:16:48+09:00,2024-10-28T09:42:16+09:00,other,니케 오케스트라 콘서트 예고,https://game.naver.com/lounge/nikke/board/detail/4972939,278
naver:4973008,naver,2024-10-26T21:24:34+09:00,2024-10-28T09:42:34+09:00,other,2주년 특별 방송 기념 교환 코드 안내,https://game.naver.com/lounge/nikke/board/detail/4973008,308
naver:4973018,naver,2024-10-26T21:25:58+09:00,2024-10-28T09:42:47+09:00,event,2주년 이벤트 보상 안내,https://game.naver.com/lounge/nikke/board/detail/4973018,292
naver:4977757,naver,2024-10-27T17:00:38+09:00,2024-10-28T10:48:27+09:00,other,🌌 NIKKE X A-1 Pictures ✨,https://game.naver.com/lounge/nikke/board/detail/4977757,76
naver:4978067,naver,2024-10-27T18:00:39+09:00,2024-10-27T18:00:39+09:00,other,「승리의 여신: 니케」 x 「FRANK BURGER」 콜라보 안내,https://game.naver.com/lounge/nikke/board/detail/4978067,286
naver:4978215,naver,2024-10-27T18:30:28+09:00,2024-10-27T18:30:28+09:00,other,<승리의 여신: 니케> AGF 2024 참가 안내,https://game.naver.com/lounge/nikke/board/detail/4978215,233
naver:4989494,naver,2024-10-28T20:43:14+09:00,2024-10-28T20:43:14+09:00,other,TCG <승리의 여신: 니케> 니벨아레나 출시 안내,https://game.naver.com/lounge/nikke/board/detail/4989494,213
naver:4998850,naver,2024-10-30T15:00:35+09:00,2024-10-30T15:00:35+09:00,other,신규 기능 안내 「아케이드」,https://game.naver.com/lounge/nikke/board/detail/4998850,209
official:78d68b8baa444a4683a9d4dadd7cfcfec19c,official,2024-10-31T07:00:00+09:00,,patch_fix,10월 31일 업데이트 개선사항(11월 6일 내용 추가),https://www.nikke-kr.com/newsdetail.html?content_id=78d68b8baa444a4683a9d4dadd7cfcfec19c,3566
official:80afaa1baf61ea487baaed1a88776bbb30f9,official,2024-10-31T07:00:00+09:00,,update,10월 31일 업데이트 공지(10월 31일 공지 수정),https://www.nikke-kr.com/newsdetail.html?content_id=80afaa1baf61ea487baaed1a88776bbb30f9,9935
naver:5002875,naver,2024-10-31T07:23:20+09:00,2024-10-31T07:23:20+09:00,other,캠페인 필드 및 로스트 섹터 일부 포탈 관련 현상 안내,https://game.naver.com/lounge/nikke/board/detail/5002875,437
naver:5003022,naver,2024-10-31T08:00:41+09:00,2024-10-31T08:00:41+09:00,other,"🌌 글로벌 누적 다운로드 4,500만 달성! 🎉",https://game.naver.com/lounge/nikke/board/detail/5003022,216
naver:5003921,naver,2024-10-31T11:00:34+09:00,2024-10-31T11:07:40+09:00,other,2주년 기념 보상 수령 안내,https://game.naver.com/lounge/nikke/board/detail/5003921,151
official:c3cf17b7abf1ca4c69a9bd1acb34f3d1bbd0,official,2024-10-31T13:19:47+09:00,,other,<승리의 여신: 니케> 2주년 글로벌 창작 대회 - 규칙 안내,https://www.nikke-kr.com/newsdetail.html?content_id=c3cf17b7abf1ca4c69a9bd1acb34f3d1bbd0,3464
official:4215a1f1a804ba4f30abe7ba846cb8fd8305,official,2024-10-31T23:02:10+09:00,,update,10월 31일 임시 업데이트 공지,https://www.nikke-kr.com/newsdetail.html?content_id=4215a1f1a804ba4f30abe7ba846cb8fd8305,628
naver:5011492,naver,2024-11-01T10:00:36+09:00,2024-11-01T10:00:36+09:00,event,🌌 2주년 기념 대형 스토리 이벤트 진행 중! ✨,https://game.naver.com/lounge/nikke/board/detail/5011492,225
naver:5013873,naver,2024-11-01T15:51:48+09:00,2024-11-01T22:08:53+09:00,soloraid,솔로 레이드 일시 중단 안내(11/1 내용 추가),https://game.naver.com/lounge/nikke/board/detail/5013873,985
naver:5015956,naver,2024-11-01T21:32:20+09:00,2024-11-15T18:13:26+09:00,other,<승리의 여신: 니케> 2주년 특별 비행선 안내,https://game.naver.com/lounge/nikke/board/detail/5015956,1047
naver:5018343,naver,2024-11-02T10:00:40+09:00,2024-11-02T10:00:40+09:00,other,<승리의 여신: 니케> 오케스트라 콘서트 예고 PV,https://game.naver.com/lounge/nikke/board/detail/5018343,268
naver:5019133,naver,2024-11-02T12:00:36+09:00,2024-11-02T12:00:36+09:00,other,2주년 보상 한눈에 보기,https://game.naver.com/lounge/nikke/board/detail/5019133,108
naver:5035079,naver,2024-11-04T10:00:39+09:00,2024-11-13T20:05:28+09:00,other,🎼 승리의 여신: 니케 오케스트라 콘서트 PV(Full Ver.) 🎺,https://game.naver.com/lounge/nikke/board/detail/5035079,349
naver:5035794,naver,2024-11-04T12:30:30+09:00,2024-11-04T12:30:30+09:00,other,🌌 2주년 기념 보상 안내 ✨,https://game.naver.com/lounge/nikke/board/detail/5035794,100
naver:5051605,naver,2024-11-06T17:00:19+09:00,2024-11-06T17:11:04+09:00,other,2주년 니케 로드 투어 챌린지 현장 사진,https://game.naver.com/lounge/nikke/board/detail/5051605,393
naver:5053896,naver,2024-11-06T20:30:20+09:00,2024-11-06T20:30:20+09:00,other,공식 홈페이지 ART 업데이트 안내,https://game.naver.com/lounge/nikke/board/detail/5053896,210
official:9fb3fde5a478aa4f2fab645a64b278a0edf3,official,2024-11-07T03:49:04+09:00,,known_issue,10월 31일 알려진 이슈(11월 19일 수정),https://www.nikke-kr.com/newsdetail.html?content_id=9fb3fde5a478aa4f2fab645a64b278a0edf3,1800
official:9dc8e9e7a1687a4ec3aae89aacd40a2d3291,official,2024-11-07T04:02:04+09:00,,update,11월 7일 업데이트 공지,https://www.nikke-kr.com/newsdetail.html?content_id=9dc8e9e7a1687a4ec3aae89aacd40a2d3291,2409
naver:5060307,naver,2024-11-07T15:34:01+09:00,2024-11-07T15:34:01+09:00,other,🎉 2주년 애플 앱스토어 매출 1위 기념 보상 안내 🎉,https://game.naver.com/lounge/nikke/board/detail/5060307,225
naver:5068625,naver,2024-11-08T19:03:54+09:00,2024-11-15T21:14:19+09:00,other,<승리의 여신: 니케> 2주년 특별 비행선 안내,https://game.naver.com/lounge/nikke/board/detail/5068625,1105
naver:5084065,naver,2024-11-11T16:30:33+09:00,2024-11-11T16:30:33+09:00,soloraid,솔로 레이드 내 비정상적인 플레이 관련 안내,https://game.naver.com/lounge/nikke/board/detail/5084065,500
naver:5085178,naver,2024-11-11T20:00:05+09:00,2024-11-11T20:00:05+09:00,other,「승리의 여신: 니케」 x 「FRANK BURGER」 콜라보 스페셜 굿즈 일시 품절 및 재입고 관련 안내,https://game.naver.com/lounge/nikke/board/detail/5085178,513
naver:5089411,naver,2024-11-12T16:38:20+09:00,2024-11-12T16:38:20+09:00,soloraid,솔로 레이드 시즌 19 일시 중단 및 챌린지 모드 기록 초기화 사전 안내,https://game.naver.com/lounge/nikke/board/detail/5089411,628
naver:5093248,naver,2024-11-13T12:00:19+09:00,2024-11-13T12:00:19+09:00,other,🌌 2주년 테마곡 공개 기념 교환 코드 안내 ✨,https://game.naver.com/lounge/nikke/board/detail/5093248,209
naver:5119386,naver,2024-11-18T16:15:37+09:00,2024-11-18T16:17:13+09:00,other,공식 커뮤니티 관련 설문조사 안내,https://game.naver.com/lounge/nikke/board/detail/5119386,287
official:dc1fb4e1a8cc7a40a1a94f3a205b06042222,official,2024-11-18T17:06:34+09:00,,update,11월 21일 업데이트 공지,https://www.nikke-kr.com/newsdetail.html?content_id=dc1fb4e1a8cc7a40a1a94f3a205b06042222,3176
naver:5155601,naver,2024-11-22T18:17:50+09:00,2024-11-22T18:17:50+09:00,other,「승리의 여신: 니케」 x 「FRANK BURGER」 콜라보 스페셜 굿즈 관련 안내,https://game.naver.com/lounge/nikke/board/detail/5155601,316
naver:5184269,naver,2024-11-26T15:00:33+09:00,2024-11-26T15:02:12+09:00,other,<승리의 여신: 니케> 라운지 DB 업데이트 안내,https://game.naver.com/lounge/nikke/board/detail/5184269,195
naver:5205380,naver,2024-11-29T10:00:05+09:00,2024-11-29T10:00:05+09:00,other,<승리의 여신: 니케> AGF 2024 행사 안내,https://game.naver.com/lounge/nikke/board/detail/5205380,5651
naver:5225291,naver,2024-12-02T15:00:41+09:00,2024-12-02T15:00:41+09:00,other,🎉 공식 커뮤니티 팔로워 22만명 돌파 보상 🎉,https://game.naver.com/lounge/nikke/board/detail/5225291,273
official:a5756065aaf44a4857aa7dbaa9d1d09062a0,official,2024-12-02T18:40:15+09:00,,update,12월 5일 업데이트 공지,https://www.nikke-kr.com/newsdetail.html?content_id=a5756065aaf44a4857aa7dbaa9d1d09062a0,7364
official:36859888aeeafa4e51a859aa4e07444ef991,official,2024-12-05T18:00:00+09:00,,patch_fix,12월 5일 업데이트 개선사항 (12월 6일 수정),https://www.nikke-kr.com/newsdetail.html?content_id=36859888aeeafa4e51a859aa4e07444ef991,3515
official:8ff439cba0154a429dab502a313dd740b387,official,2024-12-05T18:00:30+09:00,,known_issue,12월 5일 알려진 이슈 (12월 12일 수정),https://www.nikke-kr.com/newsdetail.html?content_id=8ff439cba0154a429dab502a313dd740b387,447
official:9e1fb8bca188ba4127a8d52aca67913412f5,official,2024-12-06T20:04:33+09:00,,other,《승리의 여신: 니케》 크리스마스 2차 창작 대회,https://www.nikke-kr.com/newsdetail.html?content_id=9e1fb8bca188ba4127a8d52aca67913412f5,3394
official:616995ada2fa6a4e08abfaea12fe591606cb,official,2024-12-06T22:00:00+09:00,,devnote,【개발자 노트】 2024년 12월,https://www.nikke-kr.com/newsdetail.html?content_id=616995ada2fa6a4e08abfaea12fe591606cb,3549
official:d3f58979a6ff4a4d52abce2a2de397d6a594,official,2024-12-06T23:56:47+09:00,,update,12월 6일 업데이트 공지,https://www.nikke-kr.com/newsdetail.html?content_id=d3f58979a6ff4a4d52abce2a2de397d6a594,525
naver:5255404,naver,2024-12-07T14:22:58+09:00,2024-12-07T14:22:58+09:00,other,AGF 2024 부스 입장 관련 안내,https://game.naver.com/lounge/nikke/board/detail/5255404,316
naver:5259950,naver,2024-12-08T10:20:10+09:00,2024-12-08T10:20:10+09:00,other,<승리의 여신: 니케> AGF 2024 DAY 2 오픈!,https://game.naver.com/lounge/nikke/board/detail/5259950,176
naver:5289637,naver,2024-12-12T18:15:09+09:00,2024-12-17T16:27:57+09:00,other,<승리의 여신: 니케> 공식 커뮤니티 소규모 CBT 테스터 모집 안내,https://game.naver.com/lounge/nikke/board/detail/5289637,1071
naver:5300496,naver,2024-12-15T13:08:58+09:00,2024-12-15T13:08:58+09:00,other,<승리의 여신: 니케> 크리스마스 특별 방송 안내,https://game.naver.com/lounge/nikke/board/detail/5300496,187
naver:5312131,naver,2024-12-18T11:01:07+09:00,2024-12-18T11:01:07+09:00,other,🎄 <승리의 여신: 니케> 크리스마스 특별 방송 MC 소개 🎀,https://game.naver.com/lounge/nikke/board/detail/5312131,276
naver:5326730,naver,2024-12-20T12:01:15+09:00,2024-12-20T12:01:15+09:00,other,🎄 <승리의 여신: 니케> 크리스마스 서프라이즈 제 1탄 🎀,https://game.naver.com/lounge/nikke/board/detail/5326730,236
naver:5329250,naver,2024-12-20T17:30:28+09:00,2024-12-20T18:02:35+09:00,other,신규 기능 안내 「유니온 레이드 하드 난이도 - 베타 시즌」,https://game.naver.com/lounge/nikke/board/detail/5329250,680
naver:5334513,naver,2024-12-21T12:01:23+09:00,2024-12-21T12:01:23+09:00,other,🎄 <승리의 여신: 니케> 크리스마스 서프라이즈 제 2탄 🎀,https://game.naver.com/lounge/nikke/board/detail/5334513,218
naver:5340720,naver,2024-12-22T12:00:47+09:00,2024-12-22T12:00:47+09:00,other,🎄 <승리의 여신: 니케> 크리스마스 서프라이즈 제3탄 🎀,https://game.naver.com/lounge/nikke/board/detail/5340720,271
naver:5349878,naver,2024-12-23T19:55:33+09:00,2024-12-23T19:55:33+09:00,other,🎄 <승리의 여신: 니케> 크리스마스 특별 방송 시작! 🎀,https://game.naver.com/lounge/nikke/board/detail/5349878,207
naver:5350239,naver,2024-12-23T20:29:48+09:00,2024-12-24T09:21:24+09:00,other,크리스마스 특별 방송 기념 교환 코드 안내,https://game.naver.com/lounge/nikke/board/detail/5350239,279
naver:5350284,naver,2024-12-23T20:32:46+09:00,2024-12-24T09:21:33+09:00,other,새해 업데이트 버전 보상 미리보기,https://game.naver.com/lounge/nikke/board/detail/5350284,247
official:2f124073acac3a4a8ba8f74a16075ccbe41e,official,2024-12-24T16:30:00+09:00,,update,12월 26일 업데이트 공지,https://www.nikke-kr.com/newsdetail.html?content_id=2f124073acac3a4a8ba8f74a16075ccbe41e,8083
naver:5361481,naver,2024-12-25T12:01:17+09:00,2024-12-25T14:07:02+09:00,other,<승리의 여신: 니케> 공식 카카오 이모티콘 시즌 3 출시!,https://game.naver.com/lounge/nikke/board/detail/5361481,257
official:03fb773dad04ea4cf3abbfead2f66e20e1aa,official,2024-12-26T18:02:54+09:00,,known_issue,12월 26일 알려진 이슈(01/10 내용 추가),https://www.nikke-kr.com/newsdetail.html?content_id=03fb773dad04ea4cf3abbfead2f66e20e1aa,867
official:84bf7102a2ae5a47d1a8496a41a83a991e32,official,2024-12-26T18:03:09+09:00,,patch_fix,12월 26일 업데이트 개선사항,https://www.nikke-kr.com/newsdetail.html?content_id=84bf7102a2ae5a47d1a8496a41a83a991e32,2487
naver:5375211,naver,2024-12-27T18:30:34+09:00,2024-12-27T18:30:34+09:00,other,「승리의 여신: 니케」 x 「GS25」 콜라보 예정,https://game.naver.com/lounge/nikke/board/detail/5375211,188
naver:5376436,naver,2024-12-27T23:11:56+09:00,2024-12-27T23:11:56+09:00,other,루키/스페셜 아레나 관련 안내,https://game.naver.com/lounge/nikke/board/detail/5376436,563
naver:5383930,naver,2024-12-29T12:00:30+09:00,2024-12-29T12:00:30+09:00,other,📢 새해 카운트다운 보상 안내,https://game.naver.com/lounge/nikke/board/detail/5383930,200
naver:5400966,naver,2025-01-01T12:01:26+09:00,2025-01-01T12:01:26+09:00,other,새해 맞이 특별 보상,https://game.naver.com/lounge/nikke/board/detail/5400966,216
naver:5406958,naver,2025-01-02T12:02:24+09:00,2025-01-02T12:02:24+09:00,other,대한민국 애플 앱스토어 연령 등급 조정 안내,https://game.naver.com/lounge/nikke/board/detail/5406958,479
naver:5427437,naver,2025-01-06T19:11:51+09:00,2025-01-06T19:11:51+09:00,other,<승리의 여신: 니케> 라피 : 레드 후드 홍대 스페셜 벽화,https://game.naver.com/lounge/nikke/board/detail/5427437,400
naver:5427771,naver,2025-01-06T20:38:08+09:00,2025-01-06T20:38:08+09:00,other,2025 신년 특집 '라피 : 레드 후드' 대담회 방송 안내,https://game.naver.com/lounge/nikke/board/detail/5427771,928
official:62442a79ade6ca4e74aafebafcd89bd1b0a2,official,2025-01-07T17:08:07+09:00,,other,새해 복 많이 받으세요 : 2025년 <승리의 여신: 니케> 2차 창작 대회,https://www.nikke-kr.com/newsdetail.html?content_id=62442a79ade6ca4e74aafebafcd89bd1b0a2,3525
naver:5436084,naver,2025-01-08T18:01:21+09:00,2025-01-08T18:01:21+09:00,other,<승리의 여신: 니케> 라피 메모리 로드 투어 현장 사진,https://game.naver.com/lounge/nikke/board/detail/5436084,557
official:eedcb138a33ada4acaab6dba41b905c9ecce,official,2025-01-13T17:30:00+09:00,,update,1월 16일 업데이트 공지,https://www.nikke-kr.com/newsdetail.html?content_id=eedcb138a33ada4acaab6dba41b905c9ecce,3559
official:4d61af99a65dfa4720a94dea638578048ed7,official,2025-01-16T17:58:44+09:00,,known_issue,1월 16일 알려진 이슈(1/17 내용 추가),https://www.nikke-kr.com/newsdetail.html?content_id=4d61af99a65dfa4720a94dea638578048ed7,594
official:c062f1cca1b8aa4653ab989a1da0398313b4,official,2025-01-16T18:00:00+09:00,,patch_fix,1월16일 업데이트 개선사항,https://www.nikke-kr.com/newsdetail.html?content_id=c062f1cca1b8aa4653ab989a1da0398313b4,2221
naver:5483849,naver,2025-01-17T18:23:20+09:00,2025-01-17T18:23:20+09:00,other,📻 마음속에서 울리는 당신의 목소리 보상 안내 🎵,https://game.naver.com/lounge/nikke/board/detail/5483849,370
naver:5499359,naver,2025-01-20T19:00:38+09:00,2025-01-20T19:00:38+09:00,other,🎉 공식 YouTube 팔로워 5만명 돌파 기념 보상 안내 🎉,https://game.naver.com/lounge/nikke/board/detail/5499359,232
official:c32f2603a9cfda4410aaa90ac11019ac5f0a,official,2025-01-21T18:02:00+09:00,,update,1월 23일 업데이트 공지(1/24 내용 수정),https://www.nikke-kr.com/newsdetail.html?content_id=c32f2603a9cfda4410aaa90ac11019ac5f0a,6192
naver:5515548,naver,2025-01-22T19:00:41+09:00,2025-01-22T19:00:41+09:00,other,Pick Up 종료 리마인드 - 「라피 : 레드 후드」,https://game.naver.com/lounge/nikke/board/detail/5515548,191
official:2a9fcb0dacc8da49dda8e35a7302964ade2a,official,2025-01-23T19:29:44+09:00,,known_issue,1월 23일 알려진 이슈,https://www.nikke-kr.com/newsdetail.html?content_id=2a9fcb0dacc8da49dda8e35a7302964ade2a,206
naver:5526837,naver,2025-01-24T18:10:42+09:00,2025-01-24T18:10:42+09:00,other,AGF 2024 및 라피 : 레드 후드 업데이트 기념 굿즈 판매 안내,https://game.naver.com/lounge/nikke/board/detail/5526837,685
official:1bda83eda0c0ca4ed2aa6afaab4ff591ae04,official,2025-01-24T20:30:00+09:00,,devnote,【개발자 노트】 2025년 1월,https://www.nikke-kr.com/newsdetail.html?content_id=1bda83eda0c0ca4ed2aa6afaab4ff591ae04,2773
official:83a003d4a9384a49b9aab08ac6f9c55dd6d5,official,2025-01-25T19:24:11+09:00,,other,App Store 통신사 캐시백 프로모션 진행 안내,https://www.nikke-kr.com/newsdetail.html?content_id=83a003d4a9384a49b9aab08ac6f9c55dd6d5,1781
naver:5533556,naver,2025-01-25T19:28:07+09:00,2025-01-31T13:40:38+09:00,other,App Store 통신사 캐시백 프로모션 진행 안내,https://game.naver.com/lounge/nikke/board/detail/5533556,563
naver:5588095,naver,2025-02-07T18:00:41+09:00,2025-02-07T18:00:41+09:00,other,<승리의 여신: 니케> 공식 O.S.T 앨범 출시,https://game.naver.com/lounge/nikke/board/detail/5588095,869
naver:5598807,naver,2025-02-10T18:30:30+09:00,2025-02-10T18:32:51+09:00,other,페이스북 연동 계정 로그인 불가 현상 관련 안내,https://game.naver.com/lounge/nikke/board/detail/5598807,488
naver:5602854,naver,2025-02-11T17:51:54+09:00,2025-02-11T17:51:54+09:00,other,앵커 : 이노센트 메이드 일부 스킬 및 페이스북 로그인 오류 현상 관련 안내,https://game.naver.com/lounge/nikke/board/detail/5602854,461
naver:5605478,naver,2025-02-12T10:36:21+09:00,2025-02-12T10:36:21+09:00,other,🧃 지휘관님! 어서 에너지를 충전하세요! GS25 콜라보 협동 작전 개시! 🍙,https://game.naver.com/lounge/nikke/board/detail/5605478,317
naver:5611401,naver,2025-02-13T08:28:29+09:00,2025-02-13T08:35:27+09:00,other,「스텔라 블레이드」 x 「승리의 여신: 니케」 콜라보 안내,https://game.naver.com/lounge/nikke/board/detail/5611401,235
naver:5611496,naver,2025-02-13T09:00:38+09:00,2025-02-13T09:00:38+09:00,other,콜라보 업데이트 예정,https://game.naver.com/lounge/nikke/board/detail/5611496,134
naver:5619327,naver,2025-02-14T10:19:46+09:00,2025-03-20T17:03:05+09:00,other,"승리의 여신: 니케, 2월 20일(목) GS25 협동 작전 개시!",https://game.naver.com/lounge/nikke/board/detail/5619327,1003
naver:5619849,naver,2025-02-14T12:01:24+09:00,2025-02-14T12:03:01+09:00,other,🎼 승리의 선율 🎺,https://game.naver.com/lounge/nikke/board/detail/5619849,237
naver:5620834,naver,2025-02-14T15:01:43+09:00,2025-02-14T15:17:18+09:00,other,NIKKE × animate 콜라보 굿즈 사전 예약,https://game.naver.com/lounge/nikke/board/detail/5620834,496
naver:5641950,naver,2025-02-18T17:55:44+09:00,2025-02-18T17:57:11+09:00,other,SHIFT UP <승리의 여신: 니케> IP 감수 매니저 모집,https://game.naver.com/lounge/nikke/board/detail/5641950,1161
naver:5649928,naver,2025-02-20T06:40:04+09:00,2025-02-20T09:03:03+09:00,maintenance,2월 20일(목) 업데이트 점검 연장 안내,https://game.naver.com/lounge/nikke/board/detail/5649928,543
official:4f3eb89fabf3ea4406a9e87a83a69a3bd5ab,official,2025-02-20T09:09:44+09:00,,update,2월 20일 업데이트 공지,https://www.nikke-kr.com/newsdetail.html?content_id=4f3eb89fabf3ea4406a9e87a83a69a3bd5ab,12904
official:1537dfa1a97f8a4c00a977da4b0cfe1f7ece,official,2025-02-20T09:13:51+09:00,,patch_fix,2월20일 업데이트 개선사항 (2월 21일 공지 수정),https://www.nikke-kr.com/newsdetail.html?content_id=1537dfa1a97f8a4c00a977da4b0cfe1f7ece,3200
official:15c78170a78c0a404aabf11ad5fcf067ee9f,official,2025-02-20T09:16:47+09:00,,known_issue,2월 20일 알려진 이슈(2월 27일 공지 수정),https://www.nikke-kr.com/newsdetail.html?content_id=15c78170a78c0a404aabf11ad5fcf067ee9f,753
naver:5650544,naver,2025-02-20T10:01:17+09:00,2025-02-20T10:01:17+09:00,other,<승리의 여신: 니케> 공식 커뮤니티 정식 OPEN!,https://game.naver.com/lounge/nikke/board/detail/5650544,268
naver:5655621,naver,2025-02-21T02:12:15+09:00,2025-02-21T02:12:15+09:00,other,🎉 애플 앱스토어 매출 1위 기념 보상 안내 🎉,https://game.naver.com/lounge/nikke/board/detail/5655621,198
official:1bae2adaa1210a4e6fabf52ad7e5af4f6a26,official,2025-02-21T02:13:01+09:00,,update,2월 20일 업데이트 공지,https://www.nikke-kr.com/newsdetail.html?content_id=1bae2adaa1210a4e6fabf52ad7e5af4f6a26,603
naver:5669621,naver,2025-02-24T11:00:48+09:00,2025-02-24T11:00:48+09:00,event,콜라보 이벤트 진행 중!,https://game.naver.com/lounge/nikke/board/detail/5669621,245
official:63f930eea3380a494aaa482ae8488c57f3ac,official,2025-03-10T17:07:36+09:00,,update,3월 13일 업데이트 공지,https://www.nikke-kr.com/newsdetail.html?content_id=63f930eea3380a494aaa482ae8488c57f3ac,2886
naver:5778125,naver,2025-03-20T16:00:39+09:00,2025-03-20T17:02:46+09:00,other,"승리의 여신: 니케, 3월 20일(목) GS25 협동 작전 2차 개시!",https://game.naver.com/lounge/nikke/board/detail/5778125,1020
official:1e8c3109ae3f7a489aa9bc5afae3a49d276e,official,2025-03-24T17:01:00+09:00,,update,3월 27일 업데이트 공지 (3월 31일 공지 수정),https://www.nikke-kr.com/newsdetail.html?content_id=1e8c3109ae3f7a489aa9bc5afae3a49d276e,4356
naver:5804586,naver,2025-03-26T20:30:26+09:00,2025-03-26T20:30:26+09:00,other,신규 콘텐츠 안내 「챔피언 아레나 BETA 시즌」,https://game.naver.com/lounge/nikke/board/detail/5804586,379
naver:5808998,naver,2025-03-27T17:36:21+09:00,2025-03-28T01:00:48+09:00,maintenance,3월 27일(목) 업데이트 점검 연장 안내(3/28 내용 수정),https://game.naver.com/lounge/nikke/board/detail/5808998,581
official:7c342e07a353fa4725a8e80afc6cb57cf8a6,official,2025-03-28T02:58:44+09:00,,patch_fix,3월27일 업데이트 개선사항,https://www.nikke-kr.com/newsdetail.html?content_id=7c342e07a353fa4725a8e80afc6cb57cf8a6,3041
official:ddeb6f03ae90ca4a66a9324a6b54f42417f7,official,2025-03-31T19:15:22+09:00,,devnote,【개발자 노트】 2025년 3월,https://www.nikke-kr.com/newsdetail.html?content_id=ddeb6f03ae90ca4a66a9324a6b54f42417f7,4035
official:63ce854bae41ea433ca951eaefa972c32e3a,official,2025-04-01T09:30:01+09:00,,update,만우절 이벤트 업데이트 공지,https://www.nikke-kr.com/newsdetail.html?content_id=63ce854bae41ea433ca951eaefa972c32e3a,910
naver:5830902,naver,2025-04-01T12:01:29+09:00,2025-04-01T12:01:29+09:00,other,<승리의 여신: 니케> 특별 이모티콘 & 굿즈 출시!,https://game.naver.com/lounge/nikke/board/detail/5830902,607
naver:5830997,naver,2025-04-01T12:19:15+09:00,2025-04-01T12:19:15+09:00,other,페스티버 X DORO 컬렉션 판매 안내,https://game.naver.com/lounge/nikke/board/detail/5830997,1050
naver:5850531,naver,2025-04-05T11:00:44+09:00,2025-04-05T11:00:44+09:00,other,<승리의 여신: 니케> SHAKE 니케 이모티콘 출시!,https://game.naver.com/lounge/nikke/board/detail/5850531,202
naver:5858532,naver,2025-04-07T11:00:46+09:00,2025-04-07T11:00:46+09:00,other,🔮 <승리의 여신: 니케> 2.5주년 ✨,https://game.naver.com/lounge/nikke/board/detail/5858532,94
naver:5858750,naver,2025-04-07T12:00:54+09:00,2025-04-07T12:00:54+09:00,other,2.5주년 특별 방송 사전 안내,https://game.naver.com/lounge/nikke/board/detail/5858750,275
official:717943b8a9407a4847ab617add0fea8869dc,official,2025-04-07T17:01:16+09:00,,update,4월 10일 업데이트 공지 (4월 14일 수정),https://www.nikke-kr.com/newsdetail.html?content_id=717943b8a9407a4847ab617add0fea8869dc,3234
naver:5860048,naver,2025-04-07T19:00:41+09:00,2025-04-07T19:00:41+09:00,other,두근두근! 니케 글로벌 인기 투표 Ⅲ,https://game.naver.com/lounge/nikke/board/detail/5860048,175
naver:5862801,naver,2025-04-08T14:38:09+09:00,2025-04-08T14:38:09+09:00,other,두근두근! 니케 글로벌 인기 투표 Ⅲ 오픈,https://game.naver.com/lounge/nikke/board/detail/5862801,282
naver:5862884,naver,2025-04-08T15:01:09+09:00,2025-04-08T15:01:09+09:00,other,두근두근! 니케 글로벌 인기 투표 Ⅲ 안내,https://game.naver.com/lounge/nikke/board/detail/5862884,243
naver:5864085,naver,2025-04-08T19:30:35+09:00,2025-04-08T19:30:35+09:00,other,테트라 커넥트 특별 채널 - 스페셜 투표 예고,https://game.naver.com/lounge/nikke/board/detail/5864085,250
naver:5868434,naver,2025-04-09T19:00:40+09:00,2025-04-09T19:00:40+09:00,other,스페셜 투표 예고 - 가장 인상 깊었던 랩쳐 스페셜 투표,https://game.naver.com/lounge/nikke/board/detail/5868434,280
naver:5871536,naver,2025-04-10T14:12:02+09:00,2025-04-10T14:12:02+09:00,maintenance,4월 10일(목) 업데이트 점검 연장 안내,https://game.naver.com/lounge/nikke/board/detail/5871536,547
naver:5872794,naver,2025-04-10T19:00:39+09:00,2025-04-10T19:00:39+09:00,other,스페셜 투표 예고 - 가장 좋아하는 코스튬 투표,https://game.naver.com/lounge/nikke/board/detail/5872794,262
naver:5876982,naver,2025-04-11T19:00:39+09:00,2025-04-11T19:00:39+09:00,event,스페셜 투표 예고 - 가장 인상 깊었던 소규모 스토리 이벤트 투표,https://game.naver.com/lounge/nikke/board/detail/5876982,237
naver:5881205,naver,2025-04-12T19:00:47+09:00,2025-04-12T19:00:47+09:00,event,스페셜 투표 예고 - 가장 인상 깊었던 대규모 스토리 이벤트 투표,https://game.naver.com/lounge/nikke/board/detail/5881205,277
naver:5887792,naver,2025-04-14T14:00:35+09:00,2025-04-14T14:00:35+09:00,event,투표 이벤트 종료 임박 안내,https://game.naver.com/lounge/nikke/board/detail/5887792,238
naver:5890898,naver,2025-04-15T10:00:42+09:00,2025-04-16T15:44:47+09:00,other,🔮 2.5주년 특별 방송 MC 및 프로그램 안내 ✨,https://game.naver.com/lounge/nikke/board/detail/5890898,340
naver:5906487,naver,2025-04-18T10:00:49+09:00,2025-04-18T10:00:49+09:00,other,🔮 2.5주년 특별 방송 티저 ✨,https://game.naver.com/lounge/nikke/board/detail/5906487,371
naver:5912793,naver,2025-04-19T12:00:55+09:00,2025-04-19T12:00:55+09:00,other,🔮 <승리의 여신: 니케> 2.5주년 특별 방송 D-DAY! ✨,https://game.naver.com/lounge/nikke/board/detail/5912793,396
naver:5914959,naver,2025-04-19T20:33:13+09:00,2025-04-21T09:23:00+09:00,other,2.5주년 특별 방송 조회수 달성 보상 안내,https://game.naver.com/lounge/nikke/board/detail/5914959,305
naver:5914970,naver,2025-04-19T20:36:25+09:00,2025-04-21T09:23:13+09:00,other,⚾️ <승리의 여신: 니케> 플레이볼! 🧢,https://game.naver.com/lounge/nikke/board/detail/5914970,140
naver:5914976,naver,2025-04-19T20:37:31+09:00,2025-04-21T09:23:27+09:00,other,【승리의 여신: 니케】 X 【스텔라 블레이드】,https://game.naver.com/lounge/nikke/board/detail/5914976,58
naver:5918671,naver,2025-04-20T18:00:51+09:00,2025-04-20T18:00:51+09:00,other,<승리의 여신: 니케> 2.5주년 글로벌 창작 대회 예고,https://game.naver.com/lounge/nikke/board/detail/5918671,247
official:7c721e45a7dd0a493fa920dafc48037b2cb3,official,2025-04-21T19:00:00+09:00,,update,4월 24일 업데이트 공지,https://www.nikke-kr.com/newsdetail.html?content_id=7c721e45a7dd0a493fa920dafc48037b2cb3,11682
naver:5923295,naver,2025-04-21T20:00:33+09:00,2025-04-21T20:00:33+09:00,other,2.5주년 보상 한눈에 보기,https://game.naver.com/lounge/nikke/board/detail/5923295,113
naver:5925399,naver,2025-04-22T10:17:14+09:00,2025-04-23T09:35:44+09:00,other,2.5주년 오프라인 행사 <리틀 머메이드의 버블 에어리어> 사전 안내,https://game.naver.com/lounge/nikke/board/detail/5925399,4686
naver:5929742,naver,2025-04-23T10:17:02+09:00,2025-04-23T10:17:02+09:00,other,2.5주년 오프라인 행사 <리틀 머메이드의 버블 에어리어> 예약 안내,https://game.naver.com/lounge/nikke/board/detail/5929742,300
naver:5929971,naver,2025-04-23T11:05:09+09:00,2025-04-23T11:05:09+09:00,other,공식 커뮤니티 NIKKE 2.5주년 기념 페스타 개최 예정!,https://game.naver.com/lounge/nikke/board/detail/5929971,504
official:b9311109a36ffa4a82abb74aaa6ed5a7d5ce,official,2025-04-24T10:57:53+09:00,,patch_fix,4월24일 업데이트 개선사항,https://www.nikke-kr.com/newsdetail.html?content_id=b9311109a36ffa4a82abb74aaa6ed5a7d5ce,1836
official:5ef8ecb8afbdea45b3a92d3ab1757b1a2779,official,2025-04-24T11:02:53+09:00,,known_issue,4월 24일 알려진 이슈 안내,https://www.nikke-kr.com/newsdetail.html?content_id=5ef8ecb8afbdea45b3a92d3ab1757b1a2779,346
official:e80f2d55aa060a4639a942daca62017e83b0,official,2025-04-24T11:18:03+09:00,,other,<승리의 여신: 니케> 2.5주년 글로벌 창작 대회 - 규칙 안내,https://www.nikke-kr.com/newsdetail.html?content_id=e80f2d55aa060a4639a942daca62017e83b0,4465
naver:5938333,naver,2025-04-24T19:09:16+09:00,2025-04-24T19:09:16+09:00,other,2.5주년 오프라인 행사 <리틀 머메이드의 버블 에어리어> 예약 마감 안내,https://game.naver.com/lounge/nikke/board/detail/5938333,489
official:43f6840ca2cffa4f00a9192ac47792ee02da,official,2025-04-24T22:32:29+09:00,,update,4월 24일 무점검 업데이트 공지,https://www.nikke-kr.com/newsdetail.html?content_id=43f6840ca2cffa4f00a9192ac47792ee02da,841
naver:5946279,naver,2025-04-26T12:00:37+09:00,2025-04-26T12:00:37+09:00,event,<승리의 여신: 니케> 공식 커뮤니티 2.5주년 이벤트 안내,https://game.naver.com/lounge/nikke/board/detail/5946279,362
naver:5962317,naver,2025-04-30T11:15:24+09:00,2025-04-30T11:15:24+09:00,other,🍪 「승리의 여신: 니케」 x 「디저트39」 콜라보 예정 안내 🍰,https://game.naver.com/lounge/nikke/board/detail/5962317,408
naver:5962362,naver,2025-04-30T11:30:25+09:00,2025-04-30T11:30:25+09:00,other,🌊 심해의 고독한 물방울 구출 작전 - 40만 지휘관 돌파! 💧,https://game.naver.com/lounge/nikke/board/detail/5962362,204
naver:5967033,naver,2025-05-01T10:45:14+09:00,2025-05-01T10:45:14+09:00,other,2.5주년 기념 오프라인 행사 안내,https://game.naver.com/lounge/nikke/board/detail/5967033,289
naver:5967261,naver,2025-05-01T11:30:25+09:00,2025-05-01T11:30:25+09:00,other,🌊 심해의 고독한 물방울 구출 작전 - 50만 지휘관 돌파! 💧,https://game.naver.com/lounge/nikke/board/detail/5967261,199
naver:5979701,naver,2025-05-04T11:34:15+09:00,2025-05-04T11:54:47+09:00,other,🔮 2.5주년 기념 보상 안내 ✨,https://game.naver.com/lounge/nikke/board/detail/5979701,111
naver:5989668,naver,2025-05-07T11:00:31+09:00,2025-05-07T12:19:57+09:00,event,「승리의 여신: 니케」 x 「디저트39」 콜라보 이벤트 안내,https://game.naver.com/lounge/nikke/board/detail/5989668,1084
naver:5989911,naver,2025-05-07T12:00:30+09:00,2025-05-07T12:00:30+09:00,other,공식 홈페이지 ART 업데이트 안내,https://game.naver.com/lounge/nikke/board/detail/5989911,220
naver:5995908,naver,2025-05-08T19:05:42+09:00,2025-05-08T19:05:42+09:00,other,리틀 머메이드 이모티콘 GIF 공개,https://game.naver.com/lounge/nikke/board/detail/5995908,176
official:ab620864a6ee2a4cc9aacd4aeb258bf27ae4,official,2025-05-12T17:37:38+09:00,,update,5월 15일 업데이트 공지,https://www.nikke-kr.com/newsdetail.html?content_id=ab620864a6ee2a4cc9aacd4aeb258bf27ae4,3418
naver:6011644,naver,2025-05-13T11:15:12+09:00,2025-05-13T11:15:12+09:00,event,"「승리의 여신: 니케」 x 「디저트39」 2, 3주차 콜라보 이벤트 안내",https://game.naver.com/lounge/nikke/board/detail/6011644,1689
naver:6016377,naver,2025-05-14T11:30:39+09:00,2025-05-14T11:30:39+09:00,other,「승리의 여신: 니케」 x 「베리띵즈」 랜덤 피규어 '낙원 컬렉션' 출시,https://game.naver.com/lounge/nikke/board/detail/6016377,764
naver:6018503,naver,2025-05-14T18:30:25+09:00,2025-05-14T18:30:25+09:00,other,「승리의 여신: 니케」 x 「디저트39」 신규 콜라보 세트 메뉴 추가 안내,https://game.naver.com/lounge/nikke/board/detail/6018503,964
official:2516924aa6a02a4a5daa427a9e105f9f0059,official,2025-05-15T17:55:35+09:00,,patch_fix,5월15일 업데이트 개선사항,https://www.nikke-kr.com/newsdetail.html?content_id=2516924aa6a02a4a5daa427a9e105f9f0059,1028
official:bf184c08a013fa419da9e00a39ad93f5ee7a,official,2025-05-15T17:59:07+09:00,,known_issue,5월 15일 알려진 이슈 안내,https://www.nikke-kr.com/newsdetail.html?content_id=bf184c08a013fa419da9e00a39ad93f5ee7a,472
naver:6025740,naver,2025-05-15T18:30:26+09:00,2025-05-15T18:30:26+09:00,other,🎉 공식 커뮤니티 팔로워 25만명 돌파 보상 🎉,https://game.naver.com/lounge/nikke/board/detail/6025740,188
naver:6031016,naver,2025-05-16T12:00:37+09:00,2025-05-16T12:00:37+09:00,other,<승리의 여신: 니케> 2.5주년 글로벌 창작 대회 진행 중!,https://game.naver.com/lounge/nikke/board/detail/6031016,533
naver:6052248,naver,2025-05-20T11:00:30+09:00,2025-05-22T09:33:20+09:00,other,<승리의 여신: 니케> 타로 카드 모집(5/22 내용 수정),https://game.naver.com/lounge/nikke/board/detail/6052248,994
naver:6072259,naver,2025-05-23T16:38:54+09:00,2025-05-23T16:38:54+09:00,other,X를 통한 게임 로그인 불가 현상 안내,https://game.naver.com/lounge/nikke/board/detail/6072259,484
official:dc34945aa2754a4180aa112a7e152917d54a,official,2025-05-23T22:55:34+09:00,,devnote,【개발자 노트】 2025년 5월,https://www.nikke-kr.com/newsdetail.html?content_id=dc34945aa2754a4180aa112a7e152917d54a,6396
naver:6086051,naver,2025-05-26T10:00:30+09:00,2025-05-26T10:00:30+09:00,other,⚾️ <승리의 여신: 니케> 야구 테마 5/29(목) 업데이트! 🧢,https://game.naver.com/lounge/nikke/board/detail/6086051,148
official:1c3775d0a3ef7a43c4a8e00af22e5e57d6e5,official,2025-05-26T17:00:00+09:00,,update,5월 29일 업데이트 공지,https://www.nikke-kr.com/newsdetail.html?content_id=1c3775d0a3ef7a43c4a8e00af22e5e57d6e5,4368
naver:6092274,naver,2025-05-27T13:00:30+09:00,2025-05-27T13:00:30+09:00,other,<승리의 여신: 니케> 공식 커뮤니티 - 아르카나 2차 창작 컬렉션,https://game.naver.com/lounge/nikke/board/detail/6092274,245
naver:6107019,naver,2025-05-29T16:20:05+09:00,2025-05-29T16:20:05+09:00,other,캐릭터 및 코스튬 출력 관련 안내,https://game.naver.com/lounge/nikke/board/detail/6107019,436
naver:6110561,naver,2025-05-30T10:00:30+09:00,2025-05-30T10:00:30+09:00,other,🌌 NIKKE x 스텔라 블레이드 콜라보 기념 특별 방송 안내 ✨,https://game.naver.com/lounge/nikke/board/detail/6110561,295
naver:6134334,naver,2025-06-03T21:00:30+09:00,2025-06-04T09:13:59+09:00,other,⚾️ NIKKE AT BAT! 승리의 끝내기 홈런 진행 중 🧢,https://game.naver.com/lounge/nikke/board/detail/6134334,204
naver:6136217,naver,2025-06-04T11:07:34+09:00,2025-06-04T11:07:34+09:00,other,🌌 NIKKE x 스텔라 블레이드 콜라보 기념 특별 방송 D-3! ✨,https://game.naver.com/lounge/nikke/board/detail/6136217,279
naver:6141131,naver,2025-06-05T11:00:36+09:00,2025-06-05T11:00:36+09:00,other,🌌 NIKKE x 스텔라 블레이드 콜라보 기념 특별 방송 D-2! ✨,https://game.naver.com/lounge/nikke/board/detail/6141131,327
naver:6143044,naver,2025-06-05T18:00:12+09:00,2025-06-05T18:08:39+09:00,other,<승리의 여신: 니케> 2.5주년 글로벌 창작 대회 종료 임박!,https://game.naver.com/lounge/nikke/board/detail/6143044,493
naver:6146006,naver,2025-06-06T11:00:38+09:00,2025-06-06T11:00:38+09:00,other,🌌 NIKKE x 스텔라 블레이드 콜라보 기념 특별 방송 D-1! ✨,https://game.naver.com/lounge/nikke/board/detail/6146006,295
naver:6150660,naver,2025-06-07T11:00:32+09:00,2025-06-07T11:00:32+09:00,other,🌌 NIKKE x 스텔라 블레이드 콜라보 기념 특별 방송 D-DAY! ✨,https://game.naver.com/lounge/nikke/board/detail/6150660,277
naver:6153214,naver,2025-06-07T19:24:54+09:00,2025-06-08T17:59:05+09:00,other,📺 프로듀서 스페셜 대담 방송 예고 📺,https://game.naver.com/lounge/nikke/board/detail/6153214,197
official:0f766029a6a7da44dda8a83a6d6898729154,official,2025-06-09T18:00:00+09:00,,update,6월 12일 업데이트 공지,https://www.nikke-kr.com/newsdetail.html?content_id=0f766029a6a7da44dda8a83a6d6898729154,8788
naver:6167474,naver,2025-06-10T13:39:05+09:00,2025-06-19T10:48:26+09:00,other,<승리의 여신: 니케> 2025 신세계백화점 강남점 팝업스토어 사전 안내,https://game.naver.com/lounge/nikke/board/detail/6167474,2319
naver:6176545,naver,2025-06-11T18:00:38+09:00,2025-06-26T15:18:58+09:00,other,✨ <승리의 여신: 니케> 공식 커뮤니티 - K 2차 창작 컬렉션 ✨,https://game.naver.com/lounge/nikke/board/detail/6176545,253
naver:6176761,naver,2025-06-11T18:30:27+09:00,2025-06-13T21:29:23+09:00,event,치지직 드롭스 이벤트 안내(6/13 내용 추가),https://game.naver.com/lounge/nikke/board/detail/6176761,1857
naver:6176765,naver,2025-06-11T18:30:55+09:00,2025-07-17T10:52:03+09:00,other,스트리머를 위한 <승리의 여신: 니케> 치지직 드롭스 활성화 가이드(7/17 내용 수정/추가),https://game.naver.com/lounge/nikke/board/detail/6176765,1280
naver:6182623,naver,2025-06-12T10:59:34+09:00,2025-06-12T11:02:57+09:00,other,<승리의 여신: 니케> 2025 신세계백화점 강남점 팝업스토어 예약 안내,https://game.naver.com/lounge/nikke/board/detail/6182623,293
naver:6185375,naver,2025-06-12T13:47:28+09:00,2025-06-12T13:47:28+09:00,other,특정 상황에서의 화면 끊김 현상 관련 안내,https://game.naver.com/lounge/nikke/board/detail/6185375,486
official:9e0fcc53a64bda407aaa713a7ac2bcc8b92e,official,2025-06-12T16:08:55+09:00,,patch_fix,6월12일 업데이트 개선사항(6월 23일 공지 수정),https://www.nikke-kr.com/newsdetail.html?content_id=9e0fcc53a64bda407aaa713a7ac2bcc8b92e,1879
naver:6188142,naver,2025-06-12T19:45:22+09:00,2025-06-12T19:45:22+09:00,other,📢 공식 SD MMD 모델 출시 안내,https://game.naver.com/lounge/nikke/board/detail/6188142,196
naver:6190226,naver,2025-06-13T01:16:00+09:00,2025-06-13T01:21:25+09:00,other,2025 신세계백화점 강남점 팝업스토어 예약 관련 안내,https://game.naver.com/lounge/nikke/board/detail/6190226,582
official:d1aaa68eaaae4a4832a930fa0be6573f28ab,official,2025-06-16T15:34:54+09:00,,known_issue,6월 12일 알려진 이슈 안내(6월 17일 공지 수정),https://www.nikke-kr.com/newsdetail.html?content_id=d1aaa68eaaae4a4832a930fa0be6573f28ab,538
naver:6210281,naver,2025-06-16T18:49:50+09:00,2025-06-16T18:49:50+09:00,other,【이세계 합동 지상 방어전】,https://game.naver.com/lounge/nikke/board/detail/6210281,304
naver:6214515,naver,2025-06-17T18:00:37+09:00,2025-06-17T18:03:29+09:00,other,<승리의 여신: 니케> X <스텔라 블레이드> 옥외 광고 안내,https://game.naver.com/lounge/nikke/board/detail/6214515,1226
naver:6219854,naver,2025-06-18T20:30:26+09:00,2025-06-18T20:30:26+09:00,other,<승리의 여신: 니케> 공식 커뮤니티에서 다양한 콘텐츠를 확인하고 전용 혜택을 받아 가세요!,https://game.naver.com/lounge/nikke/board/detail/6219854,505
naver:6224700,naver,2025-06-19T18:03:07+09:00,2025-06-19T18:03:07+09:00,other,레이븐 스킬 관련 안내,https://game.naver.com/lounge/nikke/board/detail/6224700,429
naver:6225681,naver,2025-06-19T21:18:55+09:00,2025-06-24T16:56:22+09:00,soloraid,솔로 레이드 시즌 26 재오픈 안내(6/24 내용 추가),https://game.naver.com/lounge/nikke/board/detail/6225681,1117
naver:6252194,naver,2025-06-25T19:02:35+09:00,2025-06-26T12:13:09+09:00,soloraid,솔로 레이드 시즌 26 일시 중단 안내(6/26 내용 추가),https://game.naver.com/lounge/nikke/board/detail/6252194,1102
naver:6260652,naver,2025-06-27T12:00:37+09:00,2025-06-27T12:00:37+09:00,other,✨ 「승리의 여신: 니케」 x 「스텔라 블레이드」 콜라보 기념 - 공식 커뮤니티 2차 창작 컬렉션 ✨,https://game.naver.com/lounge/nikke/board/detail/6260652,277
official:07f3b6daa46f1a4c25aa04aafc00a7bd88d6,official,2025-06-30T18:52:50+09:00,,update,7월 3일 업데이트 공지 (7월 3일 공지 수정),https://www.nikke-kr.com/newsdetail.html?content_id=07f3b6daa46f1a4c25aa04aafc00a7bd88d6,9379
official:30232534a79dea4c9ca8d06a8a975b35b593,official,2025-07-01T13:25:44+09:00,,update,7월 1일 업데이트 공지,https://www.nikke-kr.com/newsdetail.html?content_id=30232534a79dea4c9ca8d06a8a975b35b593,900
naver:6302854,naver,2025-07-04T18:33:58+09:00,2025-07-04T18:34:39+09:00,other,<승리의 여신: 니케> BOUNCE 니케 이모티콘 출시!,https://game.naver.com/lounge/nikke/board/detail/6302854,211
naver:6309781,naver,2025-07-06T11:00:37+09:00,2025-07-06T11:00:37+09:00,other,여름 특별 방송 사전 안내,https://game.naver.com/lounge/nikke/board/detail/6309781,197
naver:6320694,naver,2025-07-08T11:00:32+09:00,2025-07-08T11:00:32+09:00,other,👻 <승리의 여신: 니케> 여름 특별 방송 D-2 🍹,https://game.naver.com/lounge/nikke/board/detail/6320694,336
naver:6326120,naver,2025-07-09T11:00:38+09:00,2025-07-09T11:00:38+09:00,other,🚢 <승리의 여신: 니케> 여름 특별 방송 D-1 🌴,https://game.naver.com/lounge/nikke/board/detail/6326120,349
naver:6332123,naver,2025-07-10T11:00:31+09:00,2025-07-10T11:00:31+09:00,other,<승리의 여신: 니케> 여름 특별 방송 오늘 밤 개최!,https://game.naver.com/lounge/nikke/board/detail/6332123,294
naver:6332671,naver,2025-07-10T12:00:32+09:00,2025-07-10T16:39:52+09:00,other,🌊 <승리의 여신: 니케> 여름 특별 방송 D-DAY! 👻,https://game.naver.com/lounge/nikke/board/detail/6332671,392
official:82c3a027a867da45d1a88d8a964284b9e8ac,official,2025-07-10T15:02:00+09:00,,devnote,【개발자 노트】 2025년 7월,https://www.nikke-kr.com/newsdetail.html?content_id=82c3a027a867da45d1a88d8a964284b9e8ac,5249
naver:6336838,naver,2025-07-10T20:16:03+09:00,2025-07-11T19:09:35+09:00,other,🚢 <승리의 여신: 니케> 여름 특별 방송 진행 중! 🍹,https://game.naver.com/lounge/nikke/board/detail/6336838,281
naver:6337041,naver,2025-07-10T20:37:31+09:00,2025-07-11T19:12:35+09:00,other,👻 유령이 남긴 단서 🚢,https://game.naver.com/lounge/nikke/board/detail/6337041,276
naver:6337097,naver,2025-07-10T20:44:22+09:00,2025-07-10T20:44:22+09:00,other,"HELLO, AMAZING DORORONG! 초대형 도로롱 옥외광고 사전 안내",https://game.naver.com/lounge/nikke/board/detail/6337097,3458
naver:6342952,naver,2025-07-11T18:30:26+09:00,2025-07-11T18:30:26+09:00,other,📢 신규 MMD 모델 출시 안내,https://game.naver.com/lounge/nikke/board/detail/6342952,234
official:e2e44a7fa2826a40cea953ea69d7d50798b4,official,2025-07-14T17:34:22+09:00,,update,7월 17일 업데이트 공지,https://www.nikke-kr.com/newsdetail.html?content_id=e2e44a7fa2826a40cea953ea69d7d50798b4,10144
naver:6366169,naver,2025-07-15T17:40:14+09:00,2025-07-15T17:40:14+09:00,other,수상은 더 쉽게! 한국 지휘관님을 위한 크리에이터 프로그램 안내,https://game.naver.com/lounge/nikke/board/detail/6366169,3537
naver:6366178,naver,2025-07-15T17:41:59+09:00,2025-07-15T17:41:59+09:00,other,<승리의 여신: 니케> 크리에이터 허브 사용 가이드,https://game.naver.com/lounge/nikke/board/detail/6366178,2037
naver:6369617,naver,2025-07-16T11:48:25+09:00,2025-07-16T12:08:35+09:00,other,🎼 <승리의 여신: 니케> 오케스트라 콘서트 프리미어 공개 임박! 🎺,https://game.naver.com/lounge/nikke/board/detail/6369617,336
naver:6369684,naver,2025-07-16T12:00:31+09:00,2025-07-16T12:00:31+09:00,other,<승리의 여신: 니케> 공식 커뮤니티 - 소라 2차 창작 컬렉션,https://game.naver.com/lounge/nikke/board/detail/6369684,265
naver:6372693,naver,2025-07-16T20:55:02+09:00,2025-07-17T12:00:20+09:00,event,BOOM! SUMMER DORO DROPS! 치지직 드롭스 이벤트 안내(7/17 내용 수정),https://game.naver.com/lounge/nikke/board/detail/6372693,1419
official:d57320b4ad0d1a4ba8a89d1a484e002180f5,official,2025-07-17T18:01:29+09:00,,patch_fix,7월17일 업데이트 개선사항,https://www.nikke-kr.com/newsdetail.html?content_id=d57320b4ad0d1a4ba8a89d1a484e002180f5,1868
official:dcebf326ad2d3a41c2ab9dbae5ecccaee01c,official,2025-07-17T18:02:59+09:00,,known_issue,7월 17일 알려진 이슈 안내 (7월 23일 공지 수정),https://www.nikke-kr.com/newsdetail.html?content_id=dcebf326ad2d3a41c2ab9dbae5ecccaee01c,766
naver:6378301,naver,2025-07-17T19:00:32+09:00,2025-07-17T19:00:32+09:00,event,App Store 네이버페이 포인트 페이백 이벤트,https://game.naver.com/lounge/nikke/board/detail/6378301,981
naver:6378302,naver,2025-07-17T19:00:50+09:00,2025-07-17T19:01:14+09:00,event,App Store 네이버페이 인게임 아이템 증정 이벤트,https://game.naver.com/lounge/nikke/board/detail/6378302,1085
naver:6383316,naver,2025-07-18T14:58:32+09:00,2025-07-18T14:58:43+09:00,other,"HELLO, AMAZING DORORONG! 초대형 도로롱 옥외광고 일정 변경 안내",https://game.naver.com/lounge/nikke/board/detail/6383316,464
naver:6404552,naver,2025-07-21T21:57:20+09:00,2025-07-21T21:57:37+09:00,other,"HELLO, AMAZING DORORONG! 초대형 도로롱 옥외광고 2차 안내",https://game.naver.com/lounge/nikke/board/detail/6404552,3661
naver:6411327,naver,2025-07-23T10:30:26+09:00,2025-07-23T10:30:26+09:00,other,<승리의 여신: 니케> 2025 온라인 팝업스토어 안내,https://game.naver.com/lounge/nikke/board/detail/6411327,1146
naver:6414345,naver,2025-07-23T19:30:26+09:00,2025-07-23T19:30:26+09:00,other,<승리의 여신: 니케> Google Play 게임즈 PC 버전 출시,https://game.naver.com/lounge/nikke/board/detail/6414345,443
naver:6447965,naver,2025-07-29T17:00:31+09:00,2025-07-29T17:00:31+09:00,other,<승리의 여신: 니케> 공식 커뮤니티 - BOOM! THE GHOST! 2차 창작 컬렉션,https://game.naver.com/lounge/nikke/board/detail/6447965,288
naver:6464533,naver,2025-08-01T12:51:42+09:00,2025-08-01T12:51:42+09:00,other,일부 리소스 관련 안내,https://game.naver.com/lounge/nikke/board/detail/6464533,385
naver:6467486,naver,2025-08-01T23:36:12+09:00,2025-08-01T23:36:12+09:00,other,1000일 기념 콘텐츠 관련 디렉터 코멘트,https://game.naver.com/lounge/nikke/board/detail/6467486,1000
naver:6467490,naver,2025-08-01T23:37:10+09:00,2025-08-01T23:37:10+09:00,other,디렉터의 선물,https://game.naver.com/lounge/nikke/board/detail/6467490,168
official:3f10ea29a2a50a49f4abb6aa87250731cd73,official,2025-08-04T17:57:34+09:00,,update,8월 7일 업데이트 공지,https://www.nikke-kr.com/newsdetail.html?content_id=3f10ea29a2a50a49f4abb6aa87250731cd73,7335
official:f0b99439a6248a4dbcaac97abc6266d76530,official,2025-08-07T18:09:45+09:00,,patch_fix,8월7일 업데이트 개선사항,https://www.nikke-kr.com/newsdetail.html?content_id=f0b99439a6248a4dbcaac97abc6266d76530,1949
official:e0589e3ea4f83a4793a8240aa1105fd962af,official,2025-08-07T18:11:19+09:00,,known_issue,8월 7일 알려진 이슈 안내(8월 22일 공지 수정),https://www.nikke-kr.com/newsdetail.html?content_id=e0589e3ea4f83a4793a8240aa1105fd962af,780
naver:6496769,naver,2025-08-07T20:00:30+09:00,2025-08-07T20:00:30+09:00,soloraid,신규 콘텐츠 안내 「솔로 레이드 뮤지엄」,https://game.naver.com/lounge/nikke/board/detail/6496769,249
naver:6527350,naver,2025-08-14T12:39:55+09:00,2025-08-14T20:06:05+09:00,other,페이스북 연동 계정 로그인 불가 현상 관련 안내(8/14 내용 추가),https://game.naver.com/lounge/nikke/board/detail/6527350,628
official:4d049633a170aa47d4a936da4d059765383e,official,2025-08-16T20:02:12+09:00,,devnote,【개발자 노트】 2025년 8월,https://www.nikke-kr.com/newsdetail.html?content_id=4d049633a170aa47d4a936da4d059765383e,6214
naver:6540206,naver,2025-08-17T10:30:25+09:00,2025-08-17T10:30:25+09:00,other,라피 : 레드 후드 코스튬 투표 오픈 안내,https://game.naver.com/lounge/nikke/board/detail/6540206,452
naver:6556743,naver,2025-08-21T09:30:17+09:00,2025-08-21T09:30:17+09:00,other,콜라보 결정! KV 공개,https://game.naver.com/lounge/nikke/board/detail/6556743,69
naver:6576868,naver,2025-08-25T16:12:30+09:00,2025-08-25T16:16:12+09:00,soloraid,솔로 레이드 관련 안내,https://game.naver.com/lounge/nikke/board/detail/6576868,416
naver:6579018,naver,2025-08-26T01:07:37+09:00,2025-08-26T01:10:42+09:00,soloraid,솔로 레이드 시즌 28 일시 중단 및 챌린지 모드 기록 초기화 사전 안내,https://game.naver.com/lounge/nikke/board/detail/6579018,733
naver:6595469,naver,2025-08-29T12:00:15+09:00,2025-08-29T12:00:15+09:00,other,수상은 더 쉽게! 한국 지휘관님을 위한 크리에이터 프로그램 진행 중!,https://game.naver.com/lounge/nikke/board/detail/6595469,597
naver:6597140,naver,2025-08-29T18:30:27+09:00,2025-08-29T18:30:27+09:00,other,✨ <승리의 여신: 니케> 공식 커뮤니티 - ABSOLUTE 2차 창작 컬렉션 ✨,https://game.naver.com/lounge/nikke/board/detail/6597140,274
official:078bf3dfa8a30a43d0aa200adcce2633a1b0,official,2025-09-01T17:33:31+09:00,,update,9월 4일 업데이트 공지,https://www.nikke-kr.com/newsdetail.html?content_id=078bf3dfa8a30a43d0aa200adcce2633a1b0,12909
official:3efcdd87ac488a474ea95f4a01f763bc0666,official,2025-09-04T18:00:21+09:00,,patch_fix,9월4일 업데이트 개선사항,https://www.nikke-kr.com/newsdetail.html?content_id=3efcdd87ac488a474ea95f4a01f763bc0666,1952
naver:6626327,naver,2025-09-04T21:49:22+09:00,2025-09-04T21:49:22+09:00,other,버스트 스킬 컷씬 간소화 옵션 관련 안내,https://game.naver.com/lounge/nikke/board/detail/6626327,253
official:683ffe9da1fcba4a76ab150a4b6c12e88ff5,official,2025-09-05T15:22:47+09:00,,known_issue,9월 4일 알려진 이슈 안내(9월 12일 공지 수정),https://www.nikke-kr.com/newsdetail.html?content_id=683ffe9da1fcba4a76ab150a4b6c12e88ff5,572
naver:6630607,naver,2025-09-05T19:19:51+09:00,2025-09-05T19:19:51+09:00,other,버스트 스킬 컷씬 [간단히] 옵션 복구에 따른 보상 안내,https://game.naver.com/lounge/nikke/board/detail/6630607,404
naver:6630669,naver,2025-09-05T19:37:15+09:00,2025-09-05T19:37:26+09:00,other,🎉 애플 앱스토어 매출 1위 기념 보상 안내 🎉,https://game.naver.com/lounge/nikke/board/detail/6630669,178
naver:6675818,naver,2025-09-16T18:36:28+09:00,2025-09-17T15:55:51+09:00,soloraid,솔로 레이드 관련 진행 상황 안내,https://game.naver.com/lounge/nikke/board/detail/6675818,1074
naver:6687594,naver,2025-09-19T11:15:37+09:00,2025-09-19T11:15:37+09:00,other,「승리의 여신: 니케」 x 「BIOHAZARD」 콜라보 곧 시작!,https://game.naver.com/lounge/nikke/board/detail/6687594,136
official:13269e4baaf61a49d0a856ba286377bc43d9,official,2025-09-22T18:04:15+09:00,,devnote,【개발자 노트】 2025년 9월,https://www.nikke-kr.com/newsdetail.html?content_id=13269e4baaf61a49d0a856ba286377bc43d9,4998
official:23d41d37ad8aca45f3aabc8aaf06772b67bc,official,2025-09-24T10:30:50+09:00,,update,9월 24일 업데이트 공지,https://www.nikke-kr.com/newsdetail.html?content_id=23d41d37ad8aca45f3aabc8aaf06772b67bc,9537
official:f41e2444a6f31a47f3a9211a72a3a5dfe6e0,official,2025-09-24T10:31:00+09:00,,patch_fix,9월 24일 업데이트 개선사항(9월 30일 내용 수정),https://www.nikke-kr.com/newsdetail.html?content_id=f41e2444a6f31a47f3a9211a72a3a5dfe6e0,2423
official:3d7ea699af681a4ebaab38bafc99ca4710ed,official,2025-09-24T10:31:09+09:00,,known_issue,9월 24일 알려진 이슈 안내(10월 2일 공지 수정),https://www.nikke-kr.com/newsdetail.html?content_id=3d7ea699af681a4ebaab38bafc99ca4710ed,307
naver:6713822,naver,2025-09-25T18:15:22+09:00,2025-09-25T18:29:47+09:00,other,특별 설문 조사 - 작전 데이터 설문 모집 안내,https://game.naver.com/lounge/nikke/board/detail/6713822,678
naver:6732996,naver,2025-09-30T17:00:31+09:00,2025-09-30T17:00:31+09:00,other,🎉 공식 YouTube 팔로워 6만명 돌파 기념 보상 안내 🎉,https://game.naver.com/lounge/nikke/board/detail/6732996,232
naver:6767833,naver,2025-10-08T11:00:39+09:00,2025-10-08T11:00:39+09:00,other,✨ <승리의 여신: 니케> 3주년 기념 🪽,https://game.naver.com/lounge/nikke/board/detail/6767833,96
naver:6767886,naver,2025-10-08T11:30:26+09:00,2025-10-08T11:30:26+09:00,other,📺 3주년 기념 방송 사전 안내 📺,https://game.naver.com/lounge/nikke/board/detail/6767886,251
naver:6780744,naver,2025-10-11T18:32:32+09:00,2025-10-11T18:32:32+09:00,soloraid,솔로 레이드 - 차가운 심판자 관련 안내,https://game.naver.com/lounge/nikke/board/detail/6780744,451
naver:6782995,naver,2025-10-12T12:00:31+09:00,2025-10-12T12:00:31+09:00,other,보상 지급 안내 - Rapi: Red Hood Special,https://game.naver.com/lounge/nikke/board/detail/6782995,787
official:555a40b5aeb16a409fab8c0ab12bbe7e0c8a,official,2025-10-13T18:00:58+09:00,,update,10월 16일 업데이트 공지,https://www.nikke-kr.com/newsdetail.html?content_id=555a40b5aeb16a409fab8c0ab12bbe7e0c8a,4467
naver:6787708,naver,2025-10-13T18:52:38+09:00,2025-10-13T18:52:38+09:00,soloraid,솔로 레이드 시즌 30 이상 현상 관련 보상 안내,https://game.naver.com/lounge/nikke/board/detail/6787708,391
naver:6805816,naver,2025-10-17T10:00:31+09:00,2025-10-17T10:00:31+09:00,other,📺 3주년 특별 방송 MC 소개 📺,https://game.naver.com/lounge/nikke/board/detail/6805816,363
naver:6819129,naver,2025-10-20T18:28:22+09:00,2025-10-20T18:28:22+09:00,other,4분기 크리에이터 프로그램 안내,https://game.naver.com/lounge/nikke/board/detail/6819129,584
naver:6821289,naver,2025-10-21T12:00:32+09:00,2025-10-21T12:00:32+09:00,other,콜라보 종료 임박 안내,https://game.naver.com/lounge/nikke/board/detail/6821289,192
naver:6838304,naver,2025-10-25T12:00:37+09:00,2025-10-25T12:00:37+09:00,other,🦋 <승리의 여신: 니케> 3주년 특별 방송 D-DAY! ✨,https://game.naver.com/lounge/nikke/board/detail/6838304,363
naver:6840442,naver,2025-10-25T20:18:25+09:00,2025-10-25T20:18:25+09:00,other,🎼 니케 오케스트라 콘서트 UNBREAKABLE MEMORIES 예고 🎻,https://game.naver.com/lounge/nikke/board/detail/6840442,277
naver:6840490,naver,2025-10-25T20:26:43+09:00,2025-10-28T09:32:35+09:00,other,3주년 특별 방송 기념 교환 코드 안내,https://game.naver.com/lounge/nikke/board/detail/6840490,307
naver:6840866,naver,2025-10-25T21:03:28+09:00,2025-10-28T09:32:49+09:00,other,3주년 특별 방송 조회수 달성 보상 안내,https://game.naver.com/lounge/nikke/board/detail/6840866,280
official:c286e420af258a4705aa2eeaf6a46c9a46f7,official,2025-10-27T17:07:14+09:00,,update,10월 30일 업데이트 공지,https://www.nikke-kr.com/newsdetail.html?content_id=c286e420af258a4705aa2eeaf6a46c9a46f7,13802
naver:6859144,naver,2025-10-29T12:11:16+09:00,2025-10-29T12:11:40+09:00,other,신규 기능 안내 「스토리 모드」,https://game.naver.com/lounge/nikke/board/detail/6859144,448
naver:6861753,naver,2025-10-29T19:51:57+09:00,2025-10-29T19:51:57+09:00,other,신규 콘텐츠 안내 「지상(BETA)」,https://game.naver.com/lounge/nikke/board/detail/6861753,349
official:30e8a9aba2f77a4921ab8e2a8bf42f3a6767,official,2025-10-30T07:00:00+09:00,,patch_fix,10월 30일 업데이트 개선사항,https://www.nikke-kr.com/newsdetail.html?content_id=30e8a9aba2f77a4921ab8e2a8bf42f3a6767,1966
official:7ff47bc6a3858a413ca8ae3a4a739ca4ab6f,official,2025-10-30T07:00:00+09:00,,known_issue,10월 30일 알려진 이슈 안내(11월 18일 내용 추가),https://www.nikke-kr.com/newsdetail.html?content_id=7ff47bc6a3858a413ca8ae3a4a739ca4ab6f,1863
naver:6866151,naver,2025-10-30T16:47:50+09:00,2025-10-30T16:47:50+09:00,event,3주년 치지직 드롭스 이벤트 안내,https://game.naver.com/lounge/nikke/board/detail/6866151,1248
naver:6870225,naver,2025-10-31T12:20:28+09:00,2025-11-12T21:03:35+09:00,other,「승리의 여신: 니케」 X 「맘스터치」 콜라보 사전 안내(11월 12일 수정),https://game.naver.com/lounge/nikke/board/detail/6870225,2351
naver:6871713,naver,2025-10-31T17:00:44+09:00,2025-10-31T17:00:44+09:00,other,🎃 「승리의 여신: 니케」 x 「ZOZOTOWN」 in Autumn 2025 진행 중 🛍️,https://game.naver.com/lounge/nikke/board/detail/6871713,322
naver:6894800,naver,2025-11-03T12:00:32+09:00,2025-11-03T12:00:32+09:00,other,🎼 승리의 여신: 니케 오케스트라 콘서트 입장 특전 안내 🎺,https://game.naver.com/lounge/nikke/board/detail/6894800,260
naver:6895887,naver,2025-11-03T15:30:33+09:00,2025-11-03T15:34:03+09:00,other,3주년 기념 성우 토크쇼 공개 예고,https://game.naver.com/lounge/nikke/board/detail/6895887,717
naver:6899877,naver,2025-11-04T12:00:33+09:00,2025-11-04T12:13:11+09:00,other,<승리의 여신: 니케> 3주년 기념 공식 카카오 이모티콘 시즌 4 출시!,https://game.naver.com/lounge/nikke/board/detail/6899877,297
naver:6900336,naver,2025-11-04T13:45:19+09:00,2025-11-04T13:45:19+09:00,other,🦋 3주년 기념 보상 안내 🪽,https://game.naver.com/lounge/nikke/board/detail/6900336,166
naver:6902095,naver,2025-11-04T19:15:06+09:00,2025-11-04T19:15:06+09:00,other,<승리의 여신: 니케> X <신영훈 작가> 옥외 전시 안내,https://game.naver.com/lounge/nikke/board/detail/6902095,662
naver:6905916,naver,2025-11-05T15:00:38+09:00,2025-11-05T15:00:38+09:00,other,3주년 보상 한눈에 보기,https://game.naver.com/lounge/nikke/board/detail/6905916,120
naver:6912043,naver,2025-11-06T18:07:44+09:00,2025-11-06T18:07:44+09:00,other,3주년 기념 특별 선물,https://game.naver.com/lounge/nikke/board/detail/6912043,356
naver:6916343,naver,2025-11-07T16:52:30+09:00,2025-11-07T16:57:01+09:00,other,🎉 3주년 애플 앱스토어 매출 1위 기념 보상 안내 🎉,https://game.naver.com/lounge/nikke/board/detail/6916343,229
naver:6939328,naver,2025-11-12T12:02:42+09:00,2025-11-12T12:02:42+09:00,other,「승리의 여신: 니케」 X 「맘스터치」 콜라보 PV,https://game.naver.com/lounge/nikke/board/detail/6939328,1533
naver:6944192,naver,2025-11-13T10:11:03+09:00,2025-11-13T10:12:18+09:00,event,🍗 「승리의 여신: 니케」 X 「맘스터치」 콜라보 이벤트 안내 🍟,https://game.naver.com/lounge/nikke/board/detail/6944192,530
naver:6945251,naver,2025-11-13T13:55:37+09:00,2025-11-13T13:58:18+09:00,other,지휘관 전투 데이터 리포트 안내,https://game.naver.com/lounge/nikke/board/detail/6945251,399
naver:6949729,naver,2025-11-14T12:00:37+09:00,2025-11-14T12:00:37+09:00,other,<승리의 여신: 니케> 공식 앤솔러지 팬북 특별판 예약 판매 안내,https://game.naver.com/lounge/nikke/board/detail/6949729,604
official:66c30e43a939ba4b95a9489aa2abde60a079,official,2025-11-17T17:42:37+09:00,,update,11월 20일 업데이트 공지,https://www.nikke-kr.com/newsdetail.html?content_id=66c30e43a939ba4b95a9489aa2abde60a079,3867
naver:6962558,naver,2025-11-17T17:50:19+09:00,2025-11-17T17:50:19+09:00,other,전초기지 방어 레벨 관련 안내,https://game.naver.com/lounge/nikke/board/detail/6962558,544
naver:6962724,naver,2025-11-17T18:15:37+09:00,2025-11-17T18:15:37+09:00,other,X 계정을 통한 게임 로그인 불가 현상 안내,https://game.naver.com/lounge/nikke/board/detail/6962724,499
naver:6980069,naver,2025-11-20T15:20:06+09:00,2025-11-20T15:20:06+09:00,other,전초기지 방어 레벨 관련 수정 및 후속 조치 안내,https://game.naver.com/lounge/nikke/board/detail/6980069,633
naver:6995387,naver,2025-11-24T15:10:06+09:00,2025-11-25T10:10:49+09:00,other,<승리의 여신: 니케> AGF 2025 공식 굿즈샵 미리 보기,https://game.naver.com/lounge/nikke/board/detail/6995387,686
naver:7010046,naver,2025-11-28T12:50:33+09:00,2025-12-04T11:40:21+09:00,other,<승리의 여신: 니케> AGF 2025 행사 안내,https://game.naver.com/lounge/nikke/board/detail/7010046,6366
official:46bb619aa85c7a4112aadc0a428a23412af6,official,2025-12-01T17:00:00+09:00,,update,12월 4일 업데이트 공지,https://www.nikke-kr.com/newsdetail.html?content_id=46bb619aa85c7a4112aadc0a428a23412af6,9233
naver:7023792,naver,2025-12-02T17:03:22+09:00,2026-04-03T12:02:07+09:00,other,<승리의 여신: 니케> 공식 커뮤니티 - BLANK TICKET 2차 창작 컬렉션,https://game.naver.com/lounge/nikke/board/detail/7023792,266
naver:7027167,naver,2025-12-03T18:00:39+09:00,2025-12-03T18:00:39+09:00,other,신규 기능 안내 「스토리 라인」,https://game.naver.com/lounge/nikke/board/detail/7027167,278
naver:7030303,naver,2025-12-04T17:19:07+09:00,2025-12-04T17:54:47+09:00,other,<승리의 여신: 니케> AGF 2025까지 앞으로 1일!,https://game.naver.com/lounge/nikke/board/detail/7030303,349
official:337a1082aec16a4a55aafa7a40a3a574b677,official,2025-12-04T18:04:37+09:00,,patch_fix,12월 4일 업데이트 개선사항,https://www.nikke-kr.com/newsdetail.html?content_id=337a1082aec16a4a55aafa7a40a3a574b677,1867
naver:7030486,naver,2025-12-04T18:05:22+09:00,2025-12-04T18:05:22+09:00,event,Google Play 게임즈 포인트 적립 이벤트 안내,https://game.naver.com/lounge/nikke/board/detail/7030486,599
official:601aaa4da166ba4a39ab5baa35be77b79f76,official,2025-12-04T20:30:14+09:00,,known_issue,12월 4일 알려진 이슈 안내(12월 5일 공지 수정),https://www.nikke-kr.com/newsdetail.html?content_id=601aaa4da166ba4a39ab5baa35be77b79f76,313
official:b48bebf6a89fca4988ab27da63725d5a87e9,official,2025-12-15T16:45:33+09:00,,devnote,【개발자 노트】 2025년 12월,https://www.nikke-kr.com/newsdetail.html?content_id=b48bebf6a89fca4988ab27da63725d5a87e9,3780
naver:7072348,naver,2025-12-16T10:22:59+09:00,2025-12-16T10:22:59+09:00,other,<승리의 여신: 니케> 공식 카카오 특별 이모티콘 출시!,https://game.naver.com/lounge/nikke/board/detail/7072348,628
naver:7094209,naver,2025-12-22T15:07:13+09:00,2025-12-22T15:07:13+09:00,other,🎇 <승리의 여신: 니케> 새해 기념 특별 방송 안내 🕯️,https://game.naver.com/lounge/nikke/board/detail/7094209,210
naver:7097758,naver,2025-12-23T11:00:31+09:00,2025-12-26T09:22:03+09:00,other,🎇 <승리의 여신: 니케> 새해 기념 특별 방송 안내 🕯️,https://game.naver.com/lounge/nikke/board/detail/7097758,148
naver:7098040,naver,2025-12-23T12:00:32+09:00,2025-12-23T12:00:32+09:00,other,「승리의 여신: 니케」 x 「두찜」 콜라보 예정 안내,https://game.naver.com/lounge/nikke/board/detail/7098040,309
naver:7109863,naver,2025-12-26T11:00:32+09:00,2025-12-26T12:02:46+09:00,other,🎇 <승리의 여신: 니케> 새해 기념 특별 방송 MC 소개🕯️,https://game.naver.com/lounge/nikke/board/detail/7109863,298
naver:7111319,naver,2025-12-26T18:13:53+09:00,2025-12-26T18:13:53+09:00,other,AGF 2025 공식 굿즈샵 상품 온라인 판매 안내,https://game.naver.com/lounge/nikke/board/detail/7111319,721
naver:7113300,naver,2025-12-27T11:00:38+09:00,2025-12-27T11:00:38+09:00,other,🎇 <승리의 여신: 니케> 새해 기념 특별 방송 안내🕯️,https://game.naver.com/lounge/nikke/board/detail/7113300,305
naver:7120964,naver,2025-12-29T18:22:19+09:00,2025-12-29T18:22:19+09:00,other,🎇 <승리의 여신: 니케> 새해 기념 특별 방송 D-DAY!🕯️,https://game.naver.com/lounge/nikke/board/detail/7120964,323
naver:7121562,naver,2025-12-29T20:15:36+09:00,2025-12-31T19:00:03+09:00,other,「승리의 여신: 니케」 X 「Razer」 콜라보레이션 확정!,https://game.naver.com/lounge/nikke/board/detail/7121562,203
official:45eb4bb3a469ba4d02a8204a481245355c70,official,2025-12-29T20:33:40+09:00,,update,12월 30일 업데이트 공지,https://www.nikke-kr.com/newsdetail.html?content_id=45eb4bb3a469ba4d02a8204a481245355c70,9820
official:71a0dbb7a408da47f1a8f57ab60bf9d4e4f3,official,2025-12-30T17:55:11+09:00,,patch_fix,12월 30일 업데이트 개선사항,https://www.nikke-kr.com/newsdetail.html?content_id=71a0dbb7a408da47f1a8f57ab60bf9d4e4f3,1035
official:aa8341bba57aba4887aaa67a5223663954e1,official,2025-12-30T18:01:28+09:00,,known_issue,12월 30일 알려진 이슈 안내,https://www.nikke-kr.com/newsdetail.html?content_id=aa8341bba57aba4887aaa67a5223663954e1,250
naver:7125425,naver,2025-12-30T18:38:56+09:00,2025-12-30T18:40:34+09:00,other,🎼 신데렐라와 에이브의 승리의 여신: 니케 오케스트라 콘서트 초대장 🎺,https://game.naver.com/lounge/nikke/board/detail/7125425,361
naver:7125808,naver,2025-12-30T20:01:54+09:00,2025-12-31T19:00:22+09:00,other,2026 새해 기념 쿠킹 토크쇼 <니케 식당> 공개 예고,https://game.naver.com/lounge/nikke/board/detail/7125808,801
naver:7128006,naver,2025-12-31T12:07:51+09:00,2025-12-31T12:34:06+09:00,other,「승리의 여신: 니케」 x 「두찜」 콜라보 D-2!,https://game.naver.com/lounge/nikke/board/detail/7128006,1556
naver:7128059,naver,2025-12-31T12:27:59+09:00,2025-12-31T12:27:59+09:00,other,「승리의 여신: 니케」 x 「두찜」 콜라보 PV,https://game.naver.com/lounge/nikke/board/detail/7128059,674
naver:7130616,naver,2026-01-01T00:00:24+09:00,2026-01-01T00:00:24+09:00,other,🌅 <승리의 여신: 니케> 2026 디렉터 새해 인사 🎤,https://game.naver.com/lounge/nikke/board/detail/7130616,553
naver:7132451,naver,2026-01-01T11:05:15+09:00,2026-01-01T11:05:15+09:00,other,새해맞이 특별 보상,https://game.naver.com/lounge/nikke/board/detail/7132451,211
naver:7137076,naver,2026-01-02T12:35:19+09:00,2026-01-02T12:35:19+09:00,other,「승리의 여신: 니케」 x 「두찜」 콜라보 기념 이모티콘 이미지 공개,https://game.naver.com/lounge/nikke/board/detail/7137076,525
naver:7138421,naver,2026-01-02T16:21:27+09:00,2026-01-02T16:21:27+09:00,other,「승리의 여신: 니케」 x 「두찜」 콜라보 굿즈 내 일부 캐릭터명 표기 오류 안내,https://game.naver.com/lounge/nikke/board/detail/7138421,442
naver:7154564,naver,2026-01-06T14:00:09+09:00,2026-01-26T17:00:21+09:00,other,「승리의 여신: 니케」 x 「두찜」 콜라보 굿즈 내 일부 캐릭터명 표기 오류 보상 안내 (1/26 내용 추가),https://game.naver.com/lounge/nikke/board/detail/7154564,1610
official:f293a5bba0f0da4e6baaafba57a8d3703bd6,official,2026-01-12T17:04:04+09:00,,update,1월 15일 업데이트 공지 (1월 24일 공지 수정),https://www.nikke-kr.com/newsdetail.html?content_id=f293a5bba0f0da4e6baaafba57a8d3703bd6,3660
official:fec52759ae59ea4cb1aa1cfa1eb3517dd677,official,2026-01-15T16:50:18+09:00,,known_issue,1월 15일 알려진 이슈 안내,https://www.nikke-kr.com/newsdetail.html?content_id=fec52759ae59ea4cb1aa1cfa1eb3517dd677,281
naver:7219705,naver,2026-01-23T18:59:24+09:00,2026-01-23T18:59:24+09:00,event,🎨 승리의 여신: 니케 X Pixiv 콜라보 이벤트 진행 중! ❄️,https://game.naver.com/lounge/nikke/board/detail/7219705,187
naver:7221844,naver,2026-01-24T11:49:26+09:00,2026-01-24T11:58:41+09:00,event,FULL BURST DAY 이벤트 진행 불가 현상 안내,https://game.naver.com/lounge/nikke/board/detail/7221844,604
official:a693ccdda74b8a42f6a8b7fa369eea296671,official,2026-01-26T12:16:19+09:00,,devnote,【개발자 노트】 2026년 1월,https://www.nikke-kr.com/newsdetail.html?content_id=a693ccdda74b8a42f6a8b7fa369eea296671,3377
official:2637ff0aae74ca4d44aa3f6a840fbf82d170,official,2026-01-26T17:05:20+09:00,,update,1월 29일 업데이트 공지(2월 3일 공지 수정),https://www.nikke-kr.com/newsdetail.html?content_id=2637ff0aae74ca4d44aa3f6a840fbf82d170,4638
official:c2480bd6a6a6ea468eaac1fabe1ded6266cb,official,2026-01-29T18:05:06+09:00,,patch_fix,1월 29일 업데이트 개선사항,https://www.nikke-kr.com/newsdetail.html?content_id=c2480bd6a6a6ea468eaac1fabe1ded6266cb,1130
naver:7245659,naver,2026-01-31T02:14:20+09:00,2026-01-31T02:14:20+09:00,other,협동작전 시즌 종료 및 보상 안내,https://game.naver.com/lounge/nikke/board/detail/7245659,628
naver:7250269,naver,2026-02-01T15:00:31+09:00,2026-02-01T15:00:31+09:00,other,1분기 크리에이터 프로그램 안내,https://game.naver.com/lounge/nikke/board/detail/7250269,574
naver:7253518,naver,2026-02-02T09:30:27+09:00,2026-02-02T09:30:27+09:00,other,콜라보 결정,https://game.naver.com/lounge/nikke/board/detail/7253518,105
official:99371341a4d01a499ca81afa90dabea0d3bb,official,2026-02-05T20:51:36+09:00,,update,2월 5일 업데이트 공지,https://www.nikke-kr.com/newsdetail.html?content_id=99371341a4d01a499ca81afa90dabea0d3bb,236
official:1c0f35a1a8293a4274a9681a35cde3feca74,official,2026-02-09T17:21:46+09:00,,update,2월 12일 업데이트 공지,https://www.nikke-kr.com/newsdetail.html?content_id=1c0f35a1a8293a4274a9681a35cde3feca74,9308
naver:7288342,naver,2026-02-11T10:35:06+09:00,2026-02-11T10:35:06+09:00,other,<승리의 여신: 니케> 공식 앤솔러지 팬북 일반판 예약 판매 안내,https://game.naver.com/lounge/nikke/board/detail/7288342,523
official:bd1f8ab0a9fdda4f85a9e14a265f96f3eaab,official,2026-02-12T07:00:00+09:00,,patch_fix,2월 12일 업데이트 개선사항,https://www.nikke-kr.com/newsdetail.html?content_id=bd1f8ab0a9fdda4f85a9e14a265f96f3eaab,1067
official:5f4a7637a665ba4ccbab94aa7dcdb7d7126b,official,2026-02-12T16:42:16+09:00,,known_issue,2월 12일 알려진 이슈 안내（2월 26일 공지 수정),https://www.nikke-kr.com/newsdetail.html?content_id=5f4a7637a665ba4ccbab94aa7dcdb7d7126b,413
naver:7294300,naver,2026-02-12T18:05:48+09:00,2026-02-12T18:09:08+09:00,other,🎉 공식 플랫폼 팔로워 30만명 돌파 보상 🎉,https://game.naver.com/lounge/nikke/board/detail/7294300,331
naver:7299479,naver,2026-02-13T19:10:42+09:00,2026-02-13T19:10:42+09:00,other,메인 스토리 43 챕터 플레이 관련 안내,https://game.naver.com/lounge/nikke/board/detail/7299479,697
official:00ec7b7cac63aa4daea8147a8c619f409f4a,official,2026-03-05T14:58:23+09:00,,update,3월 5일 업데이트 공지,https://www.nikke-kr.com/newsdetail.html?content_id=00ec7b7cac63aa4daea8147a8c619f409f4a,3766
naver:7399373,naver,2026-03-11T10:30:26+09:00,2026-03-11T10:30:26+09:00,other,<승리의 여신: 니케> X <카카오프렌즈> 도로와 춘식이의 하루 팝업스토어 사전 안내,https://game.naver.com/lounge/nikke/board/detail/7399373,1717
naver:7407816,naver,2026-03-13T12:00:38+09:00,2026-03-13T12:00:38+09:00,other,<승리의 여신: 니케> X <카카오프렌즈> 도로와 춘식이의 하루 팝업스토어 예약 오픈,https://game.naver.com/lounge/nikke/board/detail/7407816,1694
official:1aa5a89ba692da414ea982ca97ab8f4c0ac0,official,2026-03-16T12:06:30+09:00,,devnote,【개발자 노트】 2026년 3월,https://www.nikke-kr.com/newsdetail.html?content_id=1aa5a89ba692da414ea982ca97ab8f4c0ac0,3048
official:8fb3f260a6b8fa4b9da826aa73f5a2bd47ac,official,2026-03-16T17:00:27+09:00,,update,3월 19일 업데이트 공지,https://www.nikke-kr.com/newsdetail.html?content_id=8fb3f260a6b8fa4b9da826aa73f5a2bd47ac,7478
naver:7422195,naver,2026-03-17T10:00:32+09:00,2026-03-17T10:00:32+09:00,other,「승리의 여신: 니케」 x 「RAZER」 콜라보 정보 공개,https://game.naver.com/lounge/nikke/board/detail/7422195,261
official:580509f3a0b9fa4978aba86a38fd25b2bd73,official,2026-03-19T18:04:39+09:00,,patch_fix,3월 19일 업데이트 개선사항（3월 19일 공지 수정),https://www.nikke-kr.com/newsdetail.html?content_id=580509f3a0b9fa4978aba86a38fd25b2bd73,1376
official:2adb687aad405a43a2a8fdba01d17f6c123a,official,2026-03-19T22:37:45+09:00,,known_issue,3월 19일 알려진 이슈 안내（4월 1일 공지 수정),https://www.nikke-kr.com/newsdetail.html?content_id=2adb687aad405a43a2a8fdba01d17f6c123a,739
naver:7435437,naver,2026-03-20T10:30:27+09:00,2026-03-20T10:30:27+09:00,other,<승리의 여신: 니케> X <카카오프렌즈> 팝업스토어 현장 대기 및 입장 안내,https://game.naver.com/lounge/nikke/board/detail/7435437,1182
naver:7435456,naver,2026-03-20T10:35:25+09:00,2026-03-20T10:50:14+09:00,other,<승리의 여신: 니케> X <카카오프렌즈> 도로와 춘식이의 하루 콜라보 PV 공개,https://game.naver.com/lounge/nikke/board/detail/7435456,769
naver:7439143,naver,2026-03-21T10:00:32+09:00,2026-03-21T10:00:32+09:00,other,「승리의 여신: 니케」 x 「RAZER」 콜라보 PV,https://game.naver.com/lounge/nikke/board/detail/7439143,175
naver:7457364,naver,2026-03-25T19:00:31+09:00,2026-03-25T19:00:31+09:00,other,🎼 승리의 여신: 니케 오케스트라 콘서트 🎺,https://game.naver.com/lounge/nikke/board/detail/7457364,400
official:5c4d66c5a4806a494baa5cba0218706e589e,official,2026-04-01T12:14:18+09:00,,update,만우절 이벤트 업데이트 공지（4월 3일 공지 수정),https://www.nikke-kr.com/newsdetail.html?content_id=5c4d66c5a4806a494baa5cba0218706e589e,1112
naver:7491795,naver,2026-04-01T16:31:12+09:00,2026-04-01T16:31:12+09:00,other,메카 시프티 프라모델 출시 안내,https://game.naver.com/lounge/nikke/board/detail/7491795,819
naver:7499788,naver,2026-04-03T12:00:31+09:00,2026-04-03T12:02:22+09:00,other,<승리의 여신: 니케> 공식 커뮤니티 - 2X2 LOVE 2차 창작 컬렉션,https://game.naver.com/lounge/nikke/board/detail/7499788,268
naver:7508736,naver,2026-04-06T10:00:31+09:00,2026-04-06T10:00:31+09:00,other,3.5주년 기념 방송 사전 안내,https://game.naver.com/lounge/nikke/board/detail/7508736,277
official:5098dfcba9fe6a4335aaf57ac40a02410283,official,2026-04-06T17:00:00+09:00,,update,4월 9일 업데이트 공지,https://www.nikke-kr.com/newsdetail.html?content_id=5098dfcba9fe6a4335aaf57ac40a02410283,4760
naver:7510407,naver,2026-04-06T19:00:31+09:00,2026-04-06T19:00:31+09:00,other,두근두근! 니케 글로벌 인기 투표 Ⅳ,https://game.naver.com/lounge/nikke/board/detail/7510407,183
naver:7515745,naver,2026-04-08T13:00:32+09:00,2026-04-08T16:21:42+09:00,other,<승리의 여신: 니케> X <카카오프렌즈> 콜라보 굿즈 카카오톡 선물하기 판매 안내 (4/8 내용 추가),https://game.naver.com/lounge/nikke/board/detail/7515745,542
naver:7516322,naver,2026-04-08T16:00:33+09:00,2026-04-08T16:00:33+09:00,other,두근두근! 니케 글로벌 인기 투표 Ⅳ 오픈,https://game.naver.com/lounge/nikke/board/detail/7516322,451
naver:7517461,naver,2026-04-08T20:00:31+09:00,2026-04-08T20:00:31+09:00,other,스페셜 투표 예고 - 최애 NPC,https://game.naver.com/lounge/nikke/board/detail/7517461,234
naver:7521781,naver,2026-04-09T20:00:30+09:00,2026-04-09T20:00:30+09:00,other,스페셜 투표 예고 - 가장 좋아하는 코스튬,https://game.naver.com/lounge/nikke/board/detail/7521781,254
naver:7523393,naver,2026-04-10T10:00:37+09:00,2026-04-10T10:00:37+09:00,other,<승리의 여신: 니케> 스쿨 테마 창작 대회 진행 중!,https://game.naver.com/lounge/nikke/board/detail/7523393,344
naver:7525652,naver,2026-04-10T20:00:30+09:00,2026-04-10T20:00:30+09:00,other,스페셜 투표 예고 - 가장 인상 깊은 미니 게임,https://game.naver.com/lounge/nikke/board/detail/7525652,328
naver:7528788,naver,2026-04-11T20:00:31+09:00,2026-04-11T20:00:31+09:00,other,스페셜 투표 예고 - 가장 인상 깊은 랩쳐,https://game.naver.com/lounge/nikke/board/detail/7528788,276
naver:7531770,naver,2026-04-12T20:00:32+09:00,2026-04-12T20:00:32+09:00,other,스페셜 투표 예고 - 가장 인상 깊은 BGM,https://game.naver.com/lounge/nikke/board/detail/7531770,282
naver:7534877,naver,2026-04-13T20:00:30+09:00,2026-04-13T20:00:30+09:00,event,스페셜 투표 예고 - 가장 좋아하는 스토리 이벤트,https://game.naver.com/lounge/nikke/board/detail/7534877,247
naver:7539281,naver,2026-04-15T12:00:38+09:00,2026-04-15T12:00:38+09:00,other,3.5주년 특별 방송 예고,https://game.naver.com/lounge/nikke/board/detail/7539281,198
naver:7540210,naver,2026-04-15T17:00:31+09:00,2026-04-15T17:00:31+09:00,other,콜라보 종료 감사 인사,https://game.naver.com/lounge/nikke/board/detail/7540210,227
naver:7540638,naver,2026-04-15T19:00:31+09:00,2026-04-15T19:00:31+09:00,other,3.5주년이 곧 다가옵니다.,https://game.naver.com/lounge/nikke/board/detail/7540638,111
naver:7545914,naver,2026-04-17T12:00:38+09:00,2026-04-17T12:00:38+09:00,other,🌠 3.5주년 특별 방송 MC 소개 ✨,https://game.naver.com/lounge/nikke/board/detail/7545914,404
naver:7551098,naver,2026-04-18T12:00:39+09:00,2026-04-18T12:00:39+09:00,other,🌠 3.5주년 특별 방송 D-DAY! ✨,https://game.naver.com/lounge/nikke/board/detail/7551098,359
naver:7552756,naver,2026-04-18T20:25:56+09:00,2026-04-22T14:07:50+09:00,other,3.5주년 특별 방송 기념 교환 코드 안내,https://game.naver.com/lounge/nikke/board/detail/7552756,327
naver:7553252,naver,2026-04-18T22:18:27+09:00,2026-04-22T14:08:41+09:00,other,★ 글로벌 실시간 트렌드 1위 달성 ★,https://game.naver.com/lounge/nikke/board/detail/7553252,228
official:1ae75158a5bb8a49a6a874dac55ebe5859e5,official,2026-04-20T17:03:55+09:00,,update,4월 23일 업데이트 공지,https://www.nikke-kr.com/newsdetail.html?content_id=1ae75158a5bb8a49a6a874dac55ebe5859e5,11752
naver:7559652,naver,2026-04-20T20:19:12+09:00,2026-04-20T20:19:12+09:00,other,★ 신규 MMD 모델 출시 안내 - 아니스 : 스타 ★,https://game.naver.com/lounge/nikke/board/detail/7559652,429
naver:7561454,naver,2026-04-21T13:00:31+09:00,2026-04-21T13:00:31+09:00,other,승리의 여신: 니케 보드게임 출시,https://game.naver.com/lounge/nikke/board/detail/7561454,466
official:85058953a3b67a4808a9b7eafbe0b8a1adfc,official,2026-04-23T07:03:37+09:00,,known_issue,4월 23일 알려진 이슈 안내 (5월 6일 공지 수정),https://www.nikke-kr.com/newsdetail.html?content_id=85058953a3b67a4808a9b7eafbe0b8a1adfc,1328
official:f54272aeacd81a41cdab079ad3895cb96c4c,official,2026-04-23T07:03:41+09:00,,patch_fix,4월 23일 업데이트 개선사항,https://www.nikke-kr.com/newsdetail.html?content_id=f54272aeacd81a41cdab079ad3895cb96c4c,1155
naver:7569082,naver,2026-04-23T08:00:32+09:00,2026-04-23T08:00:32+09:00,event,3.5주년 치지직 드롭스 이벤트 안내,https://game.naver.com/lounge/nikke/board/detail/7569082,1224
naver:7572209,naver,2026-04-23T19:43:39+09:00,2026-04-23T19:43:39+09:00,other,★ 신규 앨범 공개・T.T. STAR Official 미션 달성 ★,https://game.naver.com/lounge/nikke/board/detail/7572209,408
naver:7572769,naver,2026-04-23T21:46:32+09:00,2026-04-23T21:46:32+09:00,other,3.5주년 애플 앱스토어 매출 1위 기념 보상 안내,https://game.naver.com/lounge/nikke/board/detail/7572769,218
naver:7574171,naver,2026-04-24T10:15:28+09:00,2026-04-28T17:52:08+09:00,event,코믹월드 332 수원 <NIKKE T.T. STAR 응원 이벤트> 사전 안내,https://game.naver.com/lounge/nikke/board/detail/7574171,4442
naver:7576627,naver,2026-04-24T18:27:36+09:00,2026-04-24T18:27:36+09:00,other,3.5주년 기념 특별 옥외광고 : 남산타워 점등 시간 안내,https://game.naver.com/lounge/nikke/board/detail/7576627,582
naver:7588384,naver,2026-04-27T18:35:02+09:00,2026-04-27T18:35:02+09:00,other,공식 라운지 누적 가입자 수 15만 명 돌파,https://game.naver.com/lounge/nikke/board/detail/7588384,201
naver:7588743,naver,2026-04-27T20:00:31+09:00,2026-04-27T20:00:31+09:00,other,🎥 T.T. STAR 런던 특별 감사 공연 사전 안내 📺,https://game.naver.com/lounge/nikke/board/detail/7588743,316
official:1eb47801ab1a5a4d4daabb6a6cd4fb56311b,official,2026-04-28T13:16:52+09:00,,update,4월 28일 업데이트 공지(4월 28일 공지 수정),https://www.nikke-kr.com/newsdetail.html?content_id=1eb47801ab1a5a4d4daabb6a6cd4fb56311b,742
naver:7596016,naver,2026-04-29T11:00:39+09:00,2026-04-29T11:00:39+09:00,other,🎥 T.T. STAR 런던 특별 감사 공연 사전 안내 📺,https://game.naver.com/lounge/nikke/board/detail/7596016,341
naver:7601992,naver,2026-04-30T13:00:33+09:00,2026-04-30T13:00:33+09:00,other,🎥 T.T. STAR 런던 특별 감사 공연 D-DAY! 📺,https://game.naver.com/lounge/nikke/board/detail/7601992,270
naver:7605832,naver,2026-04-30T23:28:12+09:00,2026-04-30T23:28:12+09:00,other,글로벌 실시간 트렌드 진입 달성 안내,https://game.naver.com/lounge/nikke/board/detail/7605832,253
naver:7607771,naver,2026-05-01T10:30:26+09:00,2026-05-01T10:31:09+09:00,event,코믹월드 332 수원 <T.T. STAR 응원 이벤트>,https://game.naver.com/lounge/nikke/board/detail/7607771,351
naver:7607923,naver,2026-05-01T11:00:46+09:00,2026-05-01T11:00:46+09:00,other,「승리의 여신: 니케」 X 「타워 레코드」 콜라보,https://game.naver.com/lounge/nikke/board/detail/7607923,395
naver:7613293,naver,2026-05-02T10:30:26+09:00,2026-05-02T17:40:32+09:00,event,코믹월드 332 수원 <T.T. STAR 응원 이벤트> D-DAY!,https://game.naver.com/lounge/nikke/board/detail/7613293,284
naver:7614568,naver,2026-05-02T16:23:57+09:00,2026-05-02T16:23:57+09:00,other,3.5주년 보상 한눈에 보기,https://game.naver.com/lounge/nikke/board/detail/7614568,114
naver:7618731,naver,2026-05-03T17:00:31+09:00,2026-05-03T17:00:31+09:00,other,Blablalink 신규 유니온 기능 업데이트 안내,https://game.naver.com/lounge/nikke/board/detail/7618731,775
naver:7618837,naver,2026-05-03T17:30:05+09:00,2026-05-03T17:30:05+09:00,event,코믹월드 332 수원 <T.T. STAR 응원 이벤트> 하이라이트,https://game.naver.com/lounge/nikke/board/detail/7618837,194
naver:7621493,naver,2026-05-04T11:10:25+09:00,2026-05-04T11:10:25+09:00,other,승리의 여신: 니케 3.5주년 기념,https://game.naver.com/lounge/nikke/board/detail/7621493,443
naver:7621562,naver,2026-05-04T11:30:27+09:00,2026-05-04T11:30:27+09:00,other,3.5주년 기념 보상 안내,https://game.naver.com/lounge/nikke/board/detail/7621562,114
naver:7633802,naver,2026-05-07T12:00:04+09:00,2026-05-07T18:03:08+09:00,other,공식 커뮤니티 업적 메달 수령 안내(5/7 내용 추가),https://game.naver.com/lounge/nikke/board/detail/7633802,465
naver:7646849,naver,2026-05-10T17:00:30+09:00,2026-05-10T17:00:30+09:00,other,2분기 크리에이터 프로그램 안내,https://game.naver.com/lounge/nikke/board/detail/7646849,584
official:fc903da8a59a7a4896ab61aa7a98e6dfab3c,official,2026-05-11T12:01:54+09:00,,devnote,【개발자 노트】 2026년 5월,https://www.nikke-kr.com/newsdetail.html?content_id=fc903da8a59a7a4896ab61aa7a98e6dfab3c,3812
official:36e3677eafb0ea44cfaac6badccd8bcf21e3,official,2026-05-11T17:04:26+09:00,,update,5월 14일 업데이트 공지,https://www.nikke-kr.com/newsdetail.html?content_id=36e3677eafb0ea44cfaac6badccd8bcf21e3,7962
naver:7655469,naver,2026-05-12T16:00:34+09:00,2026-05-12T16:00:34+09:00,other,✨ <승리의 여신: 니케> 공식 커뮤니티 - STAR ANIS 2차 창작 컬렉션 ✨,https://game.naver.com/lounge/nikke/board/detail/7655469,278
official:05e3e3c4aa79fa4c4aaacf9a75296465a001,official,2026-05-14T18:04:30+09:00,,patch_fix,5월 14일 업데이트 개선사항,https://www.nikke-kr.com/newsdetail.html?content_id=05e3e3c4aa79fa4c4aaacf9a75296465a001,2791
official:d0f7d6e9a56c9a447cab727a62698f25ea06,official,2026-05-14T18:04:40+09:00,,known_issue,5월 14일 알려진 이슈 안내(5월 23일 공지 수정),https://www.nikke-kr.com/newsdetail.html?content_id=d0f7d6e9a56c9a447cab727a62698f25ea06,752
naver:7674818,naver,2026-05-16T21:07:10+09:00,2026-05-16T21:12:45+09:00,other,<승리의 여신: 니케> 단편 애니메이션 시리즈 예고,https://game.naver.com/lounge/nikke/board/detail/7674818,347
naver:7681567,naver,2026-05-18T18:27:45+09:00,2026-05-19T10:03:24+09:00,other,"<승리의 여신: 니케> 에리어 방어전, 서울 개최 확정!",https://game.naver.com/lounge/nikke/board/detail/7681567,328
naver:7689826,naver,2026-05-20T19:00:32+09:00,2026-05-21T16:10:53+09:00,other,🎸 <승리의 여신: 니케> 밴드 라이브 콘서트 예고 🎤,https://game.naver.com/lounge/nikke/board/detail/7689826,403
naver:7702029,naver,2026-05-23T04:03:42+09:00,2026-05-25T10:57:44+09:00,other,협동작전 스톰브링어 관련 이슈 및 협동작전 시즌 종료 안내,https://game.naver.com/lounge/nikke/board/detail/7702029,583
official:0675c61fa2f66a46f8abd1fad3d962209b5c,official,2026-05-25T16:59:00+09:00,,update,5월 28일 업데이트 공지,https://www.nikke-kr.com/newsdetail.html?content_id=0675c61fa2f66a46f8abd1fad3d962209b5c,3738
naver:7715705,naver,2026-05-27T12:05:08+09:00,2026-05-27T12:05:08+09:00,other,🎸 <승리의 여신: 니케> 밴드 라이브 콘서트 티켓 오픈 🎤,https://game.naver.com/lounge/nikke/board/detail/7715705,425
official:6cd68118abf00a4c1fa8514a1120e13a827e,official,2026-05-28T14:58:00+09:00,,known_issue,5월 28일 알려진 이슈 안내,https://www.nikke-kr.com/newsdetail.html?content_id=6cd68118abf00a4c1fa8514a1120e13a827e,336
naver:7722090,naver,2026-05-28T15:10:27+09:00,2026-05-28T15:53:57+09:00,other,협동작전 일정 중단 및 보상 안내,https://game.naver.com/lounge/nikke/board/detail/7722090,820
naver:7725893,naver,2026-05-29T10:00:40+09:00,2026-05-29T10:44:18+09:00,other,<승리의 여신: 니케> 에리어 방어전 사전 예약 안내 (내용 추가),https://game.naver.com/lounge/nikke/board/detail/7725893,191
naver:7728125,naver,2026-05-29T18:19:24+09:00,2026-05-29T18:19:24+09:00,other,<승리의 여신: 니케> 에리어 방어전 상세 안내,https://game.naver.com/lounge/nikke/board/detail/7728125,465
naver:7738045,naver,2026-06-01T12:24:27+09:00,2026-06-01T12:24:27+09:00,other,「승리의 여신: 니케」 X 「타워 레코드」 콜라보 온라인 판매 안내,https://game.naver.com/lounge/nikke/board/detail/7738045,238
naver:7750395,naver,2026-06-04T19:00:33+09:00,2026-06-04T19:00:33+09:00,other,🎸 <승리의 여신: 니케> 밴드 라이브 콘서트 - Full Burst Live 🎤,https://game.naver.com/lounge/nikke/board/detail/7750395,455
official:49aa55e2aba26a4955aa281a3c90a844bc53,official,2026-06-08T18:56:33+09:00,,update,6월 11일 업데이트 공지,https://www.nikke-kr.com/newsdetail.html?content_id=49aa55e2aba26a4955aa281a3c90a844bc53,13322
official:d7d9dbb1a8e6aa4207a9a0ba12534e27a4c9,official,2026-06-11T13:05:04+09:00,,other,센티 애장품 스킬 관련 안내(6월 11일 수정),https://www.nikke-kr.com/newsdetail.html?content_id=d7d9dbb1a8e6aa4207a9a0ba12534e27a4c9,495
naver:7780995,naver,2026-06-11T13:35:31+09:00,2026-06-11T13:35:31+09:00,other,센티 애장품 스킬 조정 및 스킬 초기화 지원 안내,https://game.naver.com/lounge/nikke/board/detail/7780995,1109
naver:7782302,naver,2026-06-11T17:48:00+09:00,2026-06-11T17:48:00+09:00,maintenance,6월 11일(목) 서버 점검 연장 안내,https://game.naver.com/lounge/nikke/board/detail/7782302,577
naver:7783210,naver,2026-06-11T20:53:25+09:00,2026-06-11T20:53:25+09:00,other,센티 애장품 스킬 관련 안내,https://game.naver.com/lounge/nikke/board/detail/7783210,687
official:cc6a38f2aa0f0a4deaaa417a79be69758180,official,2026-06-11T21:03:28+09:00,,patch_fix,6월 11일 업데이트 개선사항,https://www.nikke-kr.com/newsdetail.html?content_id=cc6a38f2aa0f0a4deaaa417a79be69758180,2797
naver:7783267,naver,2026-06-11T21:07:10+09:00,2026-06-11T21:07:10+09:00,other,전초기지 방어 레벨 카운트 초과 달성 현상 안내,https://game.naver.com/lounge/nikke/board/detail/7783267,708
official:3e2b8b39aea60a4c2dabdbaa5887fafb258a,official,2026-06-12T16:48:54+09:00,,known_issue,6월 11일 알려진 이슈 안내 (6월 29일 공지 수정),https://www.nikke-kr.com/newsdetail.html?content_id=3e2b8b39aea60a4c2dabdbaa5887fafb258a,913
official:1c639d71aaf97a44c8a937bab68c16f0e7df,official,2026-06-16T14:59:21+09:00,,devnote,【개발자 노트】 2026년 6월,https://www.nikke-kr.com/newsdetail.html?content_id=1c639d71aaf97a44c8a937bab68c16f0e7df,7811
naver:7811560,naver,2026-06-17T13:31:06+09:00,2026-06-17T13:31:06+09:00,other,신데렐라 코스튬 투표 오픈 안내,https://game.naver.com/lounge/nikke/board/detail/7811560,515
naver:7815506,naver,2026-06-18T11:38:42+09:00,2026-06-18T11:54:43+09:00,other,🎸승리의 여신: 니케 밴드 라이브 콘서트 추가 정보 공개🎤,https://game.naver.com/lounge/nikke/board/detail/7815506,911
naver:7815772,naver,2026-06-18T12:31:44+09:00,2026-06-18T12:31:44+09:00,other,<승리의 여신: 니케> 여름 특별 방송 사전 안내,https://game.naver.com/lounge/nikke/board/detail/7815772,274
naver:7833931,naver,2026-06-23T00:47:33+09:00,2026-06-23T00:47:33+09:00,soloraid,솔로 레이드 중단 및 분배 대미지 관련 이슈 안내,https://game.naver.com/lounge/nikke/board/detail/7833931,968
naver:7837735,naver,2026-06-23T20:51:38+09:00,2026-06-23T20:51:38+09:00,soloraid,솔로 레이드 후속 처리 방안에 대한 추가 안내,https://game.naver.com/lounge/nikke/board/detail/7837735,1741
naver:7839550,naver,2026-06-24T11:00:23+09:00,2026-06-24T11:43:23+09:00,other,🏖️ <승리의 여신 : 니케> 여름 특별 방송 MC는 누구일까요? 🍧,https://game.naver.com/lounge/nikke/board/detail/7839550,387
naver:7848725,naver,2026-06-26T10:00:34+09:00,2026-06-26T10:07:02+09:00,other,<승리의 여신: 니케> 에리어 방어전 온라인 판매 안내,https://game.naver.com/lounge/nikke/board/detail/7848725,580
naver:7848922,naver,2026-06-26T11:00:41+09:00,2026-06-26T11:00:41+09:00,other,🏖️ <승리의 여신: 니케> 여름 특별 방송 D-1 🍧,https://game.naver.com/lounge/nikke/board/detail/7848922,229
official:f4a415b1ac140a4744aba8da75ee41679991,official,2026-06-26T15:35:04+09:00,,other,최근 전투 관련 이슈에 대한 안내,https://www.nikke-kr.com/newsdetail.html?content_id=f4a415b1ac140a4744aba8da75ee41679991,5222
naver:7850133,naver,2026-06-26T17:00:34+09:00,2026-06-26T17:02:08+09:00,other,🏖️ <승리의 여신: 니케> 여름 특별 방송 여름 MC 공개!🍧,https://game.naver.com/lounge/nikke/board/detail/7850133,259
naver:7852789,naver,2026-06-27T12:00:48+09:00,2026-06-27T12:00:48+09:00,other,🏖️ <승리의 여신: 니케> 여름 특별 방송 D-DAY! 🍧,https://game.naver.com/lounge/nikke/board/detail/7852789,353
naver:7853897,naver,2026-06-27T19:50:27+09:00,2026-06-29T10:17:22+09:00,other,📢 여름 특별 방송 기념 교환 코드 안내,https://game.naver.com/lounge/nikke/board/detail/7853897,244
naver:7854169,naver,2026-06-27T21:00:34+09:00,2026-06-27T21:00:34+09:00,other,🐧 2026 여름 팝업스토어 오픈 예정 🌴,https://game.naver.com/lounge/nikke/board/detail/7854169,380
naver:7855457,naver,2026-06-28T11:00:35+09:00,2026-06-28T11:00:35+09:00,other,🎼 <승리의 여신: 니케> 오케스트라 콘서트 온라인 기간 한정 공개 🎺,https://game.naver.com/lounge/nikke/board/detail/7855457,284
official:29f47298ad9d3a4a91a8438ac563bc29b89c,official,2026-06-29T19:15:13+09:00,,update,7월 2일 업데이트 공지,https://www.nikke-kr.com/newsdetail.html?content_id=29f47298ad9d3a4a91a8438ac563bc29b89c,10458
official:3d9f5615af6c6a432eabbada53f91ba76bb2,official,2026-06-30T23:04:07+09:00,,other,분배 대미지 관련 수정 사전 안내,https://www.nikke-kr.com/newsdetail.html?content_id=3d9f5615af6c6a432eabbada53f91ba76bb2,1623
naver:7866081,naver,2026-06-30T23:05:11+09:00,2026-06-30T23:05:11+09:00,other,분배 대미지 관련 수정 사전 안내,https://game.naver.com/lounge/nikke/board/detail/7866081,1820
naver:7869688,naver,2026-07-01T19:55:18+09:00,2026-07-01T19:55:18+09:00,other,<승리의 여신: 니케> 오케스트라 콘서트 온라인 공개!,https://game.naver.com/lounge/nikke/board/detail/7869688,429
official:28a3cb4aab2d1a44dbab104a1431ed4df25e,official,2026-07-02T18:06:41+09:00,,patch_fix,7월 2일 업데이트 개선사항(7월 2일 공지 수정),https://www.nikke-kr.com/newsdetail.html?content_id=28a3cb4aab2d1a44dbab104a1431ed4df25e,2696
official:809ebaceab1a9a48e3aae5da1dc3e4e96ac5,official,2026-07-02T20:24:42+09:00,,known_issue,7월 2일 알려진 이슈 안내 (7월 9일 공지 수정),https://www.nikke-kr.com/newsdetail.html?content_id=809ebaceab1a9a48e3aae5da1dc3e4e96ac5,1060
naver:7875900,naver,2026-07-03T00:00:35+09:00,2026-07-03T00:11:51+09:00,other,아크 히어로 프레임 보상 지급 안내,https://game.naver.com/lounge/nikke/board/detail/7875900,409
naver:7879335,naver,2026-07-03T19:02:27+09:00,2026-07-03T19:02:27+09:00,other,🎉 애플 앱스토어 매출 1위 기념 보상 안내 🎉,https://game.naver.com/lounge/nikke/board/detail/7879335,216
naver:7899059,naver,2026-07-08T13:31:17+09:00,2026-07-08T14:17:31+09:00,other,<승리의 여신: 니케> 2026 여름 팝업스토어 사전 안내,https://game.naver.com/lounge/nikke/board/detail/7899059,3593
naver:7910332,naver,2026-07-10T11:30:30+09:00,2026-07-10T14:45:48+09:00,other,<승리의 여신: 니케> 2026 여름 팝업스토어 현장 안내,https://game.naver.com/lounge/nikke/board/detail/7910332,5040
naver:7939858,naver,2026-07-16T17:00:41+09:00,2026-07-16T17:05:22+09:00,other,<승리의 여신: 니케> 2026 여름 팝업스토어 D-DAY 1,https://game.naver.com/lounge/nikke/board/detail/7939858,375
naver:7941149,naver,2026-07-16T20:35:00+09:00,2026-07-16T20:35:00+09:00,other,<승리의 여신: 니케> 2026 여름 팝업스토어 입장 퀴즈 안내,https://game.naver.com/lounge/nikke/board/detail/7941149,402
official:b263470ea4c71a4dddab742ada3f9e7e615d,official,2026-07-20T17:03:12+09:00,,update,7월 23일 업데이트 공지,https://www.nikke-kr.com/newsdetail.html?content_id=b263470ea4c71a4dddab742ada3f9e7e615d,7677
official:54d83ba0ad74ba4a98a9a14a14df3d31f650,official,2026-07-20T17:03:23+09:00,,other,센티 애장품 스킬 조정 사전 안내,https://www.nikke-kr.com/newsdetail.html?content_id=54d83ba0ad74ba4a98a9a14a14df3d31f650,1397
naver:7959813,naver,2026-07-20T17:04:18+09:00,2026-07-20T17:04:18+09:00,other,센티 애장품 스킬 조정 사전 안내,https://game.naver.com/lounge/nikke/board/detail/7959813,1610
naver:7964193,naver,2026-07-21T17:00:32+09:00,2026-07-21T17:00:32+09:00,other,신규 기능 사전 안내,https://game.naver.com/lounge/nikke/board/detail/7964193,355
official:cc532acbaf5e3a40b0aba38a20e3bb30ca0d,official,2026-07-23T17:57:15+09:00,,patch_fix,7월 23일 업데이트 개선사항,https://www.nikke-kr.com/newsdetail.html?content_id=cc532acbaf5e3a40b0aba38a20e3bb30ca0d,3137
official:6a7e5a59afc62a4395a9a4aab4b7ea67e13c,official,2026-07-23T18:00:09+09:00,,known_issue,7월 23일 알려진 이슈 안내(7/27 내용 수정),https://www.nikke-kr.com/newsdetail.html?content_id=6a7e5a59afc62a4395a9a4aab4b7ea67e13c,642
naver:7974897,naver,2026-07-24T15:00:34+09:00,2026-07-24T15:00:34+09:00,event,Google Play 게임즈 PC 버전 이벤트 안내,https://game.naver.com/lounge/nikke/board/detail/7974897,513
official:8da875aaa35f6a4711a8d15a4900fd0f88eb,official,2026-08-10T17:01:01+09:00,,update,8월 13일 업데이트 공지(8월 20일 공지 수정),https://www.nikke-kr.com/newsdetail.html?content_id=8da875aaa35f6a4711a8d15a4900fd0f88eb,10686
official:e5409f21ae3eaa4523abb04aba49ff6bade7,official,2026-08-13T07:00:38+09:00,,patch_fix,8월 13일 업데이트 개선사항,https://www.nikke-kr.com/newsdetail.html?content_id=e5409f21ae3eaa4523abb04aba49ff6bade7,2197
official:942f8700aa96ba4d8faa551a75c1b9f248b6,official,2026-08-13T07:00:48+09:00,,known_issue,8월 13일 알려진 이슈 안내(8월 20일 공지 수정),https://www.nikke-kr.com/newsdetail.html?content_id=942f8700aa96ba4d8faa551a75c1b9f248b6,1582
naver:8081979,naver,2026-08-20T17:00:41+09:00,2026-08-20T17:00:41+09:00,other,3분기 크리에이터 프로그램 안내,https://game.naver.com/lounge/nikke/board/detail/8081979,585
naver:8089996,naver,2026-08-22T14:03:14+09:00,2026-08-22T20:09:56+09:00,soloraid,솔로 레이드 - 사치스러운 거미 관련 이슈 안내 (8/22 수정 완료),https://game.naver.com/lounge/nikke/board/detail/8089996,262
naver:8094241,naver,2026-08-23T18:23:18+09:00,2026-08-23T18:23:18+09:00,other,"퀸(니지마 마코토), 야마기 유키코 스킬 관련 안내",https://game.naver.com/lounge/nikke/board/detail/8094241,349
official:ddb37c92ae119a40ffa8533a66dc6329ba7b,official,2026-08-28T15:30:28+09:00,,devnote,【개발자 노트】 2026년 8월,https://www.nikke-kr.com/newsdetail.html?content_id=ddb37c92ae119a40ffa8533a66dc6329ba7b,9099
official:7bbad16da7596a49e7a9a78a598da9a37fcb,official,2026-08-31T17:00:38+09:00,,update,9월 3일 업데이트 공지,https://www.nikke-kr.com/newsdetail.html?content_id=7bbad16da7596a49e7a9a78a598da9a37fcb,4224
naver:8138246,naver,2026-09-02T20:49:03+09:00,2026-09-02T20:49:03+09:00,soloraid,솔로 레이드 - 사치스러운 거미 비정상 데이터 처리 및 대응 결과 안내,https://game.naver.com/lounge/nikke/board/detail/8138246,2468
official:5260f464afbe9a42a3a9c10a8692e2570aed,official,2026-09-02T20:49:20+09:00,,soloraid,솔로 레이드 - 사치스러운 거미 비정상 데이터 처리 및 대응 결과 안내,https://www.nikke-kr.com/newsdetail.html?content_id=5260f464afbe9a42a3a9c10a8692e2570aed,2027
official:df79cba2a7070a4607aaaada84bb353d66d4,official,2026-09-03T18:01:20+09:00,,patch_fix,9월 3일 업데이트 개선사항,https://www.nikke-kr.com/newsdetail.html?content_id=df79cba2a7070a4607aaaada84bb353d66d4,2697
official:268091cbaebdea4cd8aa0b5ab754c04b22e3,official,2026-09-03T18:03:09+09:00,,known_issue,9월 3일 알려진 이슈 안내,https://www.nikke-kr.com/newsdetail.html?content_id=268091cbaebdea4cd8aa0b5ab754c04b22e3,262
naver:8148751,naver,2026-09-04T17:55:17+09:00,2026-09-04T17:55:17+09:00,sanction,불법 프로그램 및 비정상 플레이 대응 안내,https://game.naver.com/lounge/nikke/board/detail/8148751,2948
official:b41c03eda2430a4fc9aaea6a3f393d454574,official,2026-09-09T20:28:39+09:00,,sanction,2026.9.3 ~ 2026.9.9 불법 프로그램 사용 제재 계정 안내 (9.11 공지 수정),https://www.nikke-kr.com/newsdetail.html?content_id=b41c03eda2430a4fc9aaea6a3f393d454574,1562
naver:8170183,naver,2026-09-09T20:30:30+09:00,2026-09-09T20:30:30+09:00,other,게임 규칙 위반 계정 조치 안내 (2026년 9월 9일(수) 업데이트),https://game.naver.com/lounge/nikke/board/detail/8170183,770
official:01babcfba1eb2a45b3a85aca75af41fcdb53,official,2026-09-09T22:02:37+09:00,,sanction,불법 프로그램 및 비정상 플레이 대응 안내,https://www.nikke-kr.com/newsdetail.html?content_id=01babcfba1eb2a45b3a85aca75af41fcdb53,2668
official:656cdf7eaf40ea45f3a8e32ae94bf25093a4,official,2026-09-14T18:00:43+09:00,,update,9월 17일 업데이트 공지,https://www.nikke-kr.com/newsdetail.html?content_id=656cdf7eaf40ea45f3a8e32ae94bf25093a4,14945
naver:8196678,naver,2026-09-16T15:11:24+09:00,2026-09-16T15:11:24+09:00,other,COIN RUSH SHOWDOWN 홍보 리소스 관련 안내,https://game.naver.com/lounge/nikke/board/detail/8196678,208
official:b56c7677aa015a435aab03daf3c1419f7e27,official,2026-09-16T23:25:06+09:00,,other,최근 운영 이슈에 대한 사과와 개선 안내,https://www.nikke-kr.com/newsdetail.html?content_id=b56c7677aa015a435aab03daf3c1419f7e27,3341
official:1a9116eba04bea499baae28aaeec12a2a49d,official,2026-09-16T23:25:34+09:00,,patch_fix,부정행위 대응 체계 및 개선 사항 안내,https://www.nikke-kr.com/newsdetail.html?content_id=1a9116eba04bea499baae28aaeec12a2a49d,10555
naver:8198678,naver,2026-09-16T23:28:18+09:00,2026-09-16T23:28:18+09:00,patch_fix,부정행위 대응 체계 및 개선 사항 안내,https://game.naver.com/lounge/nikke/board/detail/8198678,820
official:fd44952fa0936a4c53aa6a2adfd73d4b9604,official,2026-09-17T18:03:08+09:00,,patch_fix,9월 17일 업데이트 개선사항,https://www.nikke-kr.com/newsdetail.html?content_id=fd44952fa0936a4c53aa6a2adfd73d4b9604,2340
official:5daa15aba8b8da4738a8010a15eea25eb6fb,official,2026-09-17T18:04:04+09:00,,known_issue,9월 17일 알려진 이슈 안내(9월 30일 공지 수정),https://www.nikke-kr.com/newsdetail.html?content_id=5daa15aba8b8da4738a8010a15eea25eb6fb,703
naver:8202492,naver,2026-09-17T19:24:45+09:00,2026-09-17T19:25:01+09:00,other,스페셜 아레나 관련 안내,https://game.naver.com/lounge/nikke/board/detail/8202492,161
naver:8202933,naver,2026-09-17T20:22:09+09:00,2026-09-17T20:22:09+09:00,other,스페셜 아레나 오픈 안내,https://game.naver.com/lounge/nikke/board/detail/8202933,213
official:b6727fd3afa3aa4a8daab4ba3ed13df374e0,official,2026-09-23T23:18:32+09:00,,sanction,부정행위 제재 명단 안내 2026.9.23,https://www.nikke-kr.com/newsdetail.html?content_id=b6727fd3afa3aa4a8daab4ba3ed13df374e0,4868
naver:8230591,naver,2026-09-23T23:20:56+09:00,2026-09-23T23:23:54+09:00,sanction,부정행위 제재 명단 안내 - 2026년 9월 23일(수),https://game.naver.com/lounge/nikke/board/detail/8230591,653
naver:8261676,naver,2026-09-29T22:17:11+09:00,2026-10-07T17:41:02+09:00,other,X(트위터) 로그인 관련 안내(10/7 내용 추가),https://game.naver.com/lounge/nikke/board/detail/8261676,400
official:e27ba339a116ba457fa8196ad3490c9bbd53,official,2026-10-04T00:00:00+09:00,,sanction,부정행위 제재 명단 안내 2026.10.4,https://www.nikke-kr.com/newsdetail.html?content_id=e27ba339a116ba457fa8196ad3490c9bbd53,9348
naver:8282889,naver,2026-10-04T00:32:11+09:00,2026-10-04T00:32:11+09:00,sanction,부정행위 제재 명단 안내 - 2026년 10월 4일(일),https://game.naver.com/lounge/nikke/board/detail/8282889,919
naver:8288452,naver,2026-10-05T11:01:13+09:00,2026-10-05T11:01:13+09:00,other,4주년 기념 방송 사전 안내,https://game.naver.com/lounge/nikke/board/detail/8288452,280
official:b67197d4ae491a4b47aa60ea65677b6cd8eb,official,2026-10-05T17:00:00+09:00,,update,10월 8일 업데이트 공지(10/8 공지 수정),https://www.nikke-kr.com/newsdetail.html?content_id=b67197d4ae491a4b47aa60ea65677b6cd8eb,6561
naver:8290149,naver,2026-10-05T18:00:41+09:00,2026-10-05T18:00:41+09:00,other,보상 지급 안내 - Cinderella Special,https://game.naver.com/lounge/nikke/board/detail/8290149,760
naver:8302987,naver,2026-10-08T19:15:11+09:00,2026-10-08T19:15:11+09:00,other,NIKKE 4주년 정보 사이트 오픈,https://game.naver.com/lounge/nikke/board/detail/8302987,261
